#LEMMI16s_dm:v1.0|SILVA:release_138.1
toolname	rank	sample	precision	recall	threshold
kraken2_mono_cluster	family	HOMD_v4_GTDB-c001	0	0.6440677966101694	0
kraken2_mono_cluster	family	HOMD_v4_GTDB-c001	0.2375	0.6440677966101694	0
kraken2_mono_cluster	family	HOMD_v4_GTDB-c001	0.24203821656050956	0.6440677966101694	3
kraken2_mono_cluster	family	HOMD_v4_GTDB-c001	0.24342105263157895	0.6271186440677966	6
kraken2_mono_cluster	family	HOMD_v4_GTDB-c001	0.2534246575342466	0.6271186440677966	9
kraken2_mono_cluster	family	HOMD_v4_GTDB-c001	0.2642857142857143	0.6271186440677966	12
kraken2_mono_cluster	family	HOMD_v4_GTDB-c001	0.2748091603053435	0.6101694915254238	15
kraken2_mono_cluster	family	HOMD_v4_GTDB-c001	0.28125	0.6101694915254238	18
kraken2_mono_cluster	family	HOMD_v4_GTDB-c001	0.288	0.6101694915254238	21
kraken2_mono_cluster	family	HOMD_v4_GTDB-c001	0.2975206611570248	0.6101694915254238	24
kraken2_mono_cluster	family	HOMD_v4_GTDB-c001	0.3076923076923077	0.6101694915254238	27
kraken2_mono_cluster	family	HOMD_v4_GTDB-c001	0.3157894736842105	0.6101694915254238	30
kraken2_mono_cluster	family	HOMD_v4_GTDB-c001	0.32432432432432434	0.6101694915254238	33
kraken2_mono_cluster	family	HOMD_v4_GTDB-c001	0.32407407407407407	0.5932203389830508	36
kraken2_mono_cluster	family	HOMD_v4_GTDB-c001	0.32710280373831774	0.5932203389830508	39
kraken2_mono_cluster	family	HOMD_v4_GTDB-c001	0.33980582524271846	0.5932203389830508	42
kraken2_mono_cluster	family	HOMD_v4_GTDB-c001	0.35	0.5932203389830508	45
kraken2_mono_cluster	family	HOMD_v4_GTDB-c001	0.36082474226804123	0.5932203389830508	48
kraken2_mono_cluster	family	HOMD_v4_GTDB-c001	0.3645833333333333	0.5932203389830508	51
kraken2_mono_cluster	family	HOMD_v4_GTDB-c001	0.3617021276595745	0.576271186440678	54
kraken2_mono_cluster	family	HOMD_v4_GTDB-c001	0.3655913978494624	0.576271186440678	57
kraken2_mono_cluster	family	HOMD_v4_GTDB-c001	0.358695652173913	0.559322033898305	60
kraken2_mono_cluster	family	HOMD_v4_GTDB-c001	0.375	0.559322033898305	63
kraken2_mono_cluster	family	HOMD_v4_GTDB-c001	0.38823529411764707	0.559322033898305	66
kraken2_mono_cluster	family	HOMD_v4_GTDB-c001	0.39759036144578314	0.559322033898305	69
kraken2_mono_cluster	family	HOMD_v4_GTDB-c001	0.4125	0.559322033898305	72
kraken2_mono_cluster	family	HOMD_v4_GTDB-c001	0.4177215189873418	0.559322033898305	75
kraken2_mono_cluster	family	HOMD_v4_GTDB-c001	0.4230769230769231	0.559322033898305	78
kraken2_mono_cluster	family	HOMD_v4_GTDB-c001	0.4342105263157895	0.559322033898305	81
kraken2_mono_cluster	family	HOMD_v4_GTDB-c001	0.4266666666666667	0.5423728813559322	87
kraken2_mono_cluster	family	HOMD_v4_GTDB-c001	0.43243243243243246	0.5423728813559322	93
kraken2_mono_cluster	family	HOMD_v4_GTDB-c001	0.4507042253521127	0.5423728813559322	96
kraken2_mono_cluster	family	HOMD_v4_GTDB-c001	0.45714285714285713	0.5423728813559322	102
kraken2_mono_cluster	family	HOMD_v4_GTDB-c001	0.4492753623188406	0.5254237288135594	117
kraken2_mono_cluster	family	HOMD_v4_GTDB-c001	0.45588235294117646	0.5254237288135594	120
kraken2_mono_cluster	family	HOMD_v4_GTDB-c001	0.46875	0.5084745762711864	123
kraken2_mono_cluster	family	HOMD_v4_GTDB-c001	0.47619047619047616	0.5084745762711864	126
kraken2_mono_cluster	family	HOMD_v4_GTDB-c001	0.46774193548387094	0.4915254237288136	138
kraken2_mono_cluster	family	HOMD_v4_GTDB-c001	0.47540983606557374	0.4915254237288136	144
kraken2_mono_cluster	family	HOMD_v4_GTDB-c001	0.48333333333333334	0.4915254237288136	147
kraken2_mono_cluster	family	HOMD_v4_GTDB-c001	0.4915254237288136	0.4915254237288136	156
kraken2_mono_cluster	family	HOMD_v4_GTDB-c001	0.5087719298245614	0.4915254237288136	165
kraken2_mono_cluster	family	HOMD_v4_GTDB-c001	0.5272727272727272	0.4915254237288136	189
kraken2_mono_cluster	family	HOMD_v4_GTDB-c001	0.5471698113207547	0.4915254237288136	207
kraken2_mono_cluster	family	HOMD_v4_GTDB-c001	0.5576923076923077	0.4915254237288136	225
kraken2_mono_cluster	family	HOMD_v4_GTDB-c001	0.5686274509803921	0.4915254237288136	234
kraken2_mono_cluster	family	HOMD_v4_GTDB-c001	0.58	0.4915254237288136	252
kraken2_mono_cluster	family	HOMD_v4_GTDB-c001	0.5918367346938775	0.4915254237288136	261
kraken2_mono_cluster	family	HOMD_v4_GTDB-c001	0.6041666666666666	0.4915254237288136	267
kraken2_mono_cluster	family	HOMD_v4_GTDB-c001	0.6086956521739131	0.4745762711864407	282
kraken2_mono_cluster	family	HOMD_v4_GTDB-c001	0.6	0.4576271186440678	294
kraken2_mono_cluster	family	HOMD_v4_GTDB-c001	0.6136363636363636	0.4576271186440678	330
kraken2_mono_cluster	family	HOMD_v4_GTDB-c001	0.6046511627906976	0.4406779661016949	345
kraken2_mono_cluster	family	HOMD_v4_GTDB-c001	0.5952380952380952	0.423728813559322	363
kraken2_mono_cluster	family	HOMD_v4_GTDB-c001	0.5853658536585366	0.4067796610169492	375
kraken2_mono_cluster	family	HOMD_v4_GTDB-c001	0.575	0.3898305084745763	432
kraken2_mono_cluster	family	HOMD_v4_GTDB-c001	0.5897435897435898	0.3898305084745763	453
kraken2_mono_cluster	family	HOMD_v4_GTDB-c001	0.6052631578947368	0.3898305084745763	459
kraken2_mono_cluster	family	HOMD_v4_GTDB-c001	0.6216216216216216	0.3898305084745763	462
kraken2_mono_cluster	family	HOMD_v4_GTDB-c001	0.6	0.3559322033898305	567
kraken2_mono_cluster	family	HOMD_v4_GTDB-c001	0.5882352941176471	0.3389830508474576	603
kraken2_mono_cluster	family	HOMD_v4_GTDB-c001	0.6060606060606061	0.3389830508474576	651
kraken2_mono_cluster	family	HOMD_v4_GTDB-c001	0.625	0.3389830508474576	669
kraken2_mono_cluster	family	HOMD_v4_GTDB-c001	0.6451612903225806	0.3389830508474576	672
kraken2_mono_cluster	family	HOMD_v4_GTDB-c001	0.6333333333333333	0.3220338983050847	675
kraken2_mono_cluster	family	HOMD_v4_GTDB-c001	0.6551724137931034	0.3220338983050847	678
kraken2_mono_cluster	family	HOMD_v4_GTDB-c001	0.6785714285714286	0.3220338983050847	702
kraken2_mono_cluster	family	HOMD_v4_GTDB-c001	0.7037037037037037	0.3220338983050847	762
kraken2_mono_cluster	family	HOMD_v4_GTDB-c001	0.6923076923076923	0.3050847457627119	768
kraken2_mono_cluster	family	HOMD_v4_GTDB-c001	0.72	0.3050847457627119	852
kraken2_mono_cluster	family	HOMD_v4_GTDB-c001	0.7391304347826086	0.288135593220339	888
kraken2_mono_cluster	family	HOMD_v4_GTDB-c001	0.7727272727272727	0.288135593220339	897
kraken2_mono_cluster	family	HOMD_v4_GTDB-c001	0.8095238095238095	0.288135593220339	960
kraken2_mono_cluster	family	HOMD_v4_GTDB-c001	0.8	0.2711864406779661	1002
kraken2_mono_cluster	family	HOMD_v4_GTDB-c001	0.8235294117647058	0.23728813559322035	1041
kraken2_mono_cluster	family	HOMD_v4_GTDB-c001	0.8125	0.22033898305084745	1083
kraken2_mono_cluster	family	HOMD_v4_GTDB-c001	0.8	0.2033898305084746	1092
kraken2_mono_cluster	family	HOMD_v4_GTDB-c001	0.8571428571428571	0.2033898305084746	1098
kraken2_mono_cluster	family	HOMD_v4_GTDB-c001	0.9230769230769231	0.2033898305084746	1125
kraken2_mono_cluster	family	HOMD_v4_GTDB-c001	0.9166666666666666	0.1864406779661017	1128
kraken2_mono_cluster	family	HOMD_v4_GTDB-c001	0.9090909090909091	0.1694915254237288	1233
kraken2_mono_cluster	family	HOMD_v4_GTDB-c001	0.9	0.15254237288135594	1320
kraken2_mono_cluster	family	HOMD_v4_GTDB-c001	0.8888888888888888	0.13559322033898305	1341
kraken2_mono_cluster	family	HOMD_v4_GTDB-c001	0.875	0.11864406779661017	1359
kraken2_mono_cluster	family	HOMD_v4_GTDB-c001	0.8571428571428571	0.1016949152542373	1554
kraken2_mono_cluster	family	HOMD_v4_GTDB-c001	0.8333333333333334	0.0847457627118644	2529
kraken2_mono_cluster	family	HOMD_v4_GTDB-c001	0.8	0.06779661016949153	2583
kraken2_mono_cluster	family	HOMD_v4_GTDB-c001	0.75	0.05084745762711865	3516
kraken2_mono_cluster	family	HOMD_v4_GTDB-c001	1.0	0.05084745762711865	3534
kraken2_mono_cluster	family	HOMD_v4_GTDB-c001	1	0	3534
kraken2_mono_cluster	family	HOMD_v4_GTDB-c002	0	0.6379310344827587	0
kraken2_mono_cluster	family	HOMD_v4_GTDB-c002	0.20786516853932585	0.6379310344827587	0
kraken2_mono_cluster	family	HOMD_v4_GTDB-c002	0.2138728323699422	0.6379310344827587	3
kraken2_mono_cluster	family	HOMD_v4_GTDB-c002	0.22699386503067484	0.6379310344827587	6
kraken2_mono_cluster	family	HOMD_v4_GTDB-c002	0.23870967741935484	0.6379310344827587	9
kraken2_mono_cluster	family	HOMD_v4_GTDB-c002	0.2642857142857143	0.6379310344827587	12
kraken2_mono_cluster	family	HOMD_v4_GTDB-c002	0.2824427480916031	0.6379310344827587	15
kraken2_mono_cluster	family	HOMD_v4_GTDB-c002	0.2903225806451613	0.6206896551724138	18
kraken2_mono_cluster	family	HOMD_v4_GTDB-c002	0.3025210084033613	0.6206896551724138	21
kraken2_mono_cluster	family	HOMD_v4_GTDB-c002	0.3130434782608696	0.6206896551724138	27
kraken2_mono_cluster	family	HOMD_v4_GTDB-c002	0.32432432432432434	0.6206896551724138	30
kraken2_mono_cluster	family	HOMD_v4_GTDB-c002	0.3333333333333333	0.6206896551724138	33
kraken2_mono_cluster	family	HOMD_v4_GTDB-c002	0.33653846153846156	0.603448275862069	36
kraken2_mono_cluster	family	HOMD_v4_GTDB-c002	0.33980582524271846	0.603448275862069	39
kraken2_mono_cluster	family	HOMD_v4_GTDB-c002	0.3434343434343434	0.5862068965517241	42
kraken2_mono_cluster	family	HOMD_v4_GTDB-c002	0.35051546391752575	0.5862068965517241	48
kraken2_mono_cluster	family	HOMD_v4_GTDB-c002	0.35789473684210527	0.5862068965517241	51
kraken2_mono_cluster	family	HOMD_v4_GTDB-c002	0.36666666666666664	0.5689655172413793	54
kraken2_mono_cluster	family	HOMD_v4_GTDB-c002	0.375	0.5689655172413793	60
kraken2_mono_cluster	family	HOMD_v4_GTDB-c002	0.3793103448275862	0.5689655172413793	63
kraken2_mono_cluster	family	HOMD_v4_GTDB-c002	0.3855421686746988	0.5517241379310345	66
kraken2_mono_cluster	family	HOMD_v4_GTDB-c002	0.4	0.5517241379310345	69
kraken2_mono_cluster	family	HOMD_v4_GTDB-c002	0.41025641025641024	0.5517241379310345	72
kraken2_mono_cluster	family	HOMD_v4_GTDB-c002	0.40789473684210525	0.5344827586206896	75
kraken2_mono_cluster	family	HOMD_v4_GTDB-c002	0.41333333333333333	0.5344827586206896	81
kraken2_mono_cluster	family	HOMD_v4_GTDB-c002	0.4246575342465753	0.5344827586206896	84
kraken2_mono_cluster	family	HOMD_v4_GTDB-c002	0.4166666666666667	0.5172413793103449	87
kraken2_mono_cluster	family	HOMD_v4_GTDB-c002	0.4084507042253521	0.5	93
kraken2_mono_cluster	family	HOMD_v4_GTDB-c002	0.4142857142857143	0.5	96
kraken2_mono_cluster	family	HOMD_v4_GTDB-c002	0.4264705882352941	0.5	99
kraken2_mono_cluster	family	HOMD_v4_GTDB-c002	0.43283582089552236	0.5	102
kraken2_mono_cluster	family	HOMD_v4_GTDB-c002	0.4393939393939394	0.5	108
kraken2_mono_cluster	family	HOMD_v4_GTDB-c002	0.4461538461538462	0.5	117
kraken2_mono_cluster	family	HOMD_v4_GTDB-c002	0.453125	0.5	123
kraken2_mono_cluster	family	HOMD_v4_GTDB-c002	0.4603174603174603	0.5	126
kraken2_mono_cluster	family	HOMD_v4_GTDB-c002	0.46774193548387094	0.5	132
kraken2_mono_cluster	family	HOMD_v4_GTDB-c002	0.47540983606557374	0.5	144
kraken2_mono_cluster	family	HOMD_v4_GTDB-c002	0.4915254237288136	0.5	147
kraken2_mono_cluster	family	HOMD_v4_GTDB-c002	0.5	0.5	150
kraken2_mono_cluster	family	HOMD_v4_GTDB-c002	0.49122807017543857	0.4827586206896552	159
kraken2_mono_cluster	family	HOMD_v4_GTDB-c002	0.48214285714285715	0.46551724137931033	165
kraken2_mono_cluster	family	HOMD_v4_GTDB-c002	0.4727272727272727	0.4482758620689655	171
kraken2_mono_cluster	family	HOMD_v4_GTDB-c002	0.48148148148148145	0.4482758620689655	195
kraken2_mono_cluster	family	HOMD_v4_GTDB-c002	0.49056603773584906	0.4482758620689655	198
kraken2_mono_cluster	family	HOMD_v4_GTDB-c002	0.5	0.4482758620689655	204
kraken2_mono_cluster	family	HOMD_v4_GTDB-c002	0.5098039215686274	0.4482758620689655	237
kraken2_mono_cluster	family	HOMD_v4_GTDB-c002	0.52	0.4482758620689655	252
kraken2_mono_cluster	family	HOMD_v4_GTDB-c002	0.5306122448979592	0.4482758620689655	276
kraken2_mono_cluster	family	HOMD_v4_GTDB-c002	0.5416666666666666	0.4482758620689655	279
kraken2_mono_cluster	family	HOMD_v4_GTDB-c002	0.5531914893617021	0.4482758620689655	294
kraken2_mono_cluster	family	HOMD_v4_GTDB-c002	0.5434782608695652	0.43103448275862066	297
kraken2_mono_cluster	family	HOMD_v4_GTDB-c002	0.5555555555555556	0.43103448275862066	300
kraken2_mono_cluster	family	HOMD_v4_GTDB-c002	0.5681818181818182	0.43103448275862066	303
kraken2_mono_cluster	family	HOMD_v4_GTDB-c002	0.5813953488372093	0.43103448275862066	309
kraken2_mono_cluster	family	HOMD_v4_GTDB-c002	0.5952380952380952	0.43103448275862066	330
kraken2_mono_cluster	family	HOMD_v4_GTDB-c002	0.6	0.41379310344827586	339
kraken2_mono_cluster	family	HOMD_v4_GTDB-c002	0.6153846153846154	0.41379310344827586	357
kraken2_mono_cluster	family	HOMD_v4_GTDB-c002	0.631578947368421	0.41379310344827586	363
kraken2_mono_cluster	family	HOMD_v4_GTDB-c002	0.6216216216216216	0.39655172413793105	369
kraken2_mono_cluster	family	HOMD_v4_GTDB-c002	0.6388888888888888	0.39655172413793105	375
kraken2_mono_cluster	family	HOMD_v4_GTDB-c002	0.6571428571428571	0.39655172413793105	405
kraken2_mono_cluster	family	HOMD_v4_GTDB-c002	0.6470588235294118	0.3793103448275862	408
kraken2_mono_cluster	family	HOMD_v4_GTDB-c002	0.6666666666666666	0.3793103448275862	411
kraken2_mono_cluster	family	HOMD_v4_GTDB-c002	0.6875	0.3793103448275862	444
kraken2_mono_cluster	family	HOMD_v4_GTDB-c002	0.7096774193548387	0.3793103448275862	642
kraken2_mono_cluster	family	HOMD_v4_GTDB-c002	0.7	0.3620689655172414	663
kraken2_mono_cluster	family	HOMD_v4_GTDB-c002	0.6896551724137931	0.3448275862068966	675
kraken2_mono_cluster	family	HOMD_v4_GTDB-c002	0.6785714285714286	0.3275862068965517	678
kraken2_mono_cluster	family	HOMD_v4_GTDB-c002	0.7037037037037037	0.3275862068965517	708
kraken2_mono_cluster	family	HOMD_v4_GTDB-c002	0.7307692307692307	0.3275862068965517	870
kraken2_mono_cluster	family	HOMD_v4_GTDB-c002	0.76	0.3275862068965517	873
kraken2_mono_cluster	family	HOMD_v4_GTDB-c002	0.75	0.3103448275862069	876
kraken2_mono_cluster	family	HOMD_v4_GTDB-c002	0.7391304347826086	0.29310344827586204	891
kraken2_mono_cluster	family	HOMD_v4_GTDB-c002	0.7727272727272727	0.29310344827586204	951
kraken2_mono_cluster	family	HOMD_v4_GTDB-c002	0.7619047619047619	0.27586206896551724	1044
kraken2_mono_cluster	family	HOMD_v4_GTDB-c002	0.75	0.25862068965517243	1089
kraken2_mono_cluster	family	HOMD_v4_GTDB-c002	0.7894736842105263	0.25862068965517243	1116
kraken2_mono_cluster	family	HOMD_v4_GTDB-c002	0.8333333333333334	0.25862068965517243	1143
kraken2_mono_cluster	family	HOMD_v4_GTDB-c002	0.8235294117647058	0.2413793103448276	1212
kraken2_mono_cluster	family	HOMD_v4_GTDB-c002	0.8125	0.22413793103448276	1419
kraken2_mono_cluster	family	HOMD_v4_GTDB-c002	0.8	0.20689655172413793	1770
kraken2_mono_cluster	family	HOMD_v4_GTDB-c002	0.7857142857142857	0.1896551724137931	1803
kraken2_mono_cluster	family	HOMD_v4_GTDB-c002	0.8461538461538461	0.1896551724137931	1950
kraken2_mono_cluster	family	HOMD_v4_GTDB-c002	0.8333333333333334	0.1724137931034483	2070
kraken2_mono_cluster	family	HOMD_v4_GTDB-c002	0.8181818181818182	0.15517241379310345	2118
kraken2_mono_cluster	family	HOMD_v4_GTDB-c002	0.8	0.13793103448275862	2292
kraken2_mono_cluster	family	HOMD_v4_GTDB-c002	0.7777777777777778	0.1206896551724138	2589
kraken2_mono_cluster	family	HOMD_v4_GTDB-c002	0.75	0.10344827586206896	2826
kraken2_mono_cluster	family	HOMD_v4_GTDB-c002	0.7142857142857143	0.08620689655172414	3516
kraken2_mono_cluster	family	HOMD_v4_GTDB-c002	0.6666666666666666	0.06896551724137931	3651
kraken2_mono_cluster	family	HOMD_v4_GTDB-c002	0.8	0.06896551724137931	4425
kraken2_mono_cluster	family	HOMD_v4_GTDB-c002	0.75	0.05172413793103448	5145
kraken2_mono_cluster	family	HOMD_v4_GTDB-c002	1.0	0.05172413793103448	6528
kraken2_mono_cluster	family	HOMD_v4_GTDB-c002	1	0	6528
kraken2_mono_cluster	family	HOMD_v4_GTDB-c003	0	0.6229508196721312	0
kraken2_mono_cluster	family	HOMD_v4_GTDB-c003	0.2375	0.6229508196721312	0
kraken2_mono_cluster	family	HOMD_v4_GTDB-c003	0.24358974358974358	0.6229508196721312	3
kraken2_mono_cluster	family	HOMD_v4_GTDB-c003	0.2753623188405797	0.6229508196721312	6
kraken2_mono_cluster	family	HOMD_v4_GTDB-c003	0.2868217054263566	0.6065573770491803	9
kraken2_mono_cluster	family	HOMD_v4_GTDB-c003	0.31092436974789917	0.6065573770491803	12
kraken2_mono_cluster	family	HOMD_v4_GTDB-c003	0.3217391304347826	0.6065573770491803	15
kraken2_mono_cluster	family	HOMD_v4_GTDB-c003	0.33636363636363636	0.6065573770491803	18
kraken2_mono_cluster	family	HOMD_v4_GTDB-c003	0.3490566037735849	0.6065573770491803	21
kraken2_mono_cluster	family	HOMD_v4_GTDB-c003	0.3592233009708738	0.6065573770491803	24
kraken2_mono_cluster	family	HOMD_v4_GTDB-c003	0.3645833333333333	0.5737704918032787	27
kraken2_mono_cluster	family	HOMD_v4_GTDB-c003	0.3655913978494624	0.5573770491803278	30
kraken2_mono_cluster	family	HOMD_v4_GTDB-c003	0.37777777777777777	0.5573770491803278	33
kraken2_mono_cluster	family	HOMD_v4_GTDB-c003	0.3953488372093023	0.5573770491803278	36
kraken2_mono_cluster	family	HOMD_v4_GTDB-c003	0.40476190476190477	0.5573770491803278	39
kraken2_mono_cluster	family	HOMD_v4_GTDB-c003	0.40963855421686746	0.5573770491803278	42
kraken2_mono_cluster	family	HOMD_v4_GTDB-c003	0.4074074074074074	0.5409836065573771	45
kraken2_mono_cluster	family	HOMD_v4_GTDB-c003	0.4177215189873418	0.5409836065573771	48
kraken2_mono_cluster	family	HOMD_v4_GTDB-c003	0.4230769230769231	0.5409836065573771	51
kraken2_mono_cluster	family	HOMD_v4_GTDB-c003	0.4342105263157895	0.5409836065573771	54
kraken2_mono_cluster	family	HOMD_v4_GTDB-c003	0.44594594594594594	0.5409836065573771	57
kraken2_mono_cluster	family	HOMD_v4_GTDB-c003	0.4507042253521127	0.5245901639344263	60
kraken2_mono_cluster	family	HOMD_v4_GTDB-c003	0.463768115942029	0.5245901639344263	63
kraken2_mono_cluster	family	HOMD_v4_GTDB-c003	0.4626865671641791	0.5081967213114754	66
kraken2_mono_cluster	family	HOMD_v4_GTDB-c003	0.4696969696969697	0.5081967213114754	69
kraken2_mono_cluster	family	HOMD_v4_GTDB-c003	0.47692307692307695	0.5081967213114754	72
kraken2_mono_cluster	family	HOMD_v4_GTDB-c003	0.484375	0.5081967213114754	81
kraken2_mono_cluster	family	HOMD_v4_GTDB-c003	0.49206349206349204	0.5081967213114754	84
kraken2_mono_cluster	family	HOMD_v4_GTDB-c003	0.4838709677419355	0.4918032786885246	102
kraken2_mono_cluster	family	HOMD_v4_GTDB-c003	0.47540983606557374	0.47540983606557374	105
kraken2_mono_cluster	family	HOMD_v4_GTDB-c003	0.4915254237288136	0.47540983606557374	108
kraken2_mono_cluster	family	HOMD_v4_GTDB-c003	0.4827586206896552	0.45901639344262296	111
kraken2_mono_cluster	family	HOMD_v4_GTDB-c003	0.48214285714285715	0.4426229508196721	120
kraken2_mono_cluster	family	HOMD_v4_GTDB-c003	0.5192307692307693	0.4426229508196721	129
kraken2_mono_cluster	family	HOMD_v4_GTDB-c003	0.5294117647058824	0.4426229508196721	138
kraken2_mono_cluster	family	HOMD_v4_GTDB-c003	0.54	0.4426229508196721	144
kraken2_mono_cluster	family	HOMD_v4_GTDB-c003	0.5306122448979592	0.4262295081967213	150
kraken2_mono_cluster	family	HOMD_v4_GTDB-c003	0.5531914893617021	0.4262295081967213	156
kraken2_mono_cluster	family	HOMD_v4_GTDB-c003	0.5652173913043478	0.4262295081967213	159
kraken2_mono_cluster	family	HOMD_v4_GTDB-c003	0.5555555555555556	0.4098360655737705	162
kraken2_mono_cluster	family	HOMD_v4_GTDB-c003	0.5681818181818182	0.4098360655737705	171
kraken2_mono_cluster	family	HOMD_v4_GTDB-c003	0.5813953488372093	0.4098360655737705	189
kraken2_mono_cluster	family	HOMD_v4_GTDB-c003	0.5853658536585366	0.39344262295081966	192
kraken2_mono_cluster	family	HOMD_v4_GTDB-c003	0.6	0.39344262295081966	201
kraken2_mono_cluster	family	HOMD_v4_GTDB-c003	0.5897435897435898	0.3770491803278688	213
kraken2_mono_cluster	family	HOMD_v4_GTDB-c003	0.6052631578947368	0.3770491803278688	216
kraken2_mono_cluster	family	HOMD_v4_GTDB-c003	0.5945945945945946	0.36065573770491804	246
kraken2_mono_cluster	family	HOMD_v4_GTDB-c003	0.6111111111111112	0.36065573770491804	273
kraken2_mono_cluster	family	HOMD_v4_GTDB-c003	0.6	0.3442622950819672	279
kraken2_mono_cluster	family	HOMD_v4_GTDB-c003	0.5882352941176471	0.32786885245901637	282
kraken2_mono_cluster	family	HOMD_v4_GTDB-c003	0.6060606060606061	0.32786885245901637	288
kraken2_mono_cluster	family	HOMD_v4_GTDB-c003	0.59375	0.3114754098360656	300
kraken2_mono_cluster	family	HOMD_v4_GTDB-c003	0.6129032258064516	0.3114754098360656	330
kraken2_mono_cluster	family	HOMD_v4_GTDB-c003	0.6	0.29508196721311475	384
kraken2_mono_cluster	family	HOMD_v4_GTDB-c003	0.6206896551724138	0.29508196721311475	387
kraken2_mono_cluster	family	HOMD_v4_GTDB-c003	0.6071428571428571	0.2786885245901639	465
kraken2_mono_cluster	family	HOMD_v4_GTDB-c003	0.5925925925925926	0.26229508196721313	468
kraken2_mono_cluster	family	HOMD_v4_GTDB-c003	0.6153846153846154	0.26229508196721313	477
kraken2_mono_cluster	family	HOMD_v4_GTDB-c003	0.6	0.2459016393442623	483
kraken2_mono_cluster	family	HOMD_v4_GTDB-c003	0.625	0.2459016393442623	537
kraken2_mono_cluster	family	HOMD_v4_GTDB-c003	0.6086956521739131	0.22950819672131148	552
kraken2_mono_cluster	family	HOMD_v4_GTDB-c003	0.6363636363636364	0.22950819672131148	585
kraken2_mono_cluster	family	HOMD_v4_GTDB-c003	0.6190476190476191	0.21311475409836064	627
kraken2_mono_cluster	family	HOMD_v4_GTDB-c003	0.65	0.21311475409836064	678
kraken2_mono_cluster	family	HOMD_v4_GTDB-c003	0.631578947368421	0.19672131147540983	702
kraken2_mono_cluster	family	HOMD_v4_GTDB-c003	0.6111111111111112	0.18032786885245902	738
kraken2_mono_cluster	family	HOMD_v4_GTDB-c003	0.5882352941176471	0.16393442622950818	837
kraken2_mono_cluster	family	HOMD_v4_GTDB-c003	0.625	0.16393442622950818	978
kraken2_mono_cluster	family	HOMD_v4_GTDB-c003	0.6	0.14754098360655737	1056
kraken2_mono_cluster	family	HOMD_v4_GTDB-c003	0.6428571428571429	0.14754098360655737	1107
kraken2_mono_cluster	family	HOMD_v4_GTDB-c003	0.6153846153846154	0.13114754098360656	1356
kraken2_mono_cluster	family	HOMD_v4_GTDB-c003	0.6666666666666666	0.13114754098360656	1500
kraken2_mono_cluster	family	HOMD_v4_GTDB-c003	0.6363636363636364	0.11475409836065574	1953
kraken2_mono_cluster	family	HOMD_v4_GTDB-c003	0.6	0.09836065573770492	2442
kraken2_mono_cluster	family	HOMD_v4_GTDB-c003	0.5555555555555556	0.08196721311475409	2694
kraken2_mono_cluster	family	HOMD_v4_GTDB-c003	0.625	0.08196721311475409	2724
kraken2_mono_cluster	family	HOMD_v4_GTDB-c003	0.7142857142857143	0.08196721311475409	2823
kraken2_mono_cluster	family	HOMD_v4_GTDB-c003	0.6666666666666666	0.06557377049180328	3084
kraken2_mono_cluster	family	HOMD_v4_GTDB-c003	0.6	0.04918032786885246	4500
kraken2_mono_cluster	family	HOMD_v4_GTDB-c003	0.5	0.03278688524590164	5049
kraken2_mono_cluster	family	HOMD_v4_GTDB-c003	0.6666666666666666	0.03278688524590164	5118
kraken2_mono_cluster	family	HOMD_v4_GTDB-c003	0.5	0.01639344262295082	8553
kraken2_mono_cluster	family	HOMD_v4_GTDB-c003	0.0	0.0	11487
kraken2_mono_cluster	genus	HOMD_v4_GTDB-c001	0	0.4142857142857143	0
kraken2_mono_cluster	genus	HOMD_v4_GTDB-c001	0.15384615384615385	0.4142857142857143	0
kraken2_mono_cluster	genus	HOMD_v4_GTDB-c001	0.1643059490084986	0.4142857142857143	3
kraken2_mono_cluster	genus	HOMD_v4_GTDB-c001	0.18412698412698414	0.4142857142857143	6
kraken2_mono_cluster	genus	HOMD_v4_GTDB-c001	0.20141342756183744	0.40714285714285714	9
kraken2_mono_cluster	genus	HOMD_v4_GTDB-c001	0.20300751879699247	0.38571428571428573	12
kraken2_mono_cluster	genus	HOMD_v4_GTDB-c001	0.2163265306122449	0.37857142857142856	15
kraken2_mono_cluster	genus	HOMD_v4_GTDB-c001	0.22362869198312235	0.37857142857142856	18
kraken2_mono_cluster	genus	HOMD_v4_GTDB-c001	0.22510822510822512	0.37142857142857144	21
kraken2_mono_cluster	genus	HOMD_v4_GTDB-c001	0.23076923076923078	0.36428571428571427	24
kraken2_mono_cluster	genus	HOMD_v4_GTDB-c001	0.23923444976076555	0.35714285714285715	27
kraken2_mono_cluster	genus	HOMD_v4_GTDB-c001	0.245	0.35	30
kraken2_mono_cluster	genus	HOMD_v4_GTDB-c001	0.2552083333333333	0.35	33
kraken2_mono_cluster	genus	HOMD_v4_GTDB-c001	0.2608695652173913	0.34285714285714286	36
kraken2_mono_cluster	genus	HOMD_v4_GTDB-c001	0.2681564245810056	0.34285714285714286	39
kraken2_mono_cluster	genus	HOMD_v4_GTDB-c001	0.27325581395348836	0.3357142857142857	42
kraken2_mono_cluster	genus	HOMD_v4_GTDB-c001	0.28313253012048195	0.3357142857142857	45
kraken2_mono_cluster	genus	HOMD_v4_GTDB-c001	0.2830188679245283	0.32142857142857145	48
kraken2_mono_cluster	genus	HOMD_v4_GTDB-c001	0.30201342281879195	0.32142857142857145	51
kraken2_mono_cluster	genus	HOMD_v4_GTDB-c001	0.3125	0.32142857142857145	54
kraken2_mono_cluster	genus	HOMD_v4_GTDB-c001	0.3284671532846715	0.32142857142857145	57
kraken2_mono_cluster	genus	HOMD_v4_GTDB-c001	0.32592592592592595	0.3142857142857143	60
kraken2_mono_cluster	genus	HOMD_v4_GTDB-c001	0.3359375	0.30714285714285716	63
kraken2_mono_cluster	genus	HOMD_v4_GTDB-c001	0.344	0.30714285714285716	66
kraken2_mono_cluster	genus	HOMD_v4_GTDB-c001	0.34710743801652894	0.3	69
kraken2_mono_cluster	genus	HOMD_v4_GTDB-c001	0.3652173913043478	0.3	72
kraken2_mono_cluster	genus	HOMD_v4_GTDB-c001	0.37168141592920356	0.3	75
kraken2_mono_cluster	genus	HOMD_v4_GTDB-c001	0.375	0.3	78
kraken2_mono_cluster	genus	HOMD_v4_GTDB-c001	0.3761467889908257	0.29285714285714287	81
kraken2_mono_cluster	genus	HOMD_v4_GTDB-c001	0.38461538461538464	0.2857142857142857	84
kraken2_mono_cluster	genus	HOMD_v4_GTDB-c001	0.3883495145631068	0.2857142857142857	87
kraken2_mono_cluster	genus	HOMD_v4_GTDB-c001	0.39215686274509803	0.2857142857142857	90
kraken2_mono_cluster	genus	HOMD_v4_GTDB-c001	0.39603960396039606	0.2857142857142857	93
kraken2_mono_cluster	genus	HOMD_v4_GTDB-c001	0.41237113402061853	0.2857142857142857	96
kraken2_mono_cluster	genus	HOMD_v4_GTDB-c001	0.425531914893617	0.2857142857142857	99
kraken2_mono_cluster	genus	HOMD_v4_GTDB-c001	0.43478260869565216	0.2857142857142857	102
kraken2_mono_cluster	genus	HOMD_v4_GTDB-c001	0.43956043956043955	0.2857142857142857	105
kraken2_mono_cluster	genus	HOMD_v4_GTDB-c001	0.4444444444444444	0.2857142857142857	108
kraken2_mono_cluster	genus	HOMD_v4_GTDB-c001	0.45454545454545453	0.2857142857142857	114
kraken2_mono_cluster	genus	HOMD_v4_GTDB-c001	0.45977011494252873	0.2857142857142857	120
kraken2_mono_cluster	genus	HOMD_v4_GTDB-c001	0.47058823529411764	0.2857142857142857	126
kraken2_mono_cluster	genus	HOMD_v4_GTDB-c001	0.4642857142857143	0.2785714285714286	132
kraken2_mono_cluster	genus	HOMD_v4_GTDB-c001	0.4634146341463415	0.2714285714285714	147
kraken2_mono_cluster	genus	HOMD_v4_GTDB-c001	0.4691358024691358	0.2714285714285714	153
kraken2_mono_cluster	genus	HOMD_v4_GTDB-c001	0.475	0.2714285714285714	156
kraken2_mono_cluster	genus	HOMD_v4_GTDB-c001	0.4810126582278481	0.2714285714285714	159
kraken2_mono_cluster	genus	HOMD_v4_GTDB-c001	0.48717948717948717	0.2714285714285714	165
kraken2_mono_cluster	genus	HOMD_v4_GTDB-c001	0.4935064935064935	0.2714285714285714	168
kraken2_mono_cluster	genus	HOMD_v4_GTDB-c001	0.5	0.2714285714285714	171
kraken2_mono_cluster	genus	HOMD_v4_GTDB-c001	0.5	0.2642857142857143	174
kraken2_mono_cluster	genus	HOMD_v4_GTDB-c001	0.5068493150684932	0.2642857142857143	177
kraken2_mono_cluster	genus	HOMD_v4_GTDB-c001	0.5138888888888888	0.2642857142857143	180
kraken2_mono_cluster	genus	HOMD_v4_GTDB-c001	0.5211267605633803	0.2642857142857143	183
kraken2_mono_cluster	genus	HOMD_v4_GTDB-c001	0.5217391304347826	0.2571428571428571	189
kraken2_mono_cluster	genus	HOMD_v4_GTDB-c001	0.5294117647058824	0.2571428571428571	192
kraken2_mono_cluster	genus	HOMD_v4_GTDB-c001	0.5223880597014925	0.25	195
kraken2_mono_cluster	genus	HOMD_v4_GTDB-c001	0.5384615384615384	0.25	201
kraken2_mono_cluster	genus	HOMD_v4_GTDB-c001	0.53125	0.24285714285714285	204
kraken2_mono_cluster	genus	HOMD_v4_GTDB-c001	0.5396825396825397	0.24285714285714285	207
kraken2_mono_cluster	genus	HOMD_v4_GTDB-c001	0.532258064516129	0.2357142857142857	213
kraken2_mono_cluster	genus	HOMD_v4_GTDB-c001	0.5409836065573771	0.2357142857142857	219
kraken2_mono_cluster	genus	HOMD_v4_GTDB-c001	0.55	0.2357142857142857	225
kraken2_mono_cluster	genus	HOMD_v4_GTDB-c001	0.5517241379310345	0.22857142857142856	237
kraken2_mono_cluster	genus	HOMD_v4_GTDB-c001	0.543859649122807	0.22142857142857142	258
kraken2_mono_cluster	genus	HOMD_v4_GTDB-c001	0.5535714285714286	0.22142857142857142	261
kraken2_mono_cluster	genus	HOMD_v4_GTDB-c001	0.5454545454545454	0.21428571428571427	264
kraken2_mono_cluster	genus	HOMD_v4_GTDB-c001	0.5555555555555556	0.21428571428571427	267
kraken2_mono_cluster	genus	HOMD_v4_GTDB-c001	0.5660377358490566	0.21428571428571427	270
kraken2_mono_cluster	genus	HOMD_v4_GTDB-c001	0.5882352941176471	0.21428571428571427	282
kraken2_mono_cluster	genus	HOMD_v4_GTDB-c001	0.6	0.21428571428571427	324
kraken2_mono_cluster	genus	HOMD_v4_GTDB-c001	0.6122448979591837	0.21428571428571427	336
kraken2_mono_cluster	genus	HOMD_v4_GTDB-c001	0.625	0.21428571428571427	348
kraken2_mono_cluster	genus	HOMD_v4_GTDB-c001	0.6170212765957447	0.20714285714285716	351
kraken2_mono_cluster	genus	HOMD_v4_GTDB-c001	0.6304347826086957	0.20714285714285716	357
kraken2_mono_cluster	genus	HOMD_v4_GTDB-c001	0.6444444444444445	0.20714285714285716	390
kraken2_mono_cluster	genus	HOMD_v4_GTDB-c001	0.6363636363636364	0.2	393
kraken2_mono_cluster	genus	HOMD_v4_GTDB-c001	0.627906976744186	0.19285714285714287	399
kraken2_mono_cluster	genus	HOMD_v4_GTDB-c001	0.6190476190476191	0.18571428571428572	432
kraken2_mono_cluster	genus	HOMD_v4_GTDB-c001	0.6097560975609756	0.17857142857142858	444
kraken2_mono_cluster	genus	HOMD_v4_GTDB-c001	0.625	0.17857142857142858	453
kraken2_mono_cluster	genus	HOMD_v4_GTDB-c001	0.6410256410256411	0.17857142857142858	462
kraken2_mono_cluster	genus	HOMD_v4_GTDB-c001	0.631578947368421	0.17142857142857143	492
kraken2_mono_cluster	genus	HOMD_v4_GTDB-c001	0.6216216216216216	0.16428571428571428	507
kraken2_mono_cluster	genus	HOMD_v4_GTDB-c001	0.6111111111111112	0.15714285714285714	564
kraken2_mono_cluster	genus	HOMD_v4_GTDB-c001	0.6	0.15	567
kraken2_mono_cluster	genus	HOMD_v4_GTDB-c001	0.6176470588235294	0.15	630
kraken2_mono_cluster	genus	HOMD_v4_GTDB-c001	0.6363636363636364	0.15	633
kraken2_mono_cluster	genus	HOMD_v4_GTDB-c001	0.65625	0.15	636
kraken2_mono_cluster	genus	HOMD_v4_GTDB-c001	0.6451612903225806	0.14285714285714285	642
kraken2_mono_cluster	genus	HOMD_v4_GTDB-c001	0.6333333333333333	0.1357142857142857	645
kraken2_mono_cluster	genus	HOMD_v4_GTDB-c001	0.6206896551724138	0.12857142857142856	672
kraken2_mono_cluster	genus	HOMD_v4_GTDB-c001	0.6428571428571429	0.12857142857142856	702
kraken2_mono_cluster	genus	HOMD_v4_GTDB-c001	0.6296296296296297	0.12142857142857143	729
kraken2_mono_cluster	genus	HOMD_v4_GTDB-c001	0.6153846153846154	0.11428571428571428	768
kraken2_mono_cluster	genus	HOMD_v4_GTDB-c001	0.64	0.11428571428571428	816
kraken2_mono_cluster	genus	HOMD_v4_GTDB-c001	0.6666666666666666	0.11428571428571428	834
kraken2_mono_cluster	genus	HOMD_v4_GTDB-c001	0.6521739130434783	0.10714285714285714	849
kraken2_mono_cluster	genus	HOMD_v4_GTDB-c001	0.6190476190476191	0.09285714285714286	873
kraken2_mono_cluster	genus	HOMD_v4_GTDB-c001	0.6	0.08571428571428572	888
kraken2_mono_cluster	genus	HOMD_v4_GTDB-c001	0.631578947368421	0.08571428571428572	924
kraken2_mono_cluster	genus	HOMD_v4_GTDB-c001	0.6666666666666666	0.08571428571428572	957
kraken2_mono_cluster	genus	HOMD_v4_GTDB-c001	0.7058823529411765	0.08571428571428572	981
kraken2_mono_cluster	genus	HOMD_v4_GTDB-c001	0.7333333333333333	0.07857142857142857	1041
kraken2_mono_cluster	genus	HOMD_v4_GTDB-c001	0.7142857142857143	0.07142857142857142	1203
kraken2_mono_cluster	genus	HOMD_v4_GTDB-c001	0.6923076923076923	0.06428571428571428	1239
kraken2_mono_cluster	genus	HOMD_v4_GTDB-c001	0.6666666666666666	0.05714285714285714	1308
kraken2_mono_cluster	genus	HOMD_v4_GTDB-c001	0.6363636363636364	0.05	1545
kraken2_mono_cluster	genus	HOMD_v4_GTDB-c001	0.6	0.04285714285714286	2016
kraken2_mono_cluster	genus	HOMD_v4_GTDB-c001	0.5555555555555556	0.03571428571428571	2250
kraken2_mono_cluster	genus	HOMD_v4_GTDB-c001	0.5	0.02857142857142857	2328
kraken2_mono_cluster	genus	HOMD_v4_GTDB-c001	0.42857142857142855	0.02142857142857143	2514
kraken2_mono_cluster	genus	HOMD_v4_GTDB-c001	0.5	0.02142857142857143	2583
kraken2_mono_cluster	genus	HOMD_v4_GTDB-c001	0.6	0.02142857142857143	3228
kraken2_mono_cluster	genus	HOMD_v4_GTDB-c001	0.75	0.02142857142857143	3513
kraken2_mono_cluster	genus	HOMD_v4_GTDB-c001	0.6666666666666666	0.014285714285714285	3516
kraken2_mono_cluster	genus	HOMD_v4_GTDB-c001	0.5	0.007142857142857143	7791
kraken2_mono_cluster	genus	HOMD_v4_GTDB-c001	0.0	0.0	8226
kraken2_mono_cluster	genus	HOMD_v4_GTDB-c002	0	0.4330708661417323	0
kraken2_mono_cluster	genus	HOMD_v4_GTDB-c002	0.12276785714285714	0.4330708661417323	0
kraken2_mono_cluster	genus	HOMD_v4_GTDB-c002	0.13095238095238096	0.4330708661417323	3
kraken2_mono_cluster	genus	HOMD_v4_GTDB-c002	0.14824797843665768	0.4330708661417323	6
kraken2_mono_cluster	genus	HOMD_v4_GTDB-c002	0.1676829268292683	0.4330708661417323	9
kraken2_mono_cluster	genus	HOMD_v4_GTDB-c002	0.1806020066889632	0.4251968503937008	12
kraken2_mono_cluster	genus	HOMD_v4_GTDB-c002	0.19776119402985073	0.41732283464566927	15
kraken2_mono_cluster	genus	HOMD_v4_GTDB-c002	0.21161825726141079	0.4015748031496063	18
kraken2_mono_cluster	genus	HOMD_v4_GTDB-c002	0.21929824561403508	0.3937007874015748	21
kraken2_mono_cluster	genus	HOMD_v4_GTDB-c002	0.22727272727272727	0.3937007874015748	24
kraken2_mono_cluster	genus	HOMD_v4_GTDB-c002	0.2358490566037736	0.3937007874015748	27
kraken2_mono_cluster	genus	HOMD_v4_GTDB-c002	0.24378109452736318	0.3858267716535433	30
kraken2_mono_cluster	genus	HOMD_v4_GTDB-c002	0.2474747474747475	0.3858267716535433	33
kraken2_mono_cluster	genus	HOMD_v4_GTDB-c002	0.2538860103626943	0.3858267716535433	36
kraken2_mono_cluster	genus	HOMD_v4_GTDB-c002	0.2620320855614973	0.3858267716535433	39
kraken2_mono_cluster	genus	HOMD_v4_GTDB-c002	0.266304347826087	0.3858267716535433	42
kraken2_mono_cluster	genus	HOMD_v4_GTDB-c002	0.2768361581920904	0.3858267716535433	45
kraken2_mono_cluster	genus	HOMD_v4_GTDB-c002	0.28160919540229884	0.3858267716535433	48
kraken2_mono_cluster	genus	HOMD_v4_GTDB-c002	0.29518072289156627	0.3858267716535433	51
kraken2_mono_cluster	genus	HOMD_v4_GTDB-c002	0.294478527607362	0.3779527559055118	54
kraken2_mono_cluster	genus	HOMD_v4_GTDB-c002	0.29375	0.3700787401574803	57
kraken2_mono_cluster	genus	HOMD_v4_GTDB-c002	0.29605263157894735	0.3543307086614173	60
kraken2_mono_cluster	genus	HOMD_v4_GTDB-c002	0.3103448275862069	0.3543307086614173	63
kraken2_mono_cluster	genus	HOMD_v4_GTDB-c002	0.32142857142857145	0.3543307086614173	66
kraken2_mono_cluster	genus	HOMD_v4_GTDB-c002	0.3358208955223881	0.3543307086614173	69
kraken2_mono_cluster	genus	HOMD_v4_GTDB-c002	0.3409090909090909	0.3543307086614173	72
kraken2_mono_cluster	genus	HOMD_v4_GTDB-c002	0.352	0.3464566929133858	75
kraken2_mono_cluster	genus	HOMD_v4_GTDB-c002	0.3706896551724138	0.33858267716535434	81
kraken2_mono_cluster	genus	HOMD_v4_GTDB-c002	0.37719298245614036	0.33858267716535434	84
kraken2_mono_cluster	genus	HOMD_v4_GTDB-c002	0.38738738738738737	0.33858267716535434	87
kraken2_mono_cluster	genus	HOMD_v4_GTDB-c002	0.3944954128440367	0.33858267716535434	90
kraken2_mono_cluster	genus	HOMD_v4_GTDB-c002	0.39814814814814814	0.33858267716535434	93
kraken2_mono_cluster	genus	HOMD_v4_GTDB-c002	0.40186915887850466	0.33858267716535434	96
kraken2_mono_cluster	genus	HOMD_v4_GTDB-c002	0.4174757281553398	0.33858267716535434	99
kraken2_mono_cluster	genus	HOMD_v4_GTDB-c002	0.41414141414141414	0.3228346456692913	102
kraken2_mono_cluster	genus	HOMD_v4_GTDB-c002	0.41836734693877553	0.3228346456692913	105
kraken2_mono_cluster	genus	HOMD_v4_GTDB-c002	0.422680412371134	0.3228346456692913	108
kraken2_mono_cluster	genus	HOMD_v4_GTDB-c002	0.43157894736842106	0.3228346456692913	117
kraken2_mono_cluster	genus	HOMD_v4_GTDB-c002	0.43617021276595747	0.3228346456692913	120
kraken2_mono_cluster	genus	HOMD_v4_GTDB-c002	0.44086021505376344	0.3228346456692913	123
kraken2_mono_cluster	genus	HOMD_v4_GTDB-c002	0.44565217391304346	0.3228346456692913	126
kraken2_mono_cluster	genus	HOMD_v4_GTDB-c002	0.45054945054945056	0.3228346456692913	132
kraken2_mono_cluster	genus	HOMD_v4_GTDB-c002	0.43820224719101125	0.30708661417322836	138
kraken2_mono_cluster	genus	HOMD_v4_GTDB-c002	0.45348837209302323	0.30708661417322836	147
kraken2_mono_cluster	genus	HOMD_v4_GTDB-c002	0.4642857142857143	0.30708661417322836	150
kraken2_mono_cluster	genus	HOMD_v4_GTDB-c002	0.4634146341463415	0.2992125984251969	159
kraken2_mono_cluster	genus	HOMD_v4_GTDB-c002	0.4691358024691358	0.2992125984251969	168
kraken2_mono_cluster	genus	HOMD_v4_GTDB-c002	0.4625	0.29133858267716534	171
kraken2_mono_cluster	genus	HOMD_v4_GTDB-c002	0.46835443037974683	0.29133858267716534	180
kraken2_mono_cluster	genus	HOMD_v4_GTDB-c002	0.47435897435897434	0.29133858267716534	183
kraken2_mono_cluster	genus	HOMD_v4_GTDB-c002	0.4805194805194805	0.29133858267716534	186
kraken2_mono_cluster	genus	HOMD_v4_GTDB-c002	0.48	0.28346456692913385	189
kraken2_mono_cluster	genus	HOMD_v4_GTDB-c002	0.4931506849315068	0.28346456692913385	201
kraken2_mono_cluster	genus	HOMD_v4_GTDB-c002	0.5	0.28346456692913385	204
kraken2_mono_cluster	genus	HOMD_v4_GTDB-c002	0.5070422535211268	0.28346456692913385	207
kraken2_mono_cluster	genus	HOMD_v4_GTDB-c002	0.5142857142857142	0.28346456692913385	213
kraken2_mono_cluster	genus	HOMD_v4_GTDB-c002	0.5217391304347826	0.28346456692913385	222
kraken2_mono_cluster	genus	HOMD_v4_GTDB-c002	0.5147058823529411	0.2755905511811024	231
kraken2_mono_cluster	genus	HOMD_v4_GTDB-c002	0.5303030303030303	0.2755905511811024	243
kraken2_mono_cluster	genus	HOMD_v4_GTDB-c002	0.5230769230769231	0.2677165354330709	249
kraken2_mono_cluster	genus	HOMD_v4_GTDB-c002	0.53125	0.2677165354330709	255
kraken2_mono_cluster	genus	HOMD_v4_GTDB-c002	0.5238095238095238	0.25984251968503935	270
kraken2_mono_cluster	genus	HOMD_v4_GTDB-c002	0.532258064516129	0.25984251968503935	279
kraken2_mono_cluster	genus	HOMD_v4_GTDB-c002	0.5409836065573771	0.25984251968503935	285
kraken2_mono_cluster	genus	HOMD_v4_GTDB-c002	0.5423728813559322	0.25196850393700787	288
kraken2_mono_cluster	genus	HOMD_v4_GTDB-c002	0.5614035087719298	0.25196850393700787	294
kraken2_mono_cluster	genus	HOMD_v4_GTDB-c002	0.5714285714285714	0.25196850393700787	303
kraken2_mono_cluster	genus	HOMD_v4_GTDB-c002	0.5818181818181818	0.25196850393700787	309
kraken2_mono_cluster	genus	HOMD_v4_GTDB-c002	0.5740740740740741	0.2440944881889764	318
kraken2_mono_cluster	genus	HOMD_v4_GTDB-c002	0.5769230769230769	0.23622047244094488	321
kraken2_mono_cluster	genus	HOMD_v4_GTDB-c002	0.5882352941176471	0.23622047244094488	324
kraken2_mono_cluster	genus	HOMD_v4_GTDB-c002	0.6	0.23622047244094488	330
kraken2_mono_cluster	genus	HOMD_v4_GTDB-c002	0.5918367346938775	0.2283464566929134	333
kraken2_mono_cluster	genus	HOMD_v4_GTDB-c002	0.6041666666666666	0.2283464566929134	339
kraken2_mono_cluster	genus	HOMD_v4_GTDB-c002	0.5957446808510638	0.2204724409448819	342
kraken2_mono_cluster	genus	HOMD_v4_GTDB-c002	0.6086956521739131	0.2204724409448819	360
kraken2_mono_cluster	genus	HOMD_v4_GTDB-c002	0.6	0.2125984251968504	369
kraken2_mono_cluster	genus	HOMD_v4_GTDB-c002	0.6136363636363636	0.2125984251968504	375
kraken2_mono_cluster	genus	HOMD_v4_GTDB-c002	0.6046511627906976	0.2047244094488189	408
kraken2_mono_cluster	genus	HOMD_v4_GTDB-c002	0.6190476190476191	0.2047244094488189	411
kraken2_mono_cluster	genus	HOMD_v4_GTDB-c002	0.6341463414634146	0.2047244094488189	426
kraken2_mono_cluster	genus	HOMD_v4_GTDB-c002	0.65	0.2047244094488189	444
kraken2_mono_cluster	genus	HOMD_v4_GTDB-c002	0.6666666666666666	0.2047244094488189	468
kraken2_mono_cluster	genus	HOMD_v4_GTDB-c002	0.6578947368421053	0.1968503937007874	471
kraken2_mono_cluster	genus	HOMD_v4_GTDB-c002	0.6756756756756757	0.1968503937007874	537
kraken2_mono_cluster	genus	HOMD_v4_GTDB-c002	0.6944444444444444	0.1968503937007874	561
kraken2_mono_cluster	genus	HOMD_v4_GTDB-c002	0.7142857142857143	0.1968503937007874	585
kraken2_mono_cluster	genus	HOMD_v4_GTDB-c002	0.7058823529411765	0.1889763779527559	588
kraken2_mono_cluster	genus	HOMD_v4_GTDB-c002	0.7272727272727273	0.1889763779527559	627
kraken2_mono_cluster	genus	HOMD_v4_GTDB-c002	0.71875	0.18110236220472442	642
kraken2_mono_cluster	genus	HOMD_v4_GTDB-c002	0.7096774193548387	0.1732283464566929	657
kraken2_mono_cluster	genus	HOMD_v4_GTDB-c002	0.7	0.16535433070866143	663
kraken2_mono_cluster	genus	HOMD_v4_GTDB-c002	0.7241379310344828	0.16535433070866143	678
kraken2_mono_cluster	genus	HOMD_v4_GTDB-c002	0.75	0.16535433070866143	738
kraken2_mono_cluster	genus	HOMD_v4_GTDB-c002	0.7307692307692307	0.14960629921259844	795
kraken2_mono_cluster	genus	HOMD_v4_GTDB-c002	0.72	0.14173228346456693	840
kraken2_mono_cluster	genus	HOMD_v4_GTDB-c002	0.7083333333333334	0.13385826771653545	861
kraken2_mono_cluster	genus	HOMD_v4_GTDB-c002	0.7391304347826086	0.13385826771653545	870
kraken2_mono_cluster	genus	HOMD_v4_GTDB-c002	0.7727272727272727	0.13385826771653545	933
kraken2_mono_cluster	genus	HOMD_v4_GTDB-c002	0.7619047619047619	0.12598425196850394	948
kraken2_mono_cluster	genus	HOMD_v4_GTDB-c002	0.75	0.11811023622047244	954
kraken2_mono_cluster	genus	HOMD_v4_GTDB-c002	0.7894736842105263	0.11811023622047244	969
kraken2_mono_cluster	genus	HOMD_v4_GTDB-c002	0.8333333333333334	0.11811023622047244	1110
kraken2_mono_cluster	genus	HOMD_v4_GTDB-c002	0.8823529411764706	0.11811023622047244	1122
kraken2_mono_cluster	genus	HOMD_v4_GTDB-c002	0.875	0.11023622047244094	1134
kraken2_mono_cluster	genus	HOMD_v4_GTDB-c002	0.9333333333333333	0.11023622047244094	1197
kraken2_mono_cluster	genus	HOMD_v4_GTDB-c002	0.9285714285714286	0.10236220472440945	1647
kraken2_mono_cluster	genus	HOMD_v4_GTDB-c002	0.9230769230769231	0.09448818897637795	1665
kraken2_mono_cluster	genus	HOMD_v4_GTDB-c002	0.9166666666666666	0.08661417322834646	1707
kraken2_mono_cluster	genus	HOMD_v4_GTDB-c002	0.9090909090909091	0.07874015748031496	1743
kraken2_mono_cluster	genus	HOMD_v4_GTDB-c002	0.9	0.07086614173228346	1761
kraken2_mono_cluster	genus	HOMD_v4_GTDB-c002	0.8888888888888888	0.06299212598425197	1962
kraken2_mono_cluster	genus	HOMD_v4_GTDB-c002	0.875	0.05511811023622047	1968
kraken2_mono_cluster	genus	HOMD_v4_GTDB-c002	1.0	0.05511811023622047	2097
kraken2_mono_cluster	genus	HOMD_v4_GTDB-c002	1	0	2097
kraken2_mono_cluster	genus	HOMD_v4_GTDB-c003	0	0.39072847682119205	0
kraken2_mono_cluster	genus	HOMD_v4_GTDB-c003	0.15567282321899736	0.39072847682119205	0
kraken2_mono_cluster	genus	HOMD_v4_GTDB-c003	0.16954022988505746	0.39072847682119205	3
kraken2_mono_cluster	genus	HOMD_v4_GTDB-c003	0.2027491408934708	0.39072847682119205	6
kraken2_mono_cluster	genus	HOMD_v4_GTDB-c003	0.23046875	0.39072847682119205	9
kraken2_mono_cluster	genus	HOMD_v4_GTDB-c003	0.24568965517241378	0.37748344370860926	12
kraken2_mono_cluster	genus	HOMD_v4_GTDB-c003	0.26635514018691586	0.37748344370860926	15
kraken2_mono_cluster	genus	HOMD_v4_GTDB-c003	0.27722772277227725	0.3708609271523179	18
kraken2_mono_cluster	genus	HOMD_v4_GTDB-c003	0.29411764705882354	0.36423841059602646	21
kraken2_mono_cluster	genus	HOMD_v4_GTDB-c003	0.3055555555555556	0.36423841059602646	24
kraken2_mono_cluster	genus	HOMD_v4_GTDB-c003	0.3157894736842105	0.3576158940397351	27
kraken2_mono_cluster	genus	HOMD_v4_GTDB-c003	0.32919254658385094	0.3509933774834437	30
kraken2_mono_cluster	genus	HOMD_v4_GTDB-c003	0.33766233766233766	0.3443708609271523	33
kraken2_mono_cluster	genus	HOMD_v4_GTDB-c003	0.3561643835616438	0.3443708609271523	36
kraken2_mono_cluster	genus	HOMD_v4_GTDB-c003	0.3546099290780142	0.33112582781456956	39
kraken2_mono_cluster	genus	HOMD_v4_GTDB-c003	0.36496350364963503	0.33112582781456956	42
kraken2_mono_cluster	genus	HOMD_v4_GTDB-c003	0.37593984962406013	0.33112582781456956	45
kraken2_mono_cluster	genus	HOMD_v4_GTDB-c003	0.38461538461538464	0.33112582781456956	48
kraken2_mono_cluster	genus	HOMD_v4_GTDB-c003	0.3968253968253968	0.33112582781456956	51
kraken2_mono_cluster	genus	HOMD_v4_GTDB-c003	0.4016393442622951	0.32450331125827814	54
kraken2_mono_cluster	genus	HOMD_v4_GTDB-c003	0.4083333333333333	0.32450331125827814	57
kraken2_mono_cluster	genus	HOMD_v4_GTDB-c003	0.4224137931034483	0.32450331125827814	60
kraken2_mono_cluster	genus	HOMD_v4_GTDB-c003	0.43243243243243246	0.31788079470198677	63
kraken2_mono_cluster	genus	HOMD_v4_GTDB-c003	0.4351851851851852	0.31125827814569534	66
kraken2_mono_cluster	genus	HOMD_v4_GTDB-c003	0.4392523364485981	0.31125827814569534	69
kraken2_mono_cluster	genus	HOMD_v4_GTDB-c003	0.46078431372549017	0.31125827814569534	72
kraken2_mono_cluster	genus	HOMD_v4_GTDB-c003	0.47	0.31125827814569534	75
kraken2_mono_cluster	genus	HOMD_v4_GTDB-c003	0.47959183673469385	0.31125827814569534	78
kraken2_mono_cluster	genus	HOMD_v4_GTDB-c003	0.4845360824742268	0.31125827814569534	81
kraken2_mono_cluster	genus	HOMD_v4_GTDB-c003	0.4895833333333333	0.31125827814569534	84
kraken2_mono_cluster	genus	HOMD_v4_GTDB-c003	0.4842105263157895	0.304635761589404	90
kraken2_mono_cluster	genus	HOMD_v4_GTDB-c003	0.4945054945054945	0.2980132450331126	93
kraken2_mono_cluster	genus	HOMD_v4_GTDB-c003	0.5	0.2980132450331126	96
kraken2_mono_cluster	genus	HOMD_v4_GTDB-c003	0.5057471264367817	0.2913907284768212	99
kraken2_mono_cluster	genus	HOMD_v4_GTDB-c003	0.5	0.2847682119205298	102
kraken2_mono_cluster	genus	HOMD_v4_GTDB-c003	0.49411764705882355	0.2781456953642384	105
kraken2_mono_cluster	genus	HOMD_v4_GTDB-c003	0.5060240963855421	0.2781456953642384	111
kraken2_mono_cluster	genus	HOMD_v4_GTDB-c003	0.5121951219512195	0.2781456953642384	117
kraken2_mono_cluster	genus	HOMD_v4_GTDB-c003	0.525	0.2781456953642384	120
kraken2_mono_cluster	genus	HOMD_v4_GTDB-c003	0.5256410256410257	0.271523178807947	123
kraken2_mono_cluster	genus	HOMD_v4_GTDB-c003	0.5324675324675324	0.271523178807947	126
kraken2_mono_cluster	genus	HOMD_v4_GTDB-c003	0.5333333333333333	0.26490066225165565	129
kraken2_mono_cluster	genus	HOMD_v4_GTDB-c003	0.5405405405405406	0.26490066225165565	132
kraken2_mono_cluster	genus	HOMD_v4_GTDB-c003	0.5416666666666666	0.2582781456953642	135
kraken2_mono_cluster	genus	HOMD_v4_GTDB-c003	0.5571428571428572	0.2582781456953642	138
kraken2_mono_cluster	genus	HOMD_v4_GTDB-c003	0.5652173913043478	0.2582781456953642	141
kraken2_mono_cluster	genus	HOMD_v4_GTDB-c003	0.582089552238806	0.2582781456953642	144
kraken2_mono_cluster	genus	HOMD_v4_GTDB-c003	0.5909090909090909	0.2582781456953642	147
kraken2_mono_cluster	genus	HOMD_v4_GTDB-c003	0.59375	0.25165562913907286	150
kraken2_mono_cluster	genus	HOMD_v4_GTDB-c003	0.6031746031746031	0.25165562913907286	159
kraken2_mono_cluster	genus	HOMD_v4_GTDB-c003	0.6129032258064516	0.25165562913907286	165
kraken2_mono_cluster	genus	HOMD_v4_GTDB-c003	0.6065573770491803	0.24503311258278146	168
kraken2_mono_cluster	genus	HOMD_v4_GTDB-c003	0.6271186440677966	0.24503311258278146	171
kraken2_mono_cluster	genus	HOMD_v4_GTDB-c003	0.6206896551724138	0.23841059602649006	174
kraken2_mono_cluster	genus	HOMD_v4_GTDB-c003	0.631578947368421	0.23841059602649006	177
kraken2_mono_cluster	genus	HOMD_v4_GTDB-c003	0.625	0.23178807947019867	192
kraken2_mono_cluster	genus	HOMD_v4_GTDB-c003	0.6296296296296297	0.2251655629139073	201
kraken2_mono_cluster	genus	HOMD_v4_GTDB-c003	0.6415094339622641	0.2251655629139073	213
kraken2_mono_cluster	genus	HOMD_v4_GTDB-c003	0.6346153846153846	0.2185430463576159	216
kraken2_mono_cluster	genus	HOMD_v4_GTDB-c003	0.6470588235294118	0.2185430463576159	231
kraken2_mono_cluster	genus	HOMD_v4_GTDB-c003	0.66	0.2185430463576159	240
kraken2_mono_cluster	genus	HOMD_v4_GTDB-c003	0.6666666666666666	0.2119205298013245	270
kraken2_mono_cluster	genus	HOMD_v4_GTDB-c003	0.6595744680851063	0.2052980132450331	279
kraken2_mono_cluster	genus	HOMD_v4_GTDB-c003	0.6521739130434783	0.1986754966887417	282
kraken2_mono_cluster	genus	HOMD_v4_GTDB-c003	0.6818181818181818	0.1986754966887417	288
kraken2_mono_cluster	genus	HOMD_v4_GTDB-c003	0.6744186046511628	0.19205298013245034	294
kraken2_mono_cluster	genus	HOMD_v4_GTDB-c003	0.6904761904761905	0.19205298013245034	312
kraken2_mono_cluster	genus	HOMD_v4_GTDB-c003	0.6829268292682927	0.18543046357615894	324
kraken2_mono_cluster	genus	HOMD_v4_GTDB-c003	0.7	0.18543046357615894	330
kraken2_mono_cluster	genus	HOMD_v4_GTDB-c003	0.6923076923076923	0.17880794701986755	342
kraken2_mono_cluster	genus	HOMD_v4_GTDB-c003	0.6842105263157895	0.17218543046357615	348
kraken2_mono_cluster	genus	HOMD_v4_GTDB-c003	0.7027027027027027	0.17218543046357615	357
kraken2_mono_cluster	genus	HOMD_v4_GTDB-c003	0.7222222222222222	0.17218543046357615	369
kraken2_mono_cluster	genus	HOMD_v4_GTDB-c003	0.7142857142857143	0.16556291390728478	375
kraken2_mono_cluster	genus	HOMD_v4_GTDB-c003	0.7352941176470589	0.16556291390728478	387
kraken2_mono_cluster	genus	HOMD_v4_GTDB-c003	0.7575757575757576	0.16556291390728478	471
kraken2_mono_cluster	genus	HOMD_v4_GTDB-c003	0.7741935483870968	0.15894039735099338	510
kraken2_mono_cluster	genus	HOMD_v4_GTDB-c003	0.8	0.15894039735099338	534
kraken2_mono_cluster	genus	HOMD_v4_GTDB-c003	0.8571428571428571	0.15894039735099338	558
kraken2_mono_cluster	genus	HOMD_v4_GTDB-c003	0.8518518518518519	0.152317880794702	624
kraken2_mono_cluster	genus	HOMD_v4_GTDB-c003	0.8461538461538461	0.1456953642384106	636
kraken2_mono_cluster	genus	HOMD_v4_GTDB-c003	0.84	0.1390728476821192	648
kraken2_mono_cluster	genus	HOMD_v4_GTDB-c003	0.8333333333333334	0.13245033112582782	702
kraken2_mono_cluster	genus	HOMD_v4_GTDB-c003	0.8695652173913043	0.13245033112582782	738
kraken2_mono_cluster	genus	HOMD_v4_GTDB-c003	0.8636363636363636	0.12582781456953643	741
kraken2_mono_cluster	genus	HOMD_v4_GTDB-c003	0.8571428571428571	0.11920529801324503	831
kraken2_mono_cluster	genus	HOMD_v4_GTDB-c003	0.85	0.11258278145695365	837
kraken2_mono_cluster	genus	HOMD_v4_GTDB-c003	0.8947368421052632	0.11258278145695365	840
kraken2_mono_cluster	genus	HOMD_v4_GTDB-c003	0.8888888888888888	0.10596026490066225	903
kraken2_mono_cluster	genus	HOMD_v4_GTDB-c003	0.8823529411764706	0.09933774834437085	1095
kraken2_mono_cluster	genus	HOMD_v4_GTDB-c003	0.875	0.09271523178807947	1251
kraken2_mono_cluster	genus	HOMD_v4_GTDB-c003	0.8666666666666667	0.08609271523178808	1350
kraken2_mono_cluster	genus	HOMD_v4_GTDB-c003	0.8571428571428571	0.07947019867549669	1428
kraken2_mono_cluster	genus	HOMD_v4_GTDB-c003	0.8461538461538461	0.0728476821192053	1557
kraken2_mono_cluster	genus	HOMD_v4_GTDB-c003	0.9166666666666666	0.0728476821192053	1818
kraken2_mono_cluster	genus	HOMD_v4_GTDB-c003	0.9090909090909091	0.06622516556291391	1899
kraken2_mono_cluster	genus	HOMD_v4_GTDB-c003	0.9	0.059602649006622516	1950
kraken2_mono_cluster	genus	HOMD_v4_GTDB-c003	0.8888888888888888	0.052980132450331126	2223
kraken2_mono_cluster	genus	HOMD_v4_GTDB-c003	1.0	0.052980132450331126	2334
kraken2_mono_cluster	genus	HOMD_v4_GTDB-c003	1	0	2334
kraken2_mono_cluster	species	HOMD_v4_GTDB-c001	0	0.0	0
kraken2_mono_cluster	species	HOMD_v4_GTDB-c002	0	0.0	0
kraken2_mono_cluster	species	HOMD_v4_GTDB-c003	0	0.0	0
kraken2_multi_cluster	family	HOMD_v4_GTDB-c001	0	0.6440677966101694	0
kraken2_multi_cluster	family	HOMD_v4_GTDB-c001	0.2375	0.6440677966101694	0
kraken2_multi_cluster	family	HOMD_v4_GTDB-c001	0.24203821656050956	0.6440677966101694	3
kraken2_multi_cluster	family	HOMD_v4_GTDB-c001	0.24342105263157895	0.6271186440677966	6
kraken2_multi_cluster	family	HOMD_v4_GTDB-c001	0.2534246575342466	0.6271186440677966	9
kraken2_multi_cluster	family	HOMD_v4_GTDB-c001	0.2642857142857143	0.6271186440677966	12
kraken2_multi_cluster	family	HOMD_v4_GTDB-c001	0.2748091603053435	0.6101694915254238	15
kraken2_multi_cluster	family	HOMD_v4_GTDB-c001	0.28125	0.6101694915254238	18
kraken2_multi_cluster	family	HOMD_v4_GTDB-c001	0.288	0.6101694915254238	21
kraken2_multi_cluster	family	HOMD_v4_GTDB-c001	0.2975206611570248	0.6101694915254238	24
kraken2_multi_cluster	family	HOMD_v4_GTDB-c001	0.3076923076923077	0.6101694915254238	27
kraken2_multi_cluster	family	HOMD_v4_GTDB-c001	0.3157894736842105	0.6101694915254238	30
kraken2_multi_cluster	family	HOMD_v4_GTDB-c001	0.32432432432432434	0.6101694915254238	33
kraken2_multi_cluster	family	HOMD_v4_GTDB-c001	0.32407407407407407	0.5932203389830508	36
kraken2_multi_cluster	family	HOMD_v4_GTDB-c001	0.32710280373831774	0.5932203389830508	39
kraken2_multi_cluster	family	HOMD_v4_GTDB-c001	0.33980582524271846	0.5932203389830508	42
kraken2_multi_cluster	family	HOMD_v4_GTDB-c001	0.35	0.5932203389830508	45
kraken2_multi_cluster	family	HOMD_v4_GTDB-c001	0.36082474226804123	0.5932203389830508	48
kraken2_multi_cluster	family	HOMD_v4_GTDB-c001	0.3645833333333333	0.5932203389830508	51
kraken2_multi_cluster	family	HOMD_v4_GTDB-c001	0.3617021276595745	0.576271186440678	54
kraken2_multi_cluster	family	HOMD_v4_GTDB-c001	0.3655913978494624	0.576271186440678	57
kraken2_multi_cluster	family	HOMD_v4_GTDB-c001	0.358695652173913	0.559322033898305	60
kraken2_multi_cluster	family	HOMD_v4_GTDB-c001	0.375	0.559322033898305	63
kraken2_multi_cluster	family	HOMD_v4_GTDB-c001	0.38823529411764707	0.559322033898305	66
kraken2_multi_cluster	family	HOMD_v4_GTDB-c001	0.39759036144578314	0.559322033898305	69
kraken2_multi_cluster	family	HOMD_v4_GTDB-c001	0.4125	0.559322033898305	72
kraken2_multi_cluster	family	HOMD_v4_GTDB-c001	0.4177215189873418	0.559322033898305	75
kraken2_multi_cluster	family	HOMD_v4_GTDB-c001	0.4230769230769231	0.559322033898305	78
kraken2_multi_cluster	family	HOMD_v4_GTDB-c001	0.4342105263157895	0.559322033898305	81
kraken2_multi_cluster	family	HOMD_v4_GTDB-c001	0.4266666666666667	0.5423728813559322	87
kraken2_multi_cluster	family	HOMD_v4_GTDB-c001	0.43243243243243246	0.5423728813559322	93
kraken2_multi_cluster	family	HOMD_v4_GTDB-c001	0.4507042253521127	0.5423728813559322	96
kraken2_multi_cluster	family	HOMD_v4_GTDB-c001	0.45714285714285713	0.5423728813559322	102
kraken2_multi_cluster	family	HOMD_v4_GTDB-c001	0.4492753623188406	0.5254237288135594	117
kraken2_multi_cluster	family	HOMD_v4_GTDB-c001	0.45588235294117646	0.5254237288135594	120
kraken2_multi_cluster	family	HOMD_v4_GTDB-c001	0.46875	0.5084745762711864	123
kraken2_multi_cluster	family	HOMD_v4_GTDB-c001	0.47619047619047616	0.5084745762711864	126
kraken2_multi_cluster	family	HOMD_v4_GTDB-c001	0.46774193548387094	0.4915254237288136	138
kraken2_multi_cluster	family	HOMD_v4_GTDB-c001	0.47540983606557374	0.4915254237288136	144
kraken2_multi_cluster	family	HOMD_v4_GTDB-c001	0.48333333333333334	0.4915254237288136	147
kraken2_multi_cluster	family	HOMD_v4_GTDB-c001	0.4915254237288136	0.4915254237288136	156
kraken2_multi_cluster	family	HOMD_v4_GTDB-c001	0.5087719298245614	0.4915254237288136	165
kraken2_multi_cluster	family	HOMD_v4_GTDB-c001	0.5272727272727272	0.4915254237288136	189
kraken2_multi_cluster	family	HOMD_v4_GTDB-c001	0.5471698113207547	0.4915254237288136	207
kraken2_multi_cluster	family	HOMD_v4_GTDB-c001	0.5576923076923077	0.4915254237288136	225
kraken2_multi_cluster	family	HOMD_v4_GTDB-c001	0.5686274509803921	0.4915254237288136	234
kraken2_multi_cluster	family	HOMD_v4_GTDB-c001	0.58	0.4915254237288136	252
kraken2_multi_cluster	family	HOMD_v4_GTDB-c001	0.5918367346938775	0.4915254237288136	261
kraken2_multi_cluster	family	HOMD_v4_GTDB-c001	0.6041666666666666	0.4915254237288136	267
kraken2_multi_cluster	family	HOMD_v4_GTDB-c001	0.6086956521739131	0.4745762711864407	282
kraken2_multi_cluster	family	HOMD_v4_GTDB-c001	0.6	0.4576271186440678	294
kraken2_multi_cluster	family	HOMD_v4_GTDB-c001	0.6136363636363636	0.4576271186440678	330
kraken2_multi_cluster	family	HOMD_v4_GTDB-c001	0.6046511627906976	0.4406779661016949	345
kraken2_multi_cluster	family	HOMD_v4_GTDB-c001	0.5952380952380952	0.423728813559322	363
kraken2_multi_cluster	family	HOMD_v4_GTDB-c001	0.5853658536585366	0.4067796610169492	375
kraken2_multi_cluster	family	HOMD_v4_GTDB-c001	0.575	0.3898305084745763	432
kraken2_multi_cluster	family	HOMD_v4_GTDB-c001	0.5897435897435898	0.3898305084745763	453
kraken2_multi_cluster	family	HOMD_v4_GTDB-c001	0.6052631578947368	0.3898305084745763	459
kraken2_multi_cluster	family	HOMD_v4_GTDB-c001	0.6216216216216216	0.3898305084745763	462
kraken2_multi_cluster	family	HOMD_v4_GTDB-c001	0.6	0.3559322033898305	567
kraken2_multi_cluster	family	HOMD_v4_GTDB-c001	0.5882352941176471	0.3389830508474576	603
kraken2_multi_cluster	family	HOMD_v4_GTDB-c001	0.6060606060606061	0.3389830508474576	651
kraken2_multi_cluster	family	HOMD_v4_GTDB-c001	0.625	0.3389830508474576	669
kraken2_multi_cluster	family	HOMD_v4_GTDB-c001	0.6451612903225806	0.3389830508474576	672
kraken2_multi_cluster	family	HOMD_v4_GTDB-c001	0.6333333333333333	0.3220338983050847	675
kraken2_multi_cluster	family	HOMD_v4_GTDB-c001	0.6551724137931034	0.3220338983050847	678
kraken2_multi_cluster	family	HOMD_v4_GTDB-c001	0.6785714285714286	0.3220338983050847	702
kraken2_multi_cluster	family	HOMD_v4_GTDB-c001	0.7037037037037037	0.3220338983050847	762
kraken2_multi_cluster	family	HOMD_v4_GTDB-c001	0.6923076923076923	0.3050847457627119	768
kraken2_multi_cluster	family	HOMD_v4_GTDB-c001	0.72	0.3050847457627119	852
kraken2_multi_cluster	family	HOMD_v4_GTDB-c001	0.7391304347826086	0.288135593220339	888
kraken2_multi_cluster	family	HOMD_v4_GTDB-c001	0.7727272727272727	0.288135593220339	897
kraken2_multi_cluster	family	HOMD_v4_GTDB-c001	0.8095238095238095	0.288135593220339	960
kraken2_multi_cluster	family	HOMD_v4_GTDB-c001	0.8	0.2711864406779661	1002
kraken2_multi_cluster	family	HOMD_v4_GTDB-c001	0.8235294117647058	0.23728813559322035	1041
kraken2_multi_cluster	family	HOMD_v4_GTDB-c001	0.8125	0.22033898305084745	1083
kraken2_multi_cluster	family	HOMD_v4_GTDB-c001	0.8	0.2033898305084746	1092
kraken2_multi_cluster	family	HOMD_v4_GTDB-c001	0.8571428571428571	0.2033898305084746	1098
kraken2_multi_cluster	family	HOMD_v4_GTDB-c001	0.9230769230769231	0.2033898305084746	1125
kraken2_multi_cluster	family	HOMD_v4_GTDB-c001	0.9166666666666666	0.1864406779661017	1128
kraken2_multi_cluster	family	HOMD_v4_GTDB-c001	0.9090909090909091	0.1694915254237288	1233
kraken2_multi_cluster	family	HOMD_v4_GTDB-c001	0.9	0.15254237288135594	1320
kraken2_multi_cluster	family	HOMD_v4_GTDB-c001	0.8888888888888888	0.13559322033898305	1341
kraken2_multi_cluster	family	HOMD_v4_GTDB-c001	0.875	0.11864406779661017	1359
kraken2_multi_cluster	family	HOMD_v4_GTDB-c001	0.8571428571428571	0.1016949152542373	1554
kraken2_multi_cluster	family	HOMD_v4_GTDB-c001	0.8333333333333334	0.0847457627118644	2529
kraken2_multi_cluster	family	HOMD_v4_GTDB-c001	0.8	0.06779661016949153	2583
kraken2_multi_cluster	family	HOMD_v4_GTDB-c001	0.75	0.05084745762711865	3516
kraken2_multi_cluster	family	HOMD_v4_GTDB-c001	1.0	0.05084745762711865	3534
kraken2_multi_cluster	family	HOMD_v4_GTDB-c001	1	0	3534
kraken2_multi_cluster	family	HOMD_v4_GTDB-c002	0	0.6379310344827587	0
kraken2_multi_cluster	family	HOMD_v4_GTDB-c002	0.20786516853932585	0.6379310344827587	0
kraken2_multi_cluster	family	HOMD_v4_GTDB-c002	0.2138728323699422	0.6379310344827587	3
kraken2_multi_cluster	family	HOMD_v4_GTDB-c002	0.22699386503067484	0.6379310344827587	6
kraken2_multi_cluster	family	HOMD_v4_GTDB-c002	0.23870967741935484	0.6379310344827587	9
kraken2_multi_cluster	family	HOMD_v4_GTDB-c002	0.2642857142857143	0.6379310344827587	12
kraken2_multi_cluster	family	HOMD_v4_GTDB-c002	0.2824427480916031	0.6379310344827587	15
kraken2_multi_cluster	family	HOMD_v4_GTDB-c002	0.2903225806451613	0.6206896551724138	18
kraken2_multi_cluster	family	HOMD_v4_GTDB-c002	0.3025210084033613	0.6206896551724138	21
kraken2_multi_cluster	family	HOMD_v4_GTDB-c002	0.3130434782608696	0.6206896551724138	27
kraken2_multi_cluster	family	HOMD_v4_GTDB-c002	0.32432432432432434	0.6206896551724138	30
kraken2_multi_cluster	family	HOMD_v4_GTDB-c002	0.3333333333333333	0.6206896551724138	33
kraken2_multi_cluster	family	HOMD_v4_GTDB-c002	0.33653846153846156	0.603448275862069	36
kraken2_multi_cluster	family	HOMD_v4_GTDB-c002	0.33980582524271846	0.603448275862069	39
kraken2_multi_cluster	family	HOMD_v4_GTDB-c002	0.3434343434343434	0.5862068965517241	42
kraken2_multi_cluster	family	HOMD_v4_GTDB-c002	0.35051546391752575	0.5862068965517241	48
kraken2_multi_cluster	family	HOMD_v4_GTDB-c002	0.35789473684210527	0.5862068965517241	51
kraken2_multi_cluster	family	HOMD_v4_GTDB-c002	0.36666666666666664	0.5689655172413793	54
kraken2_multi_cluster	family	HOMD_v4_GTDB-c002	0.375	0.5689655172413793	60
kraken2_multi_cluster	family	HOMD_v4_GTDB-c002	0.3793103448275862	0.5689655172413793	63
kraken2_multi_cluster	family	HOMD_v4_GTDB-c002	0.3855421686746988	0.5517241379310345	66
kraken2_multi_cluster	family	HOMD_v4_GTDB-c002	0.4	0.5517241379310345	69
kraken2_multi_cluster	family	HOMD_v4_GTDB-c002	0.41025641025641024	0.5517241379310345	72
kraken2_multi_cluster	family	HOMD_v4_GTDB-c002	0.40789473684210525	0.5344827586206896	75
kraken2_multi_cluster	family	HOMD_v4_GTDB-c002	0.41333333333333333	0.5344827586206896	81
kraken2_multi_cluster	family	HOMD_v4_GTDB-c002	0.4246575342465753	0.5344827586206896	84
kraken2_multi_cluster	family	HOMD_v4_GTDB-c002	0.4166666666666667	0.5172413793103449	87
kraken2_multi_cluster	family	HOMD_v4_GTDB-c002	0.4084507042253521	0.5	93
kraken2_multi_cluster	family	HOMD_v4_GTDB-c002	0.4142857142857143	0.5	96
kraken2_multi_cluster	family	HOMD_v4_GTDB-c002	0.4264705882352941	0.5	99
kraken2_multi_cluster	family	HOMD_v4_GTDB-c002	0.43283582089552236	0.5	102
kraken2_multi_cluster	family	HOMD_v4_GTDB-c002	0.4393939393939394	0.5	108
kraken2_multi_cluster	family	HOMD_v4_GTDB-c002	0.4461538461538462	0.5	117
kraken2_multi_cluster	family	HOMD_v4_GTDB-c002	0.453125	0.5	123
kraken2_multi_cluster	family	HOMD_v4_GTDB-c002	0.4603174603174603	0.5	126
kraken2_multi_cluster	family	HOMD_v4_GTDB-c002	0.46774193548387094	0.5	132
kraken2_multi_cluster	family	HOMD_v4_GTDB-c002	0.47540983606557374	0.5	144
kraken2_multi_cluster	family	HOMD_v4_GTDB-c002	0.4915254237288136	0.5	147
kraken2_multi_cluster	family	HOMD_v4_GTDB-c002	0.5	0.5	150
kraken2_multi_cluster	family	HOMD_v4_GTDB-c002	0.49122807017543857	0.4827586206896552	159
kraken2_multi_cluster	family	HOMD_v4_GTDB-c002	0.48214285714285715	0.46551724137931033	165
kraken2_multi_cluster	family	HOMD_v4_GTDB-c002	0.4727272727272727	0.4482758620689655	171
kraken2_multi_cluster	family	HOMD_v4_GTDB-c002	0.48148148148148145	0.4482758620689655	195
kraken2_multi_cluster	family	HOMD_v4_GTDB-c002	0.49056603773584906	0.4482758620689655	198
kraken2_multi_cluster	family	HOMD_v4_GTDB-c002	0.5	0.4482758620689655	204
kraken2_multi_cluster	family	HOMD_v4_GTDB-c002	0.5098039215686274	0.4482758620689655	237
kraken2_multi_cluster	family	HOMD_v4_GTDB-c002	0.52	0.4482758620689655	252
kraken2_multi_cluster	family	HOMD_v4_GTDB-c002	0.5306122448979592	0.4482758620689655	276
kraken2_multi_cluster	family	HOMD_v4_GTDB-c002	0.5416666666666666	0.4482758620689655	279
kraken2_multi_cluster	family	HOMD_v4_GTDB-c002	0.5531914893617021	0.4482758620689655	294
kraken2_multi_cluster	family	HOMD_v4_GTDB-c002	0.5434782608695652	0.43103448275862066	297
kraken2_multi_cluster	family	HOMD_v4_GTDB-c002	0.5555555555555556	0.43103448275862066	300
kraken2_multi_cluster	family	HOMD_v4_GTDB-c002	0.5681818181818182	0.43103448275862066	303
kraken2_multi_cluster	family	HOMD_v4_GTDB-c002	0.5813953488372093	0.43103448275862066	309
kraken2_multi_cluster	family	HOMD_v4_GTDB-c002	0.5952380952380952	0.43103448275862066	330
kraken2_multi_cluster	family	HOMD_v4_GTDB-c002	0.6	0.41379310344827586	339
kraken2_multi_cluster	family	HOMD_v4_GTDB-c002	0.6153846153846154	0.41379310344827586	357
kraken2_multi_cluster	family	HOMD_v4_GTDB-c002	0.631578947368421	0.41379310344827586	363
kraken2_multi_cluster	family	HOMD_v4_GTDB-c002	0.6216216216216216	0.39655172413793105	369
kraken2_multi_cluster	family	HOMD_v4_GTDB-c002	0.6388888888888888	0.39655172413793105	375
kraken2_multi_cluster	family	HOMD_v4_GTDB-c002	0.6571428571428571	0.39655172413793105	405
kraken2_multi_cluster	family	HOMD_v4_GTDB-c002	0.6470588235294118	0.3793103448275862	408
kraken2_multi_cluster	family	HOMD_v4_GTDB-c002	0.6666666666666666	0.3793103448275862	411
kraken2_multi_cluster	family	HOMD_v4_GTDB-c002	0.6875	0.3793103448275862	444
kraken2_multi_cluster	family	HOMD_v4_GTDB-c002	0.7096774193548387	0.3793103448275862	642
kraken2_multi_cluster	family	HOMD_v4_GTDB-c002	0.7	0.3620689655172414	663
kraken2_multi_cluster	family	HOMD_v4_GTDB-c002	0.6896551724137931	0.3448275862068966	675
kraken2_multi_cluster	family	HOMD_v4_GTDB-c002	0.6785714285714286	0.3275862068965517	678
kraken2_multi_cluster	family	HOMD_v4_GTDB-c002	0.7037037037037037	0.3275862068965517	708
kraken2_multi_cluster	family	HOMD_v4_GTDB-c002	0.7307692307692307	0.3275862068965517	870
kraken2_multi_cluster	family	HOMD_v4_GTDB-c002	0.76	0.3275862068965517	873
kraken2_multi_cluster	family	HOMD_v4_GTDB-c002	0.75	0.3103448275862069	876
kraken2_multi_cluster	family	HOMD_v4_GTDB-c002	0.7391304347826086	0.29310344827586204	891
kraken2_multi_cluster	family	HOMD_v4_GTDB-c002	0.7727272727272727	0.29310344827586204	951
kraken2_multi_cluster	family	HOMD_v4_GTDB-c002	0.7619047619047619	0.27586206896551724	1044
kraken2_multi_cluster	family	HOMD_v4_GTDB-c002	0.75	0.25862068965517243	1089
kraken2_multi_cluster	family	HOMD_v4_GTDB-c002	0.7894736842105263	0.25862068965517243	1116
kraken2_multi_cluster	family	HOMD_v4_GTDB-c002	0.8333333333333334	0.25862068965517243	1143
kraken2_multi_cluster	family	HOMD_v4_GTDB-c002	0.8235294117647058	0.2413793103448276	1212
kraken2_multi_cluster	family	HOMD_v4_GTDB-c002	0.8125	0.22413793103448276	1419
kraken2_multi_cluster	family	HOMD_v4_GTDB-c002	0.8	0.20689655172413793	1770
kraken2_multi_cluster	family	HOMD_v4_GTDB-c002	0.7857142857142857	0.1896551724137931	1803
kraken2_multi_cluster	family	HOMD_v4_GTDB-c002	0.8461538461538461	0.1896551724137931	1950
kraken2_multi_cluster	family	HOMD_v4_GTDB-c002	0.8333333333333334	0.1724137931034483	2070
kraken2_multi_cluster	family	HOMD_v4_GTDB-c002	0.8181818181818182	0.15517241379310345	2118
kraken2_multi_cluster	family	HOMD_v4_GTDB-c002	0.8	0.13793103448275862	2292
kraken2_multi_cluster	family	HOMD_v4_GTDB-c002	0.7777777777777778	0.1206896551724138	2589
kraken2_multi_cluster	family	HOMD_v4_GTDB-c002	0.75	0.10344827586206896	2826
kraken2_multi_cluster	family	HOMD_v4_GTDB-c002	0.7142857142857143	0.08620689655172414	3516
kraken2_multi_cluster	family	HOMD_v4_GTDB-c002	0.6666666666666666	0.06896551724137931	3651
kraken2_multi_cluster	family	HOMD_v4_GTDB-c002	0.8	0.06896551724137931	4425
kraken2_multi_cluster	family	HOMD_v4_GTDB-c002	0.75	0.05172413793103448	5145
kraken2_multi_cluster	family	HOMD_v4_GTDB-c002	1.0	0.05172413793103448	6528
kraken2_multi_cluster	family	HOMD_v4_GTDB-c002	1	0	6528
kraken2_multi_cluster	family	HOMD_v4_GTDB-c003	0	0.6229508196721312	0
kraken2_multi_cluster	family	HOMD_v4_GTDB-c003	0.2375	0.6229508196721312	0
kraken2_multi_cluster	family	HOMD_v4_GTDB-c003	0.24358974358974358	0.6229508196721312	3
kraken2_multi_cluster	family	HOMD_v4_GTDB-c003	0.2753623188405797	0.6229508196721312	6
kraken2_multi_cluster	family	HOMD_v4_GTDB-c003	0.2868217054263566	0.6065573770491803	9
kraken2_multi_cluster	family	HOMD_v4_GTDB-c003	0.31092436974789917	0.6065573770491803	12
kraken2_multi_cluster	family	HOMD_v4_GTDB-c003	0.3217391304347826	0.6065573770491803	15
kraken2_multi_cluster	family	HOMD_v4_GTDB-c003	0.33636363636363636	0.6065573770491803	18
kraken2_multi_cluster	family	HOMD_v4_GTDB-c003	0.3490566037735849	0.6065573770491803	21
kraken2_multi_cluster	family	HOMD_v4_GTDB-c003	0.3592233009708738	0.6065573770491803	24
kraken2_multi_cluster	family	HOMD_v4_GTDB-c003	0.3645833333333333	0.5737704918032787	27
kraken2_multi_cluster	family	HOMD_v4_GTDB-c003	0.3655913978494624	0.5573770491803278	30
kraken2_multi_cluster	family	HOMD_v4_GTDB-c003	0.37777777777777777	0.5573770491803278	33
kraken2_multi_cluster	family	HOMD_v4_GTDB-c003	0.3953488372093023	0.5573770491803278	36
kraken2_multi_cluster	family	HOMD_v4_GTDB-c003	0.40476190476190477	0.5573770491803278	39
kraken2_multi_cluster	family	HOMD_v4_GTDB-c003	0.40963855421686746	0.5573770491803278	42
kraken2_multi_cluster	family	HOMD_v4_GTDB-c003	0.4074074074074074	0.5409836065573771	45
kraken2_multi_cluster	family	HOMD_v4_GTDB-c003	0.4177215189873418	0.5409836065573771	48
kraken2_multi_cluster	family	HOMD_v4_GTDB-c003	0.4230769230769231	0.5409836065573771	51
kraken2_multi_cluster	family	HOMD_v4_GTDB-c003	0.4342105263157895	0.5409836065573771	54
kraken2_multi_cluster	family	HOMD_v4_GTDB-c003	0.44594594594594594	0.5409836065573771	57
kraken2_multi_cluster	family	HOMD_v4_GTDB-c003	0.4507042253521127	0.5245901639344263	60
kraken2_multi_cluster	family	HOMD_v4_GTDB-c003	0.463768115942029	0.5245901639344263	63
kraken2_multi_cluster	family	HOMD_v4_GTDB-c003	0.4626865671641791	0.5081967213114754	66
kraken2_multi_cluster	family	HOMD_v4_GTDB-c003	0.4696969696969697	0.5081967213114754	69
kraken2_multi_cluster	family	HOMD_v4_GTDB-c003	0.47692307692307695	0.5081967213114754	72
kraken2_multi_cluster	family	HOMD_v4_GTDB-c003	0.484375	0.5081967213114754	81
kraken2_multi_cluster	family	HOMD_v4_GTDB-c003	0.49206349206349204	0.5081967213114754	84
kraken2_multi_cluster	family	HOMD_v4_GTDB-c003	0.4838709677419355	0.4918032786885246	102
kraken2_multi_cluster	family	HOMD_v4_GTDB-c003	0.47540983606557374	0.47540983606557374	105
kraken2_multi_cluster	family	HOMD_v4_GTDB-c003	0.4915254237288136	0.47540983606557374	108
kraken2_multi_cluster	family	HOMD_v4_GTDB-c003	0.4827586206896552	0.45901639344262296	111
kraken2_multi_cluster	family	HOMD_v4_GTDB-c003	0.48214285714285715	0.4426229508196721	120
kraken2_multi_cluster	family	HOMD_v4_GTDB-c003	0.5192307692307693	0.4426229508196721	129
kraken2_multi_cluster	family	HOMD_v4_GTDB-c003	0.5294117647058824	0.4426229508196721	138
kraken2_multi_cluster	family	HOMD_v4_GTDB-c003	0.54	0.4426229508196721	144
kraken2_multi_cluster	family	HOMD_v4_GTDB-c003	0.5306122448979592	0.4262295081967213	150
kraken2_multi_cluster	family	HOMD_v4_GTDB-c003	0.5531914893617021	0.4262295081967213	156
kraken2_multi_cluster	family	HOMD_v4_GTDB-c003	0.5652173913043478	0.4262295081967213	159
kraken2_multi_cluster	family	HOMD_v4_GTDB-c003	0.5555555555555556	0.4098360655737705	162
kraken2_multi_cluster	family	HOMD_v4_GTDB-c003	0.5681818181818182	0.4098360655737705	171
kraken2_multi_cluster	family	HOMD_v4_GTDB-c003	0.5813953488372093	0.4098360655737705	189
kraken2_multi_cluster	family	HOMD_v4_GTDB-c003	0.5853658536585366	0.39344262295081966	192
kraken2_multi_cluster	family	HOMD_v4_GTDB-c003	0.6	0.39344262295081966	201
kraken2_multi_cluster	family	HOMD_v4_GTDB-c003	0.5897435897435898	0.3770491803278688	213
kraken2_multi_cluster	family	HOMD_v4_GTDB-c003	0.6052631578947368	0.3770491803278688	216
kraken2_multi_cluster	family	HOMD_v4_GTDB-c003	0.5945945945945946	0.36065573770491804	246
kraken2_multi_cluster	family	HOMD_v4_GTDB-c003	0.6111111111111112	0.36065573770491804	273
kraken2_multi_cluster	family	HOMD_v4_GTDB-c003	0.6	0.3442622950819672	279
kraken2_multi_cluster	family	HOMD_v4_GTDB-c003	0.5882352941176471	0.32786885245901637	282
kraken2_multi_cluster	family	HOMD_v4_GTDB-c003	0.6060606060606061	0.32786885245901637	288
kraken2_multi_cluster	family	HOMD_v4_GTDB-c003	0.59375	0.3114754098360656	300
kraken2_multi_cluster	family	HOMD_v4_GTDB-c003	0.6129032258064516	0.3114754098360656	330
kraken2_multi_cluster	family	HOMD_v4_GTDB-c003	0.6	0.29508196721311475	384
kraken2_multi_cluster	family	HOMD_v4_GTDB-c003	0.6206896551724138	0.29508196721311475	387
kraken2_multi_cluster	family	HOMD_v4_GTDB-c003	0.6071428571428571	0.2786885245901639	465
kraken2_multi_cluster	family	HOMD_v4_GTDB-c003	0.5925925925925926	0.26229508196721313	468
kraken2_multi_cluster	family	HOMD_v4_GTDB-c003	0.6153846153846154	0.26229508196721313	477
kraken2_multi_cluster	family	HOMD_v4_GTDB-c003	0.6	0.2459016393442623	483
kraken2_multi_cluster	family	HOMD_v4_GTDB-c003	0.625	0.2459016393442623	537
kraken2_multi_cluster	family	HOMD_v4_GTDB-c003	0.6086956521739131	0.22950819672131148	552
kraken2_multi_cluster	family	HOMD_v4_GTDB-c003	0.6363636363636364	0.22950819672131148	585
kraken2_multi_cluster	family	HOMD_v4_GTDB-c003	0.6190476190476191	0.21311475409836064	627
kraken2_multi_cluster	family	HOMD_v4_GTDB-c003	0.65	0.21311475409836064	678
kraken2_multi_cluster	family	HOMD_v4_GTDB-c003	0.631578947368421	0.19672131147540983	702
kraken2_multi_cluster	family	HOMD_v4_GTDB-c003	0.6111111111111112	0.18032786885245902	738
kraken2_multi_cluster	family	HOMD_v4_GTDB-c003	0.5882352941176471	0.16393442622950818	837
kraken2_multi_cluster	family	HOMD_v4_GTDB-c003	0.625	0.16393442622950818	978
kraken2_multi_cluster	family	HOMD_v4_GTDB-c003	0.6	0.14754098360655737	1056
kraken2_multi_cluster	family	HOMD_v4_GTDB-c003	0.6428571428571429	0.14754098360655737	1107
kraken2_multi_cluster	family	HOMD_v4_GTDB-c003	0.6153846153846154	0.13114754098360656	1356
kraken2_multi_cluster	family	HOMD_v4_GTDB-c003	0.6666666666666666	0.13114754098360656	1500
kraken2_multi_cluster	family	HOMD_v4_GTDB-c003	0.6363636363636364	0.11475409836065574	1953
kraken2_multi_cluster	family	HOMD_v4_GTDB-c003	0.6	0.09836065573770492	2442
kraken2_multi_cluster	family	HOMD_v4_GTDB-c003	0.5555555555555556	0.08196721311475409	2694
kraken2_multi_cluster	family	HOMD_v4_GTDB-c003	0.625	0.08196721311475409	2724
kraken2_multi_cluster	family	HOMD_v4_GTDB-c003	0.7142857142857143	0.08196721311475409	2823
kraken2_multi_cluster	family	HOMD_v4_GTDB-c003	0.6666666666666666	0.06557377049180328	3084
kraken2_multi_cluster	family	HOMD_v4_GTDB-c003	0.6	0.04918032786885246	4500
kraken2_multi_cluster	family	HOMD_v4_GTDB-c003	0.5	0.03278688524590164	5049
kraken2_multi_cluster	family	HOMD_v4_GTDB-c003	0.6666666666666666	0.03278688524590164	5118
kraken2_multi_cluster	family	HOMD_v4_GTDB-c003	0.5	0.01639344262295082	8553
kraken2_multi_cluster	family	HOMD_v4_GTDB-c003	0.0	0.0	11487
kraken2_multi_cluster	genus	HOMD_v4_GTDB-c001	0	0.4142857142857143	0
kraken2_multi_cluster	genus	HOMD_v4_GTDB-c001	0.15384615384615385	0.4142857142857143	0
kraken2_multi_cluster	genus	HOMD_v4_GTDB-c001	0.1643059490084986	0.4142857142857143	3
kraken2_multi_cluster	genus	HOMD_v4_GTDB-c001	0.18412698412698414	0.4142857142857143	6
kraken2_multi_cluster	genus	HOMD_v4_GTDB-c001	0.20141342756183744	0.40714285714285714	9
kraken2_multi_cluster	genus	HOMD_v4_GTDB-c001	0.20300751879699247	0.38571428571428573	12
kraken2_multi_cluster	genus	HOMD_v4_GTDB-c001	0.2163265306122449	0.37857142857142856	15
kraken2_multi_cluster	genus	HOMD_v4_GTDB-c001	0.22362869198312235	0.37857142857142856	18
kraken2_multi_cluster	genus	HOMD_v4_GTDB-c001	0.22510822510822512	0.37142857142857144	21
kraken2_multi_cluster	genus	HOMD_v4_GTDB-c001	0.23076923076923078	0.36428571428571427	24
kraken2_multi_cluster	genus	HOMD_v4_GTDB-c001	0.23923444976076555	0.35714285714285715	27
kraken2_multi_cluster	genus	HOMD_v4_GTDB-c001	0.245	0.35	30
kraken2_multi_cluster	genus	HOMD_v4_GTDB-c001	0.2552083333333333	0.35	33
kraken2_multi_cluster	genus	HOMD_v4_GTDB-c001	0.2608695652173913	0.34285714285714286	36
kraken2_multi_cluster	genus	HOMD_v4_GTDB-c001	0.2681564245810056	0.34285714285714286	39
kraken2_multi_cluster	genus	HOMD_v4_GTDB-c001	0.27325581395348836	0.3357142857142857	42
kraken2_multi_cluster	genus	HOMD_v4_GTDB-c001	0.28313253012048195	0.3357142857142857	45
kraken2_multi_cluster	genus	HOMD_v4_GTDB-c001	0.2830188679245283	0.32142857142857145	48
kraken2_multi_cluster	genus	HOMD_v4_GTDB-c001	0.30201342281879195	0.32142857142857145	51
kraken2_multi_cluster	genus	HOMD_v4_GTDB-c001	0.3125	0.32142857142857145	54
kraken2_multi_cluster	genus	HOMD_v4_GTDB-c001	0.3284671532846715	0.32142857142857145	57
kraken2_multi_cluster	genus	HOMD_v4_GTDB-c001	0.32592592592592595	0.3142857142857143	60
kraken2_multi_cluster	genus	HOMD_v4_GTDB-c001	0.3359375	0.30714285714285716	63
kraken2_multi_cluster	genus	HOMD_v4_GTDB-c001	0.344	0.30714285714285716	66
kraken2_multi_cluster	genus	HOMD_v4_GTDB-c001	0.34710743801652894	0.3	69
kraken2_multi_cluster	genus	HOMD_v4_GTDB-c001	0.3652173913043478	0.3	72
kraken2_multi_cluster	genus	HOMD_v4_GTDB-c001	0.37168141592920356	0.3	75
kraken2_multi_cluster	genus	HOMD_v4_GTDB-c001	0.375	0.3	78
kraken2_multi_cluster	genus	HOMD_v4_GTDB-c001	0.3761467889908257	0.29285714285714287	81
kraken2_multi_cluster	genus	HOMD_v4_GTDB-c001	0.38461538461538464	0.2857142857142857	84
kraken2_multi_cluster	genus	HOMD_v4_GTDB-c001	0.3883495145631068	0.2857142857142857	87
kraken2_multi_cluster	genus	HOMD_v4_GTDB-c001	0.39215686274509803	0.2857142857142857	90
kraken2_multi_cluster	genus	HOMD_v4_GTDB-c001	0.39603960396039606	0.2857142857142857	93
kraken2_multi_cluster	genus	HOMD_v4_GTDB-c001	0.41237113402061853	0.2857142857142857	96
kraken2_multi_cluster	genus	HOMD_v4_GTDB-c001	0.425531914893617	0.2857142857142857	99
kraken2_multi_cluster	genus	HOMD_v4_GTDB-c001	0.43478260869565216	0.2857142857142857	102
kraken2_multi_cluster	genus	HOMD_v4_GTDB-c001	0.43956043956043955	0.2857142857142857	105
kraken2_multi_cluster	genus	HOMD_v4_GTDB-c001	0.4444444444444444	0.2857142857142857	108
kraken2_multi_cluster	genus	HOMD_v4_GTDB-c001	0.45454545454545453	0.2857142857142857	114
kraken2_multi_cluster	genus	HOMD_v4_GTDB-c001	0.45977011494252873	0.2857142857142857	120
kraken2_multi_cluster	genus	HOMD_v4_GTDB-c001	0.47058823529411764	0.2857142857142857	126
kraken2_multi_cluster	genus	HOMD_v4_GTDB-c001	0.4642857142857143	0.2785714285714286	132
kraken2_multi_cluster	genus	HOMD_v4_GTDB-c001	0.4634146341463415	0.2714285714285714	147
kraken2_multi_cluster	genus	HOMD_v4_GTDB-c001	0.4691358024691358	0.2714285714285714	153
kraken2_multi_cluster	genus	HOMD_v4_GTDB-c001	0.475	0.2714285714285714	156
kraken2_multi_cluster	genus	HOMD_v4_GTDB-c001	0.4810126582278481	0.2714285714285714	159
kraken2_multi_cluster	genus	HOMD_v4_GTDB-c001	0.48717948717948717	0.2714285714285714	165
kraken2_multi_cluster	genus	HOMD_v4_GTDB-c001	0.4935064935064935	0.2714285714285714	168
kraken2_multi_cluster	genus	HOMD_v4_GTDB-c001	0.5	0.2714285714285714	171
kraken2_multi_cluster	genus	HOMD_v4_GTDB-c001	0.5	0.2642857142857143	174
kraken2_multi_cluster	genus	HOMD_v4_GTDB-c001	0.5068493150684932	0.2642857142857143	177
kraken2_multi_cluster	genus	HOMD_v4_GTDB-c001	0.5138888888888888	0.2642857142857143	180
kraken2_multi_cluster	genus	HOMD_v4_GTDB-c001	0.5211267605633803	0.2642857142857143	183
kraken2_multi_cluster	genus	HOMD_v4_GTDB-c001	0.5217391304347826	0.2571428571428571	189
kraken2_multi_cluster	genus	HOMD_v4_GTDB-c001	0.5294117647058824	0.2571428571428571	192
kraken2_multi_cluster	genus	HOMD_v4_GTDB-c001	0.5223880597014925	0.25	195
kraken2_multi_cluster	genus	HOMD_v4_GTDB-c001	0.5384615384615384	0.25	201
kraken2_multi_cluster	genus	HOMD_v4_GTDB-c001	0.53125	0.24285714285714285	204
kraken2_multi_cluster	genus	HOMD_v4_GTDB-c001	0.5396825396825397	0.24285714285714285	207
kraken2_multi_cluster	genus	HOMD_v4_GTDB-c001	0.532258064516129	0.2357142857142857	213
kraken2_multi_cluster	genus	HOMD_v4_GTDB-c001	0.5409836065573771	0.2357142857142857	219
kraken2_multi_cluster	genus	HOMD_v4_GTDB-c001	0.55	0.2357142857142857	225
kraken2_multi_cluster	genus	HOMD_v4_GTDB-c001	0.5517241379310345	0.22857142857142856	237
kraken2_multi_cluster	genus	HOMD_v4_GTDB-c001	0.543859649122807	0.22142857142857142	258
kraken2_multi_cluster	genus	HOMD_v4_GTDB-c001	0.5535714285714286	0.22142857142857142	261
kraken2_multi_cluster	genus	HOMD_v4_GTDB-c001	0.5454545454545454	0.21428571428571427	264
kraken2_multi_cluster	genus	HOMD_v4_GTDB-c001	0.5555555555555556	0.21428571428571427	267
kraken2_multi_cluster	genus	HOMD_v4_GTDB-c001	0.5660377358490566	0.21428571428571427	270
kraken2_multi_cluster	genus	HOMD_v4_GTDB-c001	0.5882352941176471	0.21428571428571427	282
kraken2_multi_cluster	genus	HOMD_v4_GTDB-c001	0.6	0.21428571428571427	324
kraken2_multi_cluster	genus	HOMD_v4_GTDB-c001	0.6122448979591837	0.21428571428571427	336
kraken2_multi_cluster	genus	HOMD_v4_GTDB-c001	0.625	0.21428571428571427	348
kraken2_multi_cluster	genus	HOMD_v4_GTDB-c001	0.6170212765957447	0.20714285714285716	351
kraken2_multi_cluster	genus	HOMD_v4_GTDB-c001	0.6304347826086957	0.20714285714285716	357
kraken2_multi_cluster	genus	HOMD_v4_GTDB-c001	0.6444444444444445	0.20714285714285716	390
kraken2_multi_cluster	genus	HOMD_v4_GTDB-c001	0.6363636363636364	0.2	393
kraken2_multi_cluster	genus	HOMD_v4_GTDB-c001	0.627906976744186	0.19285714285714287	399
kraken2_multi_cluster	genus	HOMD_v4_GTDB-c001	0.6190476190476191	0.18571428571428572	432
kraken2_multi_cluster	genus	HOMD_v4_GTDB-c001	0.6097560975609756	0.17857142857142858	444
kraken2_multi_cluster	genus	HOMD_v4_GTDB-c001	0.625	0.17857142857142858	453
kraken2_multi_cluster	genus	HOMD_v4_GTDB-c001	0.6410256410256411	0.17857142857142858	462
kraken2_multi_cluster	genus	HOMD_v4_GTDB-c001	0.631578947368421	0.17142857142857143	492
kraken2_multi_cluster	genus	HOMD_v4_GTDB-c001	0.6216216216216216	0.16428571428571428	507
kraken2_multi_cluster	genus	HOMD_v4_GTDB-c001	0.6111111111111112	0.15714285714285714	564
kraken2_multi_cluster	genus	HOMD_v4_GTDB-c001	0.6	0.15	567
kraken2_multi_cluster	genus	HOMD_v4_GTDB-c001	0.6176470588235294	0.15	630
kraken2_multi_cluster	genus	HOMD_v4_GTDB-c001	0.6363636363636364	0.15	633
kraken2_multi_cluster	genus	HOMD_v4_GTDB-c001	0.65625	0.15	636
kraken2_multi_cluster	genus	HOMD_v4_GTDB-c001	0.6451612903225806	0.14285714285714285	642
kraken2_multi_cluster	genus	HOMD_v4_GTDB-c001	0.6333333333333333	0.1357142857142857	645
kraken2_multi_cluster	genus	HOMD_v4_GTDB-c001	0.6206896551724138	0.12857142857142856	672
kraken2_multi_cluster	genus	HOMD_v4_GTDB-c001	0.6428571428571429	0.12857142857142856	702
kraken2_multi_cluster	genus	HOMD_v4_GTDB-c001	0.6296296296296297	0.12142857142857143	729
kraken2_multi_cluster	genus	HOMD_v4_GTDB-c001	0.6153846153846154	0.11428571428571428	768
kraken2_multi_cluster	genus	HOMD_v4_GTDB-c001	0.64	0.11428571428571428	816
kraken2_multi_cluster	genus	HOMD_v4_GTDB-c001	0.6666666666666666	0.11428571428571428	834
kraken2_multi_cluster	genus	HOMD_v4_GTDB-c001	0.6521739130434783	0.10714285714285714	849
kraken2_multi_cluster	genus	HOMD_v4_GTDB-c001	0.6190476190476191	0.09285714285714286	873
kraken2_multi_cluster	genus	HOMD_v4_GTDB-c001	0.6	0.08571428571428572	888
kraken2_multi_cluster	genus	HOMD_v4_GTDB-c001	0.631578947368421	0.08571428571428572	924
kraken2_multi_cluster	genus	HOMD_v4_GTDB-c001	0.6666666666666666	0.08571428571428572	957
kraken2_multi_cluster	genus	HOMD_v4_GTDB-c001	0.7058823529411765	0.08571428571428572	981
kraken2_multi_cluster	genus	HOMD_v4_GTDB-c001	0.7333333333333333	0.07857142857142857	1041
kraken2_multi_cluster	genus	HOMD_v4_GTDB-c001	0.7142857142857143	0.07142857142857142	1203
kraken2_multi_cluster	genus	HOMD_v4_GTDB-c001	0.6923076923076923	0.06428571428571428	1239
kraken2_multi_cluster	genus	HOMD_v4_GTDB-c001	0.6666666666666666	0.05714285714285714	1308
kraken2_multi_cluster	genus	HOMD_v4_GTDB-c001	0.6363636363636364	0.05	1545
kraken2_multi_cluster	genus	HOMD_v4_GTDB-c001	0.6	0.04285714285714286	2016
kraken2_multi_cluster	genus	HOMD_v4_GTDB-c001	0.5555555555555556	0.03571428571428571	2250
kraken2_multi_cluster	genus	HOMD_v4_GTDB-c001	0.5	0.02857142857142857	2328
kraken2_multi_cluster	genus	HOMD_v4_GTDB-c001	0.42857142857142855	0.02142857142857143	2514
kraken2_multi_cluster	genus	HOMD_v4_GTDB-c001	0.5	0.02142857142857143	2583
kraken2_multi_cluster	genus	HOMD_v4_GTDB-c001	0.6	0.02142857142857143	3228
kraken2_multi_cluster	genus	HOMD_v4_GTDB-c001	0.75	0.02142857142857143	3513
kraken2_multi_cluster	genus	HOMD_v4_GTDB-c001	0.6666666666666666	0.014285714285714285	3516
kraken2_multi_cluster	genus	HOMD_v4_GTDB-c001	0.5	0.007142857142857143	7791
kraken2_multi_cluster	genus	HOMD_v4_GTDB-c001	0.0	0.0	8226
kraken2_multi_cluster	genus	HOMD_v4_GTDB-c002	0	0.4330708661417323	0
kraken2_multi_cluster	genus	HOMD_v4_GTDB-c002	0.12276785714285714	0.4330708661417323	0
kraken2_multi_cluster	genus	HOMD_v4_GTDB-c002	0.13095238095238096	0.4330708661417323	3
kraken2_multi_cluster	genus	HOMD_v4_GTDB-c002	0.14824797843665768	0.4330708661417323	6
kraken2_multi_cluster	genus	HOMD_v4_GTDB-c002	0.1676829268292683	0.4330708661417323	9
kraken2_multi_cluster	genus	HOMD_v4_GTDB-c002	0.1806020066889632	0.4251968503937008	12
kraken2_multi_cluster	genus	HOMD_v4_GTDB-c002	0.19776119402985073	0.41732283464566927	15
kraken2_multi_cluster	genus	HOMD_v4_GTDB-c002	0.21161825726141079	0.4015748031496063	18
kraken2_multi_cluster	genus	HOMD_v4_GTDB-c002	0.21929824561403508	0.3937007874015748	21
kraken2_multi_cluster	genus	HOMD_v4_GTDB-c002	0.22727272727272727	0.3937007874015748	24
kraken2_multi_cluster	genus	HOMD_v4_GTDB-c002	0.2358490566037736	0.3937007874015748	27
kraken2_multi_cluster	genus	HOMD_v4_GTDB-c002	0.24378109452736318	0.3858267716535433	30
kraken2_multi_cluster	genus	HOMD_v4_GTDB-c002	0.2474747474747475	0.3858267716535433	33
kraken2_multi_cluster	genus	HOMD_v4_GTDB-c002	0.2538860103626943	0.3858267716535433	36
kraken2_multi_cluster	genus	HOMD_v4_GTDB-c002	0.2620320855614973	0.3858267716535433	39
kraken2_multi_cluster	genus	HOMD_v4_GTDB-c002	0.266304347826087	0.3858267716535433	42
kraken2_multi_cluster	genus	HOMD_v4_GTDB-c002	0.2768361581920904	0.3858267716535433	45
kraken2_multi_cluster	genus	HOMD_v4_GTDB-c002	0.28160919540229884	0.3858267716535433	48
kraken2_multi_cluster	genus	HOMD_v4_GTDB-c002	0.29518072289156627	0.3858267716535433	51
kraken2_multi_cluster	genus	HOMD_v4_GTDB-c002	0.294478527607362	0.3779527559055118	54
kraken2_multi_cluster	genus	HOMD_v4_GTDB-c002	0.29375	0.3700787401574803	57
kraken2_multi_cluster	genus	HOMD_v4_GTDB-c002	0.29605263157894735	0.3543307086614173	60
kraken2_multi_cluster	genus	HOMD_v4_GTDB-c002	0.3103448275862069	0.3543307086614173	63
kraken2_multi_cluster	genus	HOMD_v4_GTDB-c002	0.32142857142857145	0.3543307086614173	66
kraken2_multi_cluster	genus	HOMD_v4_GTDB-c002	0.3358208955223881	0.3543307086614173	69
kraken2_multi_cluster	genus	HOMD_v4_GTDB-c002	0.3409090909090909	0.3543307086614173	72
kraken2_multi_cluster	genus	HOMD_v4_GTDB-c002	0.352	0.3464566929133858	75
kraken2_multi_cluster	genus	HOMD_v4_GTDB-c002	0.3706896551724138	0.33858267716535434	81
kraken2_multi_cluster	genus	HOMD_v4_GTDB-c002	0.37719298245614036	0.33858267716535434	84
kraken2_multi_cluster	genus	HOMD_v4_GTDB-c002	0.38738738738738737	0.33858267716535434	87
kraken2_multi_cluster	genus	HOMD_v4_GTDB-c002	0.3944954128440367	0.33858267716535434	90
kraken2_multi_cluster	genus	HOMD_v4_GTDB-c002	0.39814814814814814	0.33858267716535434	93
kraken2_multi_cluster	genus	HOMD_v4_GTDB-c002	0.40186915887850466	0.33858267716535434	96
kraken2_multi_cluster	genus	HOMD_v4_GTDB-c002	0.4174757281553398	0.33858267716535434	99
kraken2_multi_cluster	genus	HOMD_v4_GTDB-c002	0.41414141414141414	0.3228346456692913	102
kraken2_multi_cluster	genus	HOMD_v4_GTDB-c002	0.41836734693877553	0.3228346456692913	105
kraken2_multi_cluster	genus	HOMD_v4_GTDB-c002	0.422680412371134	0.3228346456692913	108
kraken2_multi_cluster	genus	HOMD_v4_GTDB-c002	0.43157894736842106	0.3228346456692913	117
kraken2_multi_cluster	genus	HOMD_v4_GTDB-c002	0.43617021276595747	0.3228346456692913	120
kraken2_multi_cluster	genus	HOMD_v4_GTDB-c002	0.44086021505376344	0.3228346456692913	123
kraken2_multi_cluster	genus	HOMD_v4_GTDB-c002	0.44565217391304346	0.3228346456692913	126
kraken2_multi_cluster	genus	HOMD_v4_GTDB-c002	0.45054945054945056	0.3228346456692913	132
kraken2_multi_cluster	genus	HOMD_v4_GTDB-c002	0.43820224719101125	0.30708661417322836	138
kraken2_multi_cluster	genus	HOMD_v4_GTDB-c002	0.45348837209302323	0.30708661417322836	147
kraken2_multi_cluster	genus	HOMD_v4_GTDB-c002	0.4642857142857143	0.30708661417322836	150
kraken2_multi_cluster	genus	HOMD_v4_GTDB-c002	0.4634146341463415	0.2992125984251969	159
kraken2_multi_cluster	genus	HOMD_v4_GTDB-c002	0.4691358024691358	0.2992125984251969	168
kraken2_multi_cluster	genus	HOMD_v4_GTDB-c002	0.4625	0.29133858267716534	171
kraken2_multi_cluster	genus	HOMD_v4_GTDB-c002	0.46835443037974683	0.29133858267716534	180
kraken2_multi_cluster	genus	HOMD_v4_GTDB-c002	0.47435897435897434	0.29133858267716534	183
kraken2_multi_cluster	genus	HOMD_v4_GTDB-c002	0.4805194805194805	0.29133858267716534	186
kraken2_multi_cluster	genus	HOMD_v4_GTDB-c002	0.48	0.28346456692913385	189
kraken2_multi_cluster	genus	HOMD_v4_GTDB-c002	0.4931506849315068	0.28346456692913385	201
kraken2_multi_cluster	genus	HOMD_v4_GTDB-c002	0.5	0.28346456692913385	204
kraken2_multi_cluster	genus	HOMD_v4_GTDB-c002	0.5070422535211268	0.28346456692913385	207
kraken2_multi_cluster	genus	HOMD_v4_GTDB-c002	0.5142857142857142	0.28346456692913385	213
kraken2_multi_cluster	genus	HOMD_v4_GTDB-c002	0.5217391304347826	0.28346456692913385	222
kraken2_multi_cluster	genus	HOMD_v4_GTDB-c002	0.5147058823529411	0.2755905511811024	231
kraken2_multi_cluster	genus	HOMD_v4_GTDB-c002	0.5303030303030303	0.2755905511811024	243
kraken2_multi_cluster	genus	HOMD_v4_GTDB-c002	0.5230769230769231	0.2677165354330709	249
kraken2_multi_cluster	genus	HOMD_v4_GTDB-c002	0.53125	0.2677165354330709	255
kraken2_multi_cluster	genus	HOMD_v4_GTDB-c002	0.5238095238095238	0.25984251968503935	270
kraken2_multi_cluster	genus	HOMD_v4_GTDB-c002	0.532258064516129	0.25984251968503935	279
kraken2_multi_cluster	genus	HOMD_v4_GTDB-c002	0.5409836065573771	0.25984251968503935	285
kraken2_multi_cluster	genus	HOMD_v4_GTDB-c002	0.5423728813559322	0.25196850393700787	288
kraken2_multi_cluster	genus	HOMD_v4_GTDB-c002	0.5614035087719298	0.25196850393700787	294
kraken2_multi_cluster	genus	HOMD_v4_GTDB-c002	0.5714285714285714	0.25196850393700787	303
kraken2_multi_cluster	genus	HOMD_v4_GTDB-c002	0.5818181818181818	0.25196850393700787	309
kraken2_multi_cluster	genus	HOMD_v4_GTDB-c002	0.5740740740740741	0.2440944881889764	318
kraken2_multi_cluster	genus	HOMD_v4_GTDB-c002	0.5769230769230769	0.23622047244094488	321
kraken2_multi_cluster	genus	HOMD_v4_GTDB-c002	0.5882352941176471	0.23622047244094488	324
kraken2_multi_cluster	genus	HOMD_v4_GTDB-c002	0.6	0.23622047244094488	330
kraken2_multi_cluster	genus	HOMD_v4_GTDB-c002	0.5918367346938775	0.2283464566929134	333
kraken2_multi_cluster	genus	HOMD_v4_GTDB-c002	0.6041666666666666	0.2283464566929134	339
kraken2_multi_cluster	genus	HOMD_v4_GTDB-c002	0.5957446808510638	0.2204724409448819	342
kraken2_multi_cluster	genus	HOMD_v4_GTDB-c002	0.6086956521739131	0.2204724409448819	360
kraken2_multi_cluster	genus	HOMD_v4_GTDB-c002	0.6	0.2125984251968504	369
kraken2_multi_cluster	genus	HOMD_v4_GTDB-c002	0.6136363636363636	0.2125984251968504	375
kraken2_multi_cluster	genus	HOMD_v4_GTDB-c002	0.6046511627906976	0.2047244094488189	408
kraken2_multi_cluster	genus	HOMD_v4_GTDB-c002	0.6190476190476191	0.2047244094488189	411
kraken2_multi_cluster	genus	HOMD_v4_GTDB-c002	0.6341463414634146	0.2047244094488189	426
kraken2_multi_cluster	genus	HOMD_v4_GTDB-c002	0.65	0.2047244094488189	444
kraken2_multi_cluster	genus	HOMD_v4_GTDB-c002	0.6666666666666666	0.2047244094488189	468
kraken2_multi_cluster	genus	HOMD_v4_GTDB-c002	0.6578947368421053	0.1968503937007874	471
kraken2_multi_cluster	genus	HOMD_v4_GTDB-c002	0.6756756756756757	0.1968503937007874	537
kraken2_multi_cluster	genus	HOMD_v4_GTDB-c002	0.6944444444444444	0.1968503937007874	561
kraken2_multi_cluster	genus	HOMD_v4_GTDB-c002	0.7142857142857143	0.1968503937007874	585
kraken2_multi_cluster	genus	HOMD_v4_GTDB-c002	0.7058823529411765	0.1889763779527559	588
kraken2_multi_cluster	genus	HOMD_v4_GTDB-c002	0.7272727272727273	0.1889763779527559	627
kraken2_multi_cluster	genus	HOMD_v4_GTDB-c002	0.71875	0.18110236220472442	642
kraken2_multi_cluster	genus	HOMD_v4_GTDB-c002	0.7096774193548387	0.1732283464566929	657
kraken2_multi_cluster	genus	HOMD_v4_GTDB-c002	0.7	0.16535433070866143	663
kraken2_multi_cluster	genus	HOMD_v4_GTDB-c002	0.7241379310344828	0.16535433070866143	678
kraken2_multi_cluster	genus	HOMD_v4_GTDB-c002	0.75	0.16535433070866143	738
kraken2_multi_cluster	genus	HOMD_v4_GTDB-c002	0.7307692307692307	0.14960629921259844	795
kraken2_multi_cluster	genus	HOMD_v4_GTDB-c002	0.72	0.14173228346456693	840
kraken2_multi_cluster	genus	HOMD_v4_GTDB-c002	0.7083333333333334	0.13385826771653545	861
kraken2_multi_cluster	genus	HOMD_v4_GTDB-c002	0.7391304347826086	0.13385826771653545	870
kraken2_multi_cluster	genus	HOMD_v4_GTDB-c002	0.7727272727272727	0.13385826771653545	933
kraken2_multi_cluster	genus	HOMD_v4_GTDB-c002	0.7619047619047619	0.12598425196850394	948
kraken2_multi_cluster	genus	HOMD_v4_GTDB-c002	0.75	0.11811023622047244	954
kraken2_multi_cluster	genus	HOMD_v4_GTDB-c002	0.7894736842105263	0.11811023622047244	969
kraken2_multi_cluster	genus	HOMD_v4_GTDB-c002	0.8333333333333334	0.11811023622047244	1110
kraken2_multi_cluster	genus	HOMD_v4_GTDB-c002	0.8823529411764706	0.11811023622047244	1122
kraken2_multi_cluster	genus	HOMD_v4_GTDB-c002	0.875	0.11023622047244094	1134
kraken2_multi_cluster	genus	HOMD_v4_GTDB-c002	0.9333333333333333	0.11023622047244094	1197
kraken2_multi_cluster	genus	HOMD_v4_GTDB-c002	0.9285714285714286	0.10236220472440945	1647
kraken2_multi_cluster	genus	HOMD_v4_GTDB-c002	0.9230769230769231	0.09448818897637795	1665
kraken2_multi_cluster	genus	HOMD_v4_GTDB-c002	0.9166666666666666	0.08661417322834646	1707
kraken2_multi_cluster	genus	HOMD_v4_GTDB-c002	0.9090909090909091	0.07874015748031496	1743
kraken2_multi_cluster	genus	HOMD_v4_GTDB-c002	0.9	0.07086614173228346	1761
kraken2_multi_cluster	genus	HOMD_v4_GTDB-c002	0.8888888888888888	0.06299212598425197	1962
kraken2_multi_cluster	genus	HOMD_v4_GTDB-c002	0.875	0.05511811023622047	1968
kraken2_multi_cluster	genus	HOMD_v4_GTDB-c002	1.0	0.05511811023622047	2097
kraken2_multi_cluster	genus	HOMD_v4_GTDB-c002	1	0	2097
kraken2_multi_cluster	genus	HOMD_v4_GTDB-c003	0	0.39072847682119205	0
kraken2_multi_cluster	genus	HOMD_v4_GTDB-c003	0.15567282321899736	0.39072847682119205	0
kraken2_multi_cluster	genus	HOMD_v4_GTDB-c003	0.16954022988505746	0.39072847682119205	3
kraken2_multi_cluster	genus	HOMD_v4_GTDB-c003	0.2027491408934708	0.39072847682119205	6
kraken2_multi_cluster	genus	HOMD_v4_GTDB-c003	0.23046875	0.39072847682119205	9
kraken2_multi_cluster	genus	HOMD_v4_GTDB-c003	0.24568965517241378	0.37748344370860926	12
kraken2_multi_cluster	genus	HOMD_v4_GTDB-c003	0.26635514018691586	0.37748344370860926	15
kraken2_multi_cluster	genus	HOMD_v4_GTDB-c003	0.27722772277227725	0.3708609271523179	18
kraken2_multi_cluster	genus	HOMD_v4_GTDB-c003	0.29411764705882354	0.36423841059602646	21
kraken2_multi_cluster	genus	HOMD_v4_GTDB-c003	0.3055555555555556	0.36423841059602646	24
kraken2_multi_cluster	genus	HOMD_v4_GTDB-c003	0.3157894736842105	0.3576158940397351	27
kraken2_multi_cluster	genus	HOMD_v4_GTDB-c003	0.32919254658385094	0.3509933774834437	30
kraken2_multi_cluster	genus	HOMD_v4_GTDB-c003	0.33766233766233766	0.3443708609271523	33
kraken2_multi_cluster	genus	HOMD_v4_GTDB-c003	0.3561643835616438	0.3443708609271523	36
kraken2_multi_cluster	genus	HOMD_v4_GTDB-c003	0.3546099290780142	0.33112582781456956	39
kraken2_multi_cluster	genus	HOMD_v4_GTDB-c003	0.36496350364963503	0.33112582781456956	42
kraken2_multi_cluster	genus	HOMD_v4_GTDB-c003	0.37593984962406013	0.33112582781456956	45
kraken2_multi_cluster	genus	HOMD_v4_GTDB-c003	0.38461538461538464	0.33112582781456956	48
kraken2_multi_cluster	genus	HOMD_v4_GTDB-c003	0.3968253968253968	0.33112582781456956	51
kraken2_multi_cluster	genus	HOMD_v4_GTDB-c003	0.4016393442622951	0.32450331125827814	54
kraken2_multi_cluster	genus	HOMD_v4_GTDB-c003	0.4083333333333333	0.32450331125827814	57
kraken2_multi_cluster	genus	HOMD_v4_GTDB-c003	0.4224137931034483	0.32450331125827814	60
kraken2_multi_cluster	genus	HOMD_v4_GTDB-c003	0.43243243243243246	0.31788079470198677	63
kraken2_multi_cluster	genus	HOMD_v4_GTDB-c003	0.4351851851851852	0.31125827814569534	66
kraken2_multi_cluster	genus	HOMD_v4_GTDB-c003	0.4392523364485981	0.31125827814569534	69
kraken2_multi_cluster	genus	HOMD_v4_GTDB-c003	0.46078431372549017	0.31125827814569534	72
kraken2_multi_cluster	genus	HOMD_v4_GTDB-c003	0.47	0.31125827814569534	75
kraken2_multi_cluster	genus	HOMD_v4_GTDB-c003	0.47959183673469385	0.31125827814569534	78
kraken2_multi_cluster	genus	HOMD_v4_GTDB-c003	0.4845360824742268	0.31125827814569534	81
kraken2_multi_cluster	genus	HOMD_v4_GTDB-c003	0.4895833333333333	0.31125827814569534	84
kraken2_multi_cluster	genus	HOMD_v4_GTDB-c003	0.4842105263157895	0.304635761589404	90
kraken2_multi_cluster	genus	HOMD_v4_GTDB-c003	0.4945054945054945	0.2980132450331126	93
kraken2_multi_cluster	genus	HOMD_v4_GTDB-c003	0.5	0.2980132450331126	96
kraken2_multi_cluster	genus	HOMD_v4_GTDB-c003	0.5057471264367817	0.2913907284768212	99
kraken2_multi_cluster	genus	HOMD_v4_GTDB-c003	0.5	0.2847682119205298	102
kraken2_multi_cluster	genus	HOMD_v4_GTDB-c003	0.49411764705882355	0.2781456953642384	105
kraken2_multi_cluster	genus	HOMD_v4_GTDB-c003	0.5060240963855421	0.2781456953642384	111
kraken2_multi_cluster	genus	HOMD_v4_GTDB-c003	0.5121951219512195	0.2781456953642384	117
kraken2_multi_cluster	genus	HOMD_v4_GTDB-c003	0.525	0.2781456953642384	120
kraken2_multi_cluster	genus	HOMD_v4_GTDB-c003	0.5256410256410257	0.271523178807947	123
kraken2_multi_cluster	genus	HOMD_v4_GTDB-c003	0.5324675324675324	0.271523178807947	126
kraken2_multi_cluster	genus	HOMD_v4_GTDB-c003	0.5333333333333333	0.26490066225165565	129
kraken2_multi_cluster	genus	HOMD_v4_GTDB-c003	0.5405405405405406	0.26490066225165565	132
kraken2_multi_cluster	genus	HOMD_v4_GTDB-c003	0.5416666666666666	0.2582781456953642	135
kraken2_multi_cluster	genus	HOMD_v4_GTDB-c003	0.5571428571428572	0.2582781456953642	138
kraken2_multi_cluster	genus	HOMD_v4_GTDB-c003	0.5652173913043478	0.2582781456953642	141
kraken2_multi_cluster	genus	HOMD_v4_GTDB-c003	0.582089552238806	0.2582781456953642	144
kraken2_multi_cluster	genus	HOMD_v4_GTDB-c003	0.5909090909090909	0.2582781456953642	147
kraken2_multi_cluster	genus	HOMD_v4_GTDB-c003	0.59375	0.25165562913907286	150
kraken2_multi_cluster	genus	HOMD_v4_GTDB-c003	0.6031746031746031	0.25165562913907286	159
kraken2_multi_cluster	genus	HOMD_v4_GTDB-c003	0.6129032258064516	0.25165562913907286	165
kraken2_multi_cluster	genus	HOMD_v4_GTDB-c003	0.6065573770491803	0.24503311258278146	168
kraken2_multi_cluster	genus	HOMD_v4_GTDB-c003	0.6271186440677966	0.24503311258278146	171
kraken2_multi_cluster	genus	HOMD_v4_GTDB-c003	0.6206896551724138	0.23841059602649006	174
kraken2_multi_cluster	genus	HOMD_v4_GTDB-c003	0.631578947368421	0.23841059602649006	177
kraken2_multi_cluster	genus	HOMD_v4_GTDB-c003	0.625	0.23178807947019867	192
kraken2_multi_cluster	genus	HOMD_v4_GTDB-c003	0.6296296296296297	0.2251655629139073	201
kraken2_multi_cluster	genus	HOMD_v4_GTDB-c003	0.6415094339622641	0.2251655629139073	213
kraken2_multi_cluster	genus	HOMD_v4_GTDB-c003	0.6346153846153846	0.2185430463576159	216
kraken2_multi_cluster	genus	HOMD_v4_GTDB-c003	0.6470588235294118	0.2185430463576159	231
kraken2_multi_cluster	genus	HOMD_v4_GTDB-c003	0.66	0.2185430463576159	240
kraken2_multi_cluster	genus	HOMD_v4_GTDB-c003	0.6666666666666666	0.2119205298013245	270
kraken2_multi_cluster	genus	HOMD_v4_GTDB-c003	0.6595744680851063	0.2052980132450331	279
kraken2_multi_cluster	genus	HOMD_v4_GTDB-c003	0.6521739130434783	0.1986754966887417	282
kraken2_multi_cluster	genus	HOMD_v4_GTDB-c003	0.6818181818181818	0.1986754966887417	288
kraken2_multi_cluster	genus	HOMD_v4_GTDB-c003	0.6744186046511628	0.19205298013245034	294
kraken2_multi_cluster	genus	HOMD_v4_GTDB-c003	0.6904761904761905	0.19205298013245034	312
kraken2_multi_cluster	genus	HOMD_v4_GTDB-c003	0.6829268292682927	0.18543046357615894	324
kraken2_multi_cluster	genus	HOMD_v4_GTDB-c003	0.7	0.18543046357615894	330
kraken2_multi_cluster	genus	HOMD_v4_GTDB-c003	0.6923076923076923	0.17880794701986755	342
kraken2_multi_cluster	genus	HOMD_v4_GTDB-c003	0.6842105263157895	0.17218543046357615	348
kraken2_multi_cluster	genus	HOMD_v4_GTDB-c003	0.7027027027027027	0.17218543046357615	357
kraken2_multi_cluster	genus	HOMD_v4_GTDB-c003	0.7222222222222222	0.17218543046357615	369
kraken2_multi_cluster	genus	HOMD_v4_GTDB-c003	0.7142857142857143	0.16556291390728478	375
kraken2_multi_cluster	genus	HOMD_v4_GTDB-c003	0.7352941176470589	0.16556291390728478	387
kraken2_multi_cluster	genus	HOMD_v4_GTDB-c003	0.7575757575757576	0.16556291390728478	471
kraken2_multi_cluster	genus	HOMD_v4_GTDB-c003	0.7741935483870968	0.15894039735099338	510
kraken2_multi_cluster	genus	HOMD_v4_GTDB-c003	0.8	0.15894039735099338	534
kraken2_multi_cluster	genus	HOMD_v4_GTDB-c003	0.8571428571428571	0.15894039735099338	558
kraken2_multi_cluster	genus	HOMD_v4_GTDB-c003	0.8518518518518519	0.152317880794702	624
kraken2_multi_cluster	genus	HOMD_v4_GTDB-c003	0.8461538461538461	0.1456953642384106	636
kraken2_multi_cluster	genus	HOMD_v4_GTDB-c003	0.84	0.1390728476821192	648
kraken2_multi_cluster	genus	HOMD_v4_GTDB-c003	0.8333333333333334	0.13245033112582782	702
kraken2_multi_cluster	genus	HOMD_v4_GTDB-c003	0.8695652173913043	0.13245033112582782	738
kraken2_multi_cluster	genus	HOMD_v4_GTDB-c003	0.8636363636363636	0.12582781456953643	741
kraken2_multi_cluster	genus	HOMD_v4_GTDB-c003	0.8571428571428571	0.11920529801324503	831
kraken2_multi_cluster	genus	HOMD_v4_GTDB-c003	0.85	0.11258278145695365	837
kraken2_multi_cluster	genus	HOMD_v4_GTDB-c003	0.8947368421052632	0.11258278145695365	840
kraken2_multi_cluster	genus	HOMD_v4_GTDB-c003	0.8888888888888888	0.10596026490066225	903
kraken2_multi_cluster	genus	HOMD_v4_GTDB-c003	0.8823529411764706	0.09933774834437085	1095
kraken2_multi_cluster	genus	HOMD_v4_GTDB-c003	0.875	0.09271523178807947	1251
kraken2_multi_cluster	genus	HOMD_v4_GTDB-c003	0.8666666666666667	0.08609271523178808	1350
kraken2_multi_cluster	genus	HOMD_v4_GTDB-c003	0.8571428571428571	0.07947019867549669	1428
kraken2_multi_cluster	genus	HOMD_v4_GTDB-c003	0.8461538461538461	0.0728476821192053	1557
kraken2_multi_cluster	genus	HOMD_v4_GTDB-c003	0.9166666666666666	0.0728476821192053	1818
kraken2_multi_cluster	genus	HOMD_v4_GTDB-c003	0.9090909090909091	0.06622516556291391	1899
kraken2_multi_cluster	genus	HOMD_v4_GTDB-c003	0.9	0.059602649006622516	1950
kraken2_multi_cluster	genus	HOMD_v4_GTDB-c003	0.8888888888888888	0.052980132450331126	2223
kraken2_multi_cluster	genus	HOMD_v4_GTDB-c003	1.0	0.052980132450331126	2334
kraken2_multi_cluster	genus	HOMD_v4_GTDB-c003	1	0	2334
kraken2_multi_cluster	species	HOMD_v4_GTDB-c001	0	0.0	0
kraken2_multi_cluster	species	HOMD_v4_GTDB-c002	0	0.0	0
kraken2_multi_cluster	species	HOMD_v4_GTDB-c003	0	0.0	0
