timestamp,power_w
2026-10-02 17:21:36.242,2.534
2026-10-02 17:21:39.334,2.208
2026-10-02 17:21:40.397,2.238
2026-10-02 17:21:41.463,2.215
2026-10-02 17:21:42.510,2.434
2026-10-02 17:21:43.555,2.442
2026-10-02 17:21:44.673,2.422
2026-10-02 17:21:45.721,2.384
2026-10-02 17:21:46.855,2.499
2026-10-02 17:21:47.948,2.434
2026-10-02 17:21:48.994,2.223
2026-10-02 17:21:50.061,2.240
2026-10-02 17:21:51.880,2.262
2026-10-02 17:21:53.652,2.493
2026-10-02 17:21:54.700,3.604
2026-10-02 17:21:55.808,3.816
2026-10-02 17:21:56.977,3.911
2026-10-02 17:21:58.033,3.654
2026-10-02 17:21:59.121,6.422
2026-10-02 17:22:00.255,6.282
2026-10-02 17:22:01.351,5.773
2026-10-02 17:22:02.521,6.998
2026-10-02 17:22:03.578,6.627
2026-10-02 17:22:04.654,7.474
2026-10-02 17:22:05.748,6.943
2026-10-02 17:22:06.806,7.106
2026-10-02 17:22:07.880,7.240
2026-10-02 17:22:08.910,7.098
2026-10-02 17:22:09.988,7.099
2026-10-02 17:22:11.038,6.424
2026-10-02 17:22:12.095,7.283
2026-10-02 17:22:13.145,6.234
2026-10-02 17:22:14.241,6.328
2026-10-02 17:22:15.367,6.530
2026-10-02 17:22:16.466,6.566
2026-10-02 17:22:17.538,5.947
2026-10-02 17:22:18.591,6.379
2026-10-02 17:22:19.640,3.779
2026-10-02 17:22:20.869,2.850
2026-10-02 17:22:21.941,2.651
2026-10-02 17:22:23.004,3.336
2026-10-02 17:22:24.061,3.702
2026-10-02 17:22:25.141,3.713
2026-10-02 17:22:26.275,3.091
2026-10-02 17:22:27.395,5.807
2026-10-02 17:22:28.555,4.311
2026-10-02 17:22:29.646,7.700
2026-10-02 17:22:30.728,7.784
2026-10-02 17:22:31.794,6.444
2026-10-02 17:22:32.897,6.507
2026-10-02 17:22:34.003,6.794
2026-10-02 17:22:35.141,7.316
2026-10-02 17:22:36.312,7.577
2026-10-02 17:22:37.407,7.267
2026-10-02 17:22:38.466,6.695
2026-10-02 17:22:39.499,6.468
2026-10-02 17:22:40.609,7.217
2026-10-02 17:22:41.761,7.981
2026-10-02 17:22:42.817,7.019
2026-10-02 17:22:43.963,7.060
2026-10-02 17:22:45.071,7.579
2026-10-02 17:22:46.165,6.891
2026-10-02 17:22:47.230,7.102
2026-10-02 17:22:48.338,7.282
2026-10-02 17:22:49.410,7.358
2026-10-02 17:22:50.559,7.471
2026-10-02 17:22:51.652,7.842
2026-10-02 17:22:52.744,8.008
2026-10-02 17:22:53.845,6.039
2026-10-02 17:22:54.922,7.606
2026-10-02 17:22:55.979,6.935
2026-10-02 17:22:57.084,6.010
2026-10-02 17:22:58.143,7.710
2026-10-02 17:22:59.242,7.961
2026-10-02 17:23:00.379,7.249
2026-10-02 17:23:01.471,7.909
2026-10-02 17:23:02.539,7.781
2026-10-02 17:23:03.635,7.263
2026-10-02 17:23:04.722,7.975
2026-10-02 17:23:05.850,6.594
2026-10-02 17:23:06.913,6.705
2026-10-02 17:23:07.984,7.305
2026-10-02 17:23:09.056,7.692
2026-10-02 17:23:10.093,6.218
2026-10-02 17:23:11.214,8.057
2026-10-02 17:23:12.306,6.070
2026-10-02 17:23:13.477,2.435
2026-10-02 17:23:14.571,3.051
2026-10-02 17:23:15.615,3.981
2026-10-02 17:23:16.698,3.768
2026-10-02 17:23:17.782,3.809
2026-10-02 17:23:18.830,3.886
2026-10-02 17:23:19.913,5.514
2026-10-02 17:23:21.018,6.829
2026-10-02 17:23:22.125,6.343
2026-10-02 17:23:23.249,5.325
2026-10-02 17:23:24.410,5.147
2026-10-02 17:23:25.611,6.402
2026-10-02 17:23:26.822,5.409
2026-10-02 17:23:27.924,6.475
2026-10-02 17:23:28.993,6.403
2026-10-02 17:23:30.144,4.996
2026-10-02 17:23:31.254,5.627
2026-10-02 17:23:32.381,5.851
2026-10-02 17:23:33.461,6.371
2026-10-02 17:23:34.692,6.306
2026-10-02 17:23:35.780,6.897
2026-10-02 17:23:36.975,5.292
2026-10-02 17:23:38.103,5.767
2026-10-02 17:23:39.211,6.316
2026-10-02 17:23:40.298,6.615
2026-10-02 17:23:41.363,5.038
2026-10-02 17:23:42.535,6.856
2026-10-02 17:23:43.692,5.412
2026-10-02 17:23:44.772,5.763
2026-10-02 17:23:45.892,6.921
2026-10-02 17:23:46.978,5.234
2026-10-02 17:23:48.115,6.584
2026-10-02 17:23:49.276,6.667
2026-10-02 17:23:50.441,4.932
2026-10-02 17:23:51.574,6.120
2026-10-02 17:23:52.698,6.116
2026-10-02 17:23:53.790,6.067
2026-10-02 17:23:54.908,6.389
2026-10-02 17:23:56.007,5.051
2026-10-02 17:23:57.082,5.888
2026-10-02 17:23:58.240,5.793
2026-10-02 17:23:59.359,6.250
2026-10-02 17:24:00.437,6.254
2026-10-02 17:24:01.546,5.509
2026-10-02 17:24:02.629,5.643
2026-10-02 17:24:03.762,5.278
2026-10-02 17:24:04.865,7.087
2026-10-02 17:24:05.971,6.098
2026-10-02 17:24:07.075,5.440
2026-10-02 17:24:08.178,6.469
2026-10-02 17:24:09.313,6.879
2026-10-02 17:24:10.435,6.606
2026-10-02 17:24:11.496,6.193
2026-10-02 17:24:12.653,5.560
2026-10-02 17:24:13.812,5.094
2026-10-02 17:24:14.904,5.618
2026-10-02 17:24:16.027,5.669
2026-10-02 17:24:17.161,5.174
2026-10-02 17:24:18.241,6.108
2026-10-02 17:24:19.355,5.053
2026-10-02 17:24:20.463,6.548
2026-10-02 17:24:21.578,6.934
2026-10-02 17:24:22.662,6.153
2026-10-02 17:24:23.795,4.944
2026-10-02 17:24:24.960,6.237
2026-10-02 17:24:26.098,5.526
2026-10-02 17:24:27.219,5.924
2026-10-02 17:24:28.373,6.023
2026-10-02 17:24:29.442,6.871
2026-10-02 17:24:30.567,5.909
2026-10-02 17:24:31.733,5.735
2026-10-02 17:24:32.807,6.856
2026-10-02 17:24:33.897,5.734
2026-10-02 17:24:34.984,6.135
2026-10-02 17:24:36.063,6.777
2026-10-02 17:24:37.207,6.632
2026-10-02 17:24:38.408,5.770
2026-10-02 17:24:39.574,6.328
2026-10-02 17:24:40.719,5.887
2026-10-02 17:24:41.793,5.920
2026-10-02 17:24:42.850,6.426
2026-10-02 17:24:44.027,5.237
2026-10-02 17:24:45.143,4.938
2026-10-02 17:24:46.221,6.134
2026-10-02 17:24:47.378,6.025
2026-10-02 17:24:48.474,5.997
2026-10-02 17:24:49.550,5.588
2026-10-02 17:24:50.666,6.556
2026-10-02 17:24:51.756,5.539
2026-10-02 17:24:52.846,5.134
2026-10-02 17:24:53.925,5.780
2026-10-02 17:24:55.040,6.443
2026-10-02 17:24:56.283,5.596
2026-10-02 17:24:57.414,5.619
2026-10-02 17:24:58.498,6.031
2026-10-02 17:24:59.568,7.378
2026-10-02 17:25:00.683,5.422
2026-10-02 17:25:01.762,5.358
2026-10-02 17:25:02.875,6.441
2026-10-02 17:25:03.996,6.013
2026-10-02 17:25:05.128,5.903
2026-10-02 17:25:06.237,6.199
2026-10-02 17:25:07.413,5.754
2026-10-02 17:25:08.524,6.193
2026-10-02 17:25:09.613,5.530
2026-10-02 17:25:10.701,5.561
2026-10-02 17:25:11.855,5.867
2026-10-02 17:25:12.915,5.692
2026-10-02 17:25:14.023,5.964
2026-10-02 17:25:15.107,6.860
2026-10-02 17:25:16.213,6.632
2026-10-02 17:25:17.329,4.812
2026-10-02 17:25:18.446,6.797
2026-10-02 17:25:19.593,5.671
2026-10-02 17:25:20.739,5.588
2026-10-02 17:25:21.961,6.393
2026-10-02 17:25:23.050,6.143
2026-10-02 17:25:24.134,6.127
2026-10-02 17:25:25.218,5.719
2026-10-02 17:25:26.340,7.193
2026-10-02 17:25:27.422,5.778
2026-10-02 17:25:28.547,4.921
2026-10-02 17:25:29.767,6.667
2026-10-02 17:25:30.920,5.639
2026-10-02 17:25:32.068,6.235
2026-10-02 17:25:33.151,6.127
2026-10-02 17:25:34.238,5.206
2026-10-02 17:25:35.342,5.597
2026-10-02 17:25:36.533,6.439
2026-10-02 17:25:37.695,5.193
2026-10-02 17:25:38.869,6.555
2026-10-02 17:25:40.020,5.032
2026-10-02 17:25:41.179,6.725
2026-10-02 17:25:42.344,5.431
2026-10-02 17:25:43.505,7.438
2026-10-02 17:25:44.719,5.858
2026-10-02 17:25:45.918,6.028
2026-10-02 17:25:47.053,6.442
2026-10-02 17:25:48.184,6.658
2026-10-02 17:25:49.363,5.346
2026-10-02 17:25:50.524,6.219
2026-10-02 17:25:51.598,6.676
2026-10-02 17:25:52.694,5.563
2026-10-02 17:25:53.780,5.540
2026-10-02 17:25:54.922,5.721
2026-10-02 17:25:56.062,5.185
2026-10-02 17:25:57.188,6.076
2026-10-02 17:25:58.392,5.683
2026-10-02 17:25:59.466,6.409
2026-10-02 17:26:00.557,5.734
2026-10-02 17:26:01.738,6.514
2026-10-02 17:26:02.864,5.241
2026-10-02 17:26:03.983,5.655
2026-10-02 17:26:05.163,7.069
2026-10-02 17:26:06.296,6.380
2026-10-02 17:26:07.400,5.602
2026-10-02 17:26:08.479,6.434
2026-10-02 17:26:09.594,5.639
2026-10-02 17:26:10.703,6.577
2026-10-02 17:26:11.809,6.396
2026-10-02 17:26:12.896,4.975
2026-10-02 17:26:13.987,5.679
2026-10-02 17:26:15.051,6.202
2026-10-02 17:26:16.180,5.091
2026-10-02 17:26:17.286,6.112
2026-10-02 17:26:18.428,5.971
2026-10-02 17:26:19.560,5.319
2026-10-02 17:26:20.680,6.400
2026-10-02 17:26:21.787,5.310
2026-10-02 17:26:22.856,6.395
2026-10-02 17:26:23.933,6.831
2026-10-02 17:26:25.048,5.202
2026-10-02 17:26:26.137,5.689
2026-10-02 17:26:27.261,5.745
2026-10-02 17:26:28.469,6.279
2026-10-02 17:26:29.658,6.413
2026-10-02 17:26:30.768,5.839
2026-10-02 17:26:31.879,5.961
2026-10-02 17:26:32.958,6.387
2026-10-02 17:26:34.057,5.546
2026-10-02 17:26:35.139,5.062
2026-10-02 17:26:36.237,6.287
2026-10-02 17:26:37.317,6.433
2026-10-02 17:26:38.478,6.926
2026-10-02 17:26:39.631,5.590
2026-10-02 17:26:40.720,5.291
2026-10-02 17:26:41.850,6.300
2026-10-02 17:26:42.949,6.198
2026-10-02 17:26:44.034,6.372
2026-10-02 17:26:45.094,6.112
2026-10-02 17:26:46.216,5.900
2026-10-02 17:26:47.336,5.649
2026-10-02 17:26:48.417,5.497
2026-10-02 17:26:49.527,6.754
2026-10-02 17:26:50.606,5.686
2026-10-02 17:26:51.713,5.643
2026-10-02 17:26:52.831,7.225
2026-10-02 17:26:53.979,6.310
2026-10-02 17:26:55.085,5.236
2026-10-02 17:26:56.184,4.998
2026-10-02 17:26:57.341,6.709
2026-10-02 17:26:58.495,4.873
2026-10-02 17:26:59.574,5.610
2026-10-02 17:27:00.657,6.857
2026-10-02 17:27:01.756,5.437
2026-10-02 17:27:02.860,5.195
2026-10-02 17:27:03.949,6.756
2026-10-02 17:27:05.036,5.218
2026-10-02 17:27:06.122,6.988
2026-10-02 17:27:07.211,5.010
2026-10-02 17:27:08.317,5.608
2026-10-02 17:27:09.400,6.448
2026-10-02 17:27:10.482,6.024
2026-10-02 17:27:11.577,6.299
2026-10-02 17:27:12.664,6.357
2026-10-02 17:27:13.771,5.809
2026-10-02 17:27:14.851,5.775
2026-10-02 17:27:15.910,6.393
2026-10-02 17:27:16.986,7.233
2026-10-02 17:27:18.069,5.615
2026-10-02 17:27:19.158,5.296
2026-10-02 17:27:20.245,6.763
2026-10-02 17:27:21.323,5.872
2026-10-02 17:27:22.385,5.969
2026-10-02 17:27:23.455,6.302
2026-10-02 17:27:24.546,5.403
2026-10-02 17:27:25.613,6.472
2026-10-02 17:27:26.684,6.390
2026-10-02 17:27:27.774,5.928
2026-10-02 17:27:28.850,6.339
2026-10-02 17:27:29.976,5.913
2026-10-02 17:27:31.074,6.456
2026-10-02 17:27:32.169,5.650
2026-10-02 17:27:33.262,6.415
2026-10-02 17:27:34.337,5.254
2026-10-02 17:27:35.416,6.820
2026-10-02 17:27:36.495,5.711
2026-10-02 17:27:37.577,6.214
2026-10-02 17:27:38.666,6.401
2026-10-02 17:27:39.745,5.096
2026-10-02 17:27:40.836,5.493
2026-10-02 17:27:41.891,6.583
2026-10-02 17:27:42.964,6.154
2026-10-02 17:27:44.056,5.732
2026-10-02 17:27:45.134,5.898
2026-10-02 17:27:46.207,5.666
2026-10-02 17:27:47.267,7.156
2026-10-02 17:27:48.339,6.712
2026-10-02 17:27:49.414,5.667
2026-10-02 17:27:50.494,5.158
2026-10-02 17:27:51.555,4.919
2026-10-02 17:27:52.634,5.397
2026-10-02 17:27:53.717,6.181
2026-10-02 17:27:54.792,4.967
2026-10-02 17:27:55.867,6.310
2026-10-02 17:27:56.941,6.678
2026-10-02 17:27:58.014,5.710
2026-10-02 17:27:59.083,6.622
2026-10-02 17:28:00.153,6.494
2026-10-02 17:28:01.243,5.751
2026-10-02 17:28:02.317,6.324
2026-10-02 17:28:03.392,6.216
2026-10-02 17:28:04.460,6.237
2026-10-02 17:28:05.543,5.679
2026-10-02 17:28:06.620,5.697
2026-10-02 17:28:07.690,6.501
2026-10-02 17:28:08.781,5.799
2026-10-02 17:28:09.860,5.316
2026-10-02 17:28:10.929,6.149
2026-10-02 17:28:11.995,6.917
2026-10-02 17:28:13.085,5.031
2026-10-02 17:28:14.164,5.008
2026-10-02 17:28:15.243,4.916
2026-10-02 17:28:16.311,6.903
2026-10-02 17:28:17.370,6.992
2026-10-02 17:28:18.447,5.208
2026-10-02 17:28:19.522,5.972
2026-10-02 17:28:20.602,6.201
2026-10-02 17:28:21.676,5.841
2026-10-02 17:28:22.730,5.994
2026-10-02 17:28:23.819,5.371
2026-10-02 17:28:24.894,5.543
2026-10-02 17:28:25.963,5.583
2026-10-02 17:28:27.030,6.951
2026-10-02 17:28:28.101,6.224
2026-10-02 17:28:29.174,6.003
2026-10-02 17:28:30.243,5.807
2026-10-02 17:28:31.320,5.279
2026-10-02 17:28:32.402,6.847
2026-10-02 17:28:33.480,5.202
2026-10-02 17:28:34.555,6.462
2026-10-02 17:28:35.623,6.169
2026-10-02 17:28:36.704,5.140
2026-10-02 17:28:37.768,5.634
2026-10-02 17:28:38.845,7.164
2026-10-02 17:28:39.933,5.788
2026-10-02 17:28:41.011,5.174
2026-10-02 17:28:42.074,6.094
2026-10-02 17:28:43.136,6.430
2026-10-02 17:28:44.212,6.494
2026-10-02 17:28:45.292,6.039
2026-10-02 17:28:46.372,6.125
2026-10-02 17:28:47.439,5.706
2026-10-02 17:28:48.507,5.936
2026-10-02 17:28:49.591,5.981
2026-10-02 17:28:50.666,5.156
2026-10-02 17:28:51.733,5.586
2026-10-02 17:28:52.809,5.562
2026-10-02 17:28:53.863,5.968
2026-10-02 17:28:54.937,5.988
2026-10-02 17:28:56.007,6.315
2026-10-02 17:28:57.086,5.700
2026-10-02 17:28:58.149,6.319
2026-10-02 17:28:59.250,5.122
2026-10-02 17:29:00.325,6.238
2026-10-02 17:29:01.397,6.271
2026-10-02 17:29:02.470,5.892
2026-10-02 17:29:03.542,6.374
2026-10-02 17:29:04.617,6.642
2026-10-02 17:29:05.675,6.680
2026-10-02 17:29:06.745,6.910
2026-10-02 17:29:07.828,5.171
2026-10-02 17:29:08.899,5.141
2026-10-02 17:29:09.984,6.034
2026-10-02 17:29:11.060,5.058
2026-10-02 17:29:12.136,6.288
2026-10-02 17:29:13.206,6.400
2026-10-02 17:29:14.280,6.672
2026-10-02 17:29:15.356,5.416
2026-10-02 17:29:16.425,6.784
2026-10-02 17:29:17.498,5.315
2026-10-02 17:29:18.593,6.554
2026-10-02 17:29:19.673,5.209
2026-10-02 17:29:20.751,6.342
2026-10-02 17:29:21.827,5.907
2026-10-02 17:29:22.909,5.254
2026-10-02 17:29:23.998,5.882
2026-10-02 17:29:25.097,5.798
2026-10-02 17:29:26.187,6.367
2026-10-02 17:29:27.270,6.490
2026-10-02 17:29:28.353,6.445
2026-10-02 17:29:29.411,6.703
2026-10-02 17:29:30.513,4.971
2026-10-02 17:29:31.593,6.021
2026-10-02 17:29:32.679,5.629
2026-10-02 17:29:33.757,5.457
2026-10-02 17:29:34.894,5.885
2026-10-02 17:29:35.975,5.954
2026-10-02 17:29:37.107,5.288
2026-10-02 17:29:38.192,7.134
2026-10-02 17:29:39.246,6.495
2026-10-02 17:29:40.353,5.618
2026-10-02 17:29:41.443,5.025
2026-10-02 17:29:42.544,6.815
2026-10-02 17:29:43.645,5.051
2026-10-02 17:29:44.752,4.869
2026-10-02 17:29:45.881,5.854
2026-10-02 17:29:46.963,5.841
2026-10-02 17:29:48.056,6.439
2026-10-02 17:29:49.136,5.877
2026-10-02 17:29:50.221,5.634
2026-10-02 17:29:51.305,5.828
2026-10-02 17:29:52.390,5.087
2026-10-02 17:29:53.472,6.080
2026-10-02 17:29:54.560,5.449
2026-10-02 17:29:55.644,6.348
2026-10-02 17:29:56.745,6.365
2026-10-02 17:29:57.830,5.783
2026-10-02 17:29:58.921,5.890
2026-10-02 17:29:59.997,6.117
2026-10-02 17:30:01.087,6.419
2026-10-02 17:30:02.344,5.818
2026-10-02 17:30:03.471,5.392
2026-10-02 17:30:04.657,7.170
2026-10-02 17:30:05.780,5.413
2026-10-02 17:30:06.903,4.920
2026-10-02 17:30:08.018,6.641
2026-10-02 17:30:09.123,6.552
2026-10-02 17:30:10.231,5.792
2026-10-02 17:30:11.345,5.673
2026-10-02 17:30:12.435,6.504
2026-10-02 17:30:13.524,6.313
2026-10-02 17:30:14.630,5.592
2026-10-02 17:30:15.717,6.475
2026-10-02 17:30:16.804,5.647
2026-10-02 17:30:17.890,6.781
2026-10-02 17:30:18.954,5.264
2026-10-02 17:30:20.024,5.611
2026-10-02 17:30:21.095,6.395
2026-10-02 17:30:22.187,6.912
2026-10-02 17:30:23.277,5.748
2026-10-02 17:30:24.357,6.658
2026-10-02 17:30:25.435,6.279
2026-10-02 17:30:26.530,4.853
2026-10-02 17:30:27.616,6.652
2026-10-02 17:30:28.698,5.663
2026-10-02 17:30:29.791,5.990
2026-10-02 17:30:30.876,6.382
2026-10-02 17:30:31.967,7.332
2026-10-02 17:30:33.051,6.216
2026-10-02 17:30:34.135,6.424
2026-10-02 17:30:35.220,6.597
2026-10-02 17:30:36.317,5.464
2026-10-02 17:30:37.405,6.179
2026-10-02 17:30:38.488,5.575
2026-10-02 17:30:39.582,5.490
2026-10-02 17:30:40.643,5.165
2026-10-02 17:30:41.712,6.402
2026-10-02 17:30:42.797,5.560
2026-10-02 17:30:43.875,6.431
2026-10-02 17:30:44.962,6.645
2026-10-02 17:30:46.089,5.819
2026-10-02 17:30:47.155,5.577
2026-10-02 17:30:48.224,5.634
2026-10-02 17:30:49.299,5.570
2026-10-02 17:30:50.371,6.517
2026-10-02 17:30:51.446,5.137
2026-10-02 17:30:52.524,5.984
2026-10-02 17:30:53.587,6.176
2026-10-02 17:30:54.666,6.347
2026-10-02 17:30:55.752,5.279
2026-10-02 17:30:56.819,6.390
2026-10-02 17:30:57.884,6.680
2026-10-02 17:30:58.958,5.710
2026-10-02 17:31:00.036,4.957
2026-10-02 17:31:01.108,6.154
2026-10-02 17:31:02.183,5.119
2026-10-02 17:31:03.253,6.548
2026-10-02 17:31:04.325,5.953
2026-10-02 17:31:05.393,6.198
2026-10-02 17:31:06.470,5.234
2026-10-02 17:31:07.534,5.959
2026-10-02 17:31:08.608,5.698
2026-10-02 17:31:09.683,6.229
2026-10-02 17:31:10.754,6.607
2026-10-02 17:31:11.818,5.658
2026-10-02 17:31:12.895,5.652
2026-10-02 17:31:13.964,6.424
2026-10-02 17:31:15.040,6.262
2026-10-02 17:31:16.104,6.390
2026-10-02 17:31:17.170,6.254
2026-10-02 17:31:18.239,5.686
2026-10-02 17:31:19.315,5.780
2026-10-02 17:31:20.385,6.187
2026-10-02 17:31:21.463,5.445
2026-10-02 17:31:22.542,5.693
2026-10-02 17:31:23.618,5.636
2026-10-02 17:31:24.693,6.311
2026-10-02 17:31:25.767,5.821
2026-10-02 17:31:26.939,6.852
2026-10-02 17:31:28.017,5.075
2026-10-02 17:31:29.093,5.702
2026-10-02 17:31:30.170,5.349
2026-10-02 17:31:31.241,6.789
2026-10-02 17:31:32.315,4.939
2026-10-02 17:31:33.379,6.280
2026-10-02 17:31:34.463,5.583
2026-10-02 17:31:35.535,6.347
2026-10-02 17:31:36.610,5.922
2026-10-02 17:31:37.784,6.254
2026-10-02 17:31:38.853,6.316
2026-10-02 17:31:39.938,5.294
2026-10-02 17:31:41.008,6.398
2026-10-02 17:31:42.067,6.613
2026-10-02 17:31:43.146,5.998
2026-10-02 17:31:44.221,4.993
2026-10-02 17:31:45.293,5.538
2026-10-02 17:31:46.371,6.856
2026-10-02 17:31:47.430,5.890
2026-10-02 17:31:48.510,5.118
2026-10-02 17:31:49.585,6.426
2026-10-02 17:31:50.653,6.267
2026-10-02 17:31:51.722,5.365
2026-10-02 17:31:52.781,6.392
2026-10-02 17:31:53.849,5.726
2026-10-02 17:31:54.925,5.517
2026-10-02 17:31:56.002,6.059
2026-10-02 17:31:57.092,5.618
2026-10-02 17:31:58.149,5.838
2026-10-02 17:31:59.309,6.263
2026-10-02 17:32:00.592,5.911
2026-10-02 17:32:01.715,5.844
2026-10-02 17:32:02.770,5.943
2026-10-02 17:32:03.922,6.202
2026-10-02 17:32:05.066,6.789
2026-10-02 17:32:06.164,5.176
2026-10-02 17:32:07.261,5.687
2026-10-02 17:32:08.326,5.514
2026-10-02 17:32:09.421,6.898
2026-10-02 17:32:10.508,6.396
2026-10-02 17:32:11.650,5.157
2026-10-02 17:32:12.720,6.126
2026-10-02 17:32:13.894,6.927
2026-10-02 17:32:15.073,5.241
2026-10-02 17:32:16.161,5.543
2026-10-02 17:32:17.267,6.329
2026-10-02 17:32:18.329,5.027
2026-10-02 17:32:19.459,6.302
2026-10-02 17:32:20.669,5.137
2026-10-02 17:32:21.908,6.367
2026-10-02 17:32:22.970,5.820
2026-10-02 17:32:24.056,5.366
2026-10-02 17:32:25.237,6.126
2026-10-02 17:32:26.331,5.963
2026-10-02 17:32:27.511,5.057
2026-10-02 17:32:28.568,6.019
2026-10-02 17:32:29.670,5.700
2026-10-02 17:32:30.816,7.392
2026-10-02 17:32:31.990,5.164
2026-10-02 17:32:33.533,5.874
2026-10-02 17:32:34.667,6.437
2026-10-02 17:32:35.778,5.274
2026-10-02 17:32:36.851,5.774
2026-10-02 17:32:37.976,6.701
2026-10-02 17:32:39.085,5.646
2026-10-02 17:32:40.250,6.094
2026-10-02 17:32:41.391,5.019
2026-10-02 17:32:42.483,6.366
2026-10-02 17:32:43.597,5.959
2026-10-02 17:32:44.659,6.427
2026-10-02 17:32:46.011,6.382
2026-10-02 17:32:47.252,5.718
2026-10-02 17:32:48.405,6.259
2026-10-02 17:32:49.462,6.139
2026-10-02 17:32:50.549,5.579
2026-10-02 17:32:51.716,6.601
2026-10-02 17:32:52.797,5.598
2026-10-02 17:32:53.939,6.613
2026-10-02 17:32:55.001,5.938
2026-10-02 17:32:56.091,6.546
2026-10-02 17:32:57.270,5.631
2026-10-02 17:32:58.401,5.801
2026-10-02 17:32:59.466,5.704
2026-10-02 17:33:00.586,5.510
2026-10-02 17:33:01.753,5.741
2026-10-02 17:33:03.003,6.361
2026-10-02 17:33:04.152,5.836
2026-10-02 17:33:05.213,6.213
2026-10-02 17:33:06.306,6.254
2026-10-02 17:33:07.476,6.295
2026-10-02 17:33:08.724,7.059
2026-10-02 17:33:09.765,5.969
2026-10-02 17:33:10.886,6.256
2026-10-02 17:33:11.995,5.152
2026-10-02 17:33:13.090,5.367
2026-10-02 17:33:14.293,5.494
2026-10-02 17:33:15.346,6.595
2026-10-02 17:33:16.560,6.521
2026-10-02 17:33:17.680,5.275
2026-10-02 17:33:18.780,6.265
2026-10-02 17:33:19.848,5.985
2026-10-02 17:33:20.992,6.410
2026-10-02 17:33:22.204,5.629
2026-10-02 17:33:23.356,4.882
2026-10-02 17:33:24.511,5.721
2026-10-02 17:33:25.577,5.483
2026-10-02 17:33:26.658,6.898
2026-10-02 17:33:28.021,6.170
2026-10-02 17:33:29.355,5.047
2026-10-02 17:33:30.413,6.502
2026-10-02 17:33:31.594,6.134
2026-10-02 17:33:32.711,5.588
2026-10-02 17:33:33.800,5.050
2026-10-02 17:33:34.886,6.278
2026-10-02 17:33:35.949,6.712
2026-10-02 17:33:37.197,6.057
2026-10-02 17:33:38.397,5.609
2026-10-02 17:33:39.544,5.709
2026-10-02 17:33:40.637,6.780
2026-10-02 17:33:41.764,5.307
2026-10-02 17:33:42.924,6.075
2026-10-02 17:33:44.042,6.378
2026-10-02 17:33:45.141,6.233
2026-10-02 17:33:46.248,5.493
2026-10-02 17:33:47.358,5.944
2026-10-02 17:33:48.559,6.801
2026-10-02 17:33:49.687,6.152
2026-10-02 17:33:50.843,5.182
2026-10-02 17:33:51.944,5.571
2026-10-02 17:33:53.040,6.719
2026-10-02 17:33:54.137,6.339
2026-10-02 17:33:55.280,5.606
2026-10-02 17:33:56.428,4.903
2026-10-02 17:33:57.625,6.414
2026-10-02 17:33:58.826,5.711
2026-10-02 17:33:59.937,5.166
2026-10-02 17:34:01.038,6.456
2026-10-02 17:34:02.168,6.650
2026-10-02 17:34:03.310,6.683
2026-10-02 17:34:04.465,5.648
2026-10-02 17:34:05.573,6.614
2026-10-02 17:34:06.696,5.595
2026-10-02 17:34:07.834,5.068
2026-10-02 17:34:08.917,5.477
2026-10-02 17:34:10.107,6.497
2026-10-02 17:34:11.170,5.769
2026-10-02 17:34:12.254,6.301
2026-10-02 17:34:13.463,6.525
2026-10-02 17:34:14.612,6.207
2026-10-02 17:34:15.713,5.948
2026-10-02 17:34:16.876,5.400
2026-10-02 17:34:17.977,6.654
2026-10-02 17:34:19.106,5.704
2026-10-02 17:34:20.201,5.806
2026-10-02 17:34:21.282,6.455
2026-10-02 17:34:22.468,5.892
2026-10-02 17:34:23.550,6.289
2026-10-02 17:34:24.942,5.906
2026-10-02 17:34:26.163,5.795
2026-10-02 17:34:27.263,5.943
2026-10-02 17:34:28.359,5.540
2026-10-02 17:34:29.553,6.172
2026-10-02 17:34:30.734,6.135
2026-10-02 17:34:31.885,5.305
2026-10-02 17:34:33.084,6.369
2026-10-02 17:34:34.192,6.072
2026-10-02 17:34:35.388,5.864
2026-10-02 17:34:36.566,5.644
2026-10-02 17:34:37.658,6.405
2026-10-02 17:34:38.788,6.427
2026-10-02 17:34:39.880,6.188
2026-10-02 17:34:40.989,5.009
2026-10-02 17:34:42.090,6.695
2026-10-02 17:34:43.344,5.862
2026-10-02 17:34:44.533,6.934
2026-10-02 17:34:45.654,5.492
2026-10-02 17:34:46.767,6.363
2026-10-02 17:34:47.850,6.794
2026-10-02 17:34:48.934,5.929
2026-10-02 17:34:50.149,5.655
2026-10-02 17:34:51.302,6.298
2026-10-02 17:34:52.489,6.184
2026-10-02 17:34:53.621,5.287
2026-10-02 17:34:54.835,5.064
2026-10-02 17:34:56.008,6.944
2026-10-02 17:34:57.139,5.987
2026-10-02 17:34:58.228,5.712
2026-10-02 17:34:59.341,6.511
2026-10-02 17:35:00.518,5.513
2026-10-02 17:35:01.669,5.593
2026-10-02 17:35:02.802,6.326
2026-10-02 17:35:03.907,6.386
2026-10-02 17:35:05.012,5.787
2026-10-02 17:35:06.143,6.566
2026-10-02 17:35:07.225,7.101
2026-10-02 17:35:08.310,5.541
2026-10-02 17:35:09.414,5.241
2026-10-02 17:35:10.510,6.195
2026-10-02 17:35:11.652,6.206
2026-10-02 17:35:12.710,5.393
2026-10-02 17:35:13.833,6.062
2026-10-02 17:35:15.035,5.812
2026-10-02 17:35:16.125,6.472
2026-10-02 17:35:17.207,5.877
2026-10-02 17:35:18.351,6.585
2026-10-02 17:35:19.482,6.438
2026-10-02 17:35:20.566,6.923
2026-10-02 17:35:21.767,5.666
2026-10-02 17:35:22.922,5.570
2026-10-02 17:35:24.091,6.171
2026-10-02 17:35:25.190,6.090
2026-10-02 17:35:26.312,5.703
2026-10-02 17:35:27.445,7.058
2026-10-02 17:35:28.586,6.555
2026-10-02 17:35:29.679,6.543
2026-10-02 17:35:30.852,6.006
2026-10-02 17:35:32.007,5.882
2026-10-02 17:35:33.090,5.137
2026-10-02 17:35:34.193,6.877
2026-10-02 17:35:35.322,5.531
2026-10-02 17:35:36.469,4.823
2026-10-02 17:35:37.658,6.785
2026-10-02 17:35:38.882,5.896
2026-10-02 17:35:39.993,6.021
2026-10-02 17:35:41.150,5.908
2026-10-02 17:35:42.277,5.699
2026-10-02 17:35:43.337,5.676
2026-10-02 17:35:44.661,5.501
2026-10-02 17:35:45.907,5.601
2026-10-02 17:35:47.061,6.257
2026-10-02 17:35:48.182,5.536
2026-10-02 17:35:49.319,5.940
2026-10-02 17:35:50.477,5.293
2026-10-02 17:35:51.660,6.928
2026-10-02 17:35:52.781,6.384
2026-10-02 17:35:53.970,5.636
2026-10-02 17:35:55.100,6.231
2026-10-02 17:35:56.187,5.731
2026-10-02 17:35:57.283,5.149
2026-10-02 17:35:58.445,5.745
2026-10-02 17:35:59.557,7.275
2026-10-02 17:36:00.666,6.546
2026-10-02 17:36:01.748,6.168
2026-10-02 17:36:02.990,6.453
2026-10-02 17:36:04.183,6.377
2026-10-02 17:36:05.487,6.441
2026-10-02 17:36:06.741,5.637
2026-10-02 17:36:07.867,6.199
2026-10-02 17:36:09.042,4.878
2026-10-02 17:36:10.223,5.228
2026-10-02 17:36:11.337,6.947
2026-10-02 17:36:12.413,6.503
2026-10-02 17:36:13.498,5.902
2026-10-02 17:36:14.561,5.740
2026-10-02 17:36:15.711,5.897
2026-10-02 17:36:16.870,5.436
2026-10-02 17:36:17.950,6.076
2026-10-02 17:36:19.054,5.397
2026-10-02 17:36:20.175,5.686
2026-10-02 17:36:21.266,5.901
2026-10-02 17:36:22.788,5.684
2026-10-02 17:36:23.951,5.838
2026-10-02 17:36:25.126,5.188
2026-10-02 17:36:26.247,5.889
2026-10-02 17:36:27.459,6.488
2026-10-02 17:36:28.681,6.080
2026-10-02 17:36:29.809,5.710
2026-10-02 17:36:30.890,6.273
2026-10-02 17:36:32.015,5.485
2026-10-02 17:36:33.111,6.598
2026-10-02 17:36:34.184,6.480
2026-10-02 17:36:35.337,5.525
2026-10-02 17:36:36.520,6.460
2026-10-02 17:36:37.735,5.891
2026-10-02 17:36:38.831,5.049
2026-10-02 17:36:39.921,6.668
2026-10-02 17:36:41.041,4.897
2026-10-02 17:36:42.206,5.538
2026-10-02 17:36:43.415,5.684
2026-10-02 17:36:44.536,5.585
2026-10-02 17:36:45.612,6.476
2026-10-02 17:36:46.881,5.839
2026-10-02 17:36:48.002,5.396
2026-10-02 17:36:49.094,5.888
2026-10-02 17:36:50.267,5.627
2026-10-02 17:36:51.391,6.234
2026-10-02 17:36:52.499,5.918
2026-10-02 17:36:53.681,5.670
2026-10-02 17:36:54.914,6.303
2026-10-02 17:36:56.024,5.667
2026-10-02 17:36:57.160,6.320
2026-10-02 17:36:58.338,5.792
2026-10-02 17:36:59.460,6.428
2026-10-02 17:37:00.604,5.568
2026-10-02 17:37:01.731,5.686
2026-10-02 17:37:02.844,6.088
2026-10-02 17:37:03.976,5.818
2026-10-02 17:37:05.100,4.973
2026-10-02 17:37:06.217,6.620
2026-10-02 17:37:07.318,6.242
2026-10-02 17:37:08.451,5.967
2026-10-02 17:37:09.592,5.127
2026-10-02 17:37:10.760,5.723
2026-10-02 17:37:11.938,6.369
2026-10-02 17:37:13.122,5.537
2026-10-02 17:37:14.203,6.096
2026-10-02 17:37:15.264,6.789
2026-10-02 17:37:16.391,5.696
2026-10-02 17:37:17.568,5.923
2026-10-02 17:37:18.652,5.704
2026-10-02 17:37:19.740,6.384
2026-10-02 17:37:20.850,5.724
2026-10-02 17:37:21.924,6.465
2026-10-02 17:37:23.044,5.442
2026-10-02 17:37:24.175,5.708
2026-10-02 17:37:25.284,6.573
2026-10-02 17:37:26.368,6.383
2026-10-02 17:37:27.470,5.886
2026-10-02 17:37:28.562,6.874
2026-10-02 17:37:29.724,6.656
2026-10-02 17:37:30.932,5.779
2026-10-02 17:37:32.092,5.911
2026-10-02 17:37:33.244,5.841
2026-10-02 17:37:34.342,5.673
2026-10-02 17:37:35.494,5.555
2026-10-02 17:37:36.616,6.793
2026-10-02 17:37:37.805,6.733
2026-10-02 17:37:38.894,5.381
2026-10-02 17:37:39.989,5.253
2026-10-02 17:37:41.075,6.259
2026-10-02 17:37:42.416,6.727
2026-10-02 17:37:43.542,6.745
2026-10-02 17:37:44.890,6.302
2026-10-02 17:37:45.987,6.519
2026-10-02 17:37:47.067,6.371
2026-10-02 17:37:48.150,5.189
2026-10-02 17:37:49.274,5.860
2026-10-02 17:37:50.357,5.290
2026-10-02 17:37:51.561,5.767
2026-10-02 17:37:52.735,6.489
2026-10-02 17:37:53.852,5.854
2026-10-02 17:37:54.941,6.467
2026-10-02 17:37:56.073,5.760
2026-10-02 17:37:57.212,5.602
2026-10-02 17:37:58.331,6.060
2026-10-02 17:37:59.427,5.758
2026-10-02 17:38:00.503,7.246
2026-10-02 17:38:01.626,6.748
2026-10-02 17:38:02.807,6.298
2026-10-02 17:38:03.900,5.283
2026-10-02 17:38:04.987,6.543
2026-10-02 17:38:06.106,5.208
2026-10-02 17:38:07.284,5.401
2026-10-02 17:38:08.504,5.513
2026-10-02 17:38:09.695,6.297
2026-10-02 17:38:10.843,6.668
2026-10-02 17:38:11.946,5.458
2026-10-02 17:38:13.051,6.465
2026-10-02 17:38:14.268,6.200
2026-10-02 17:38:15.502,6.428
2026-10-02 17:38:16.691,5.244
2026-10-02 17:38:17.825,5.933
2026-10-02 17:38:18.991,6.637
2026-10-02 17:38:20.160,5.002
2026-10-02 17:38:21.430,5.929
2026-10-02 17:38:22.644,6.683
2026-10-02 17:38:23.773,5.752
2026-10-02 17:38:24.960,6.225
2026-10-02 17:38:26.078,5.999
2026-10-02 17:38:27.208,6.295
2026-10-02 17:38:28.365,5.936
2026-10-02 17:38:29.462,5.215
2026-10-02 17:38:30.553,6.115
2026-10-02 17:38:31.728,5.577
2026-10-02 17:38:32.939,6.104
2026-10-02 17:38:34.135,6.519
2026-10-02 17:38:35.275,5.295
2026-10-02 17:38:36.384,6.267
2026-10-02 17:38:37.581,5.745
2026-10-02 17:38:38.750,6.664
2026-10-02 17:38:39.946,6.688
2026-10-02 17:38:41.115,5.633
2026-10-02 17:38:42.268,5.380
2026-10-02 17:38:43.360,5.953
2026-10-02 17:38:44.453,5.912
2026-10-02 17:38:45.604,6.442
2026-10-02 17:38:46.789,6.501
2026-10-02 17:38:47.850,5.189
2026-10-02 17:38:48.933,6.620
2026-10-02 17:38:50.028,6.646
2026-10-02 17:38:51.134,5.535
2026-10-02 17:38:52.222,5.495
2026-10-02 17:38:53.391,6.852
2026-10-02 17:38:54.548,5.692
2026-10-02 17:38:55.658,5.183
2026-10-02 17:38:56.792,6.450
2026-10-02 17:38:58.005,6.236
2026-10-02 17:38:59.203,6.361
2026-10-02 17:39:00.364,5.847
2026-10-02 17:39:01.597,6.081
2026-10-02 17:39:02.733,5.685
2026-10-02 17:39:03.824,6.034
2026-10-02 17:39:04.954,6.762
2026-10-02 17:39:06.136,5.268
2026-10-02 17:39:07.242,5.888
2026-10-02 17:39:08.361,6.647
2026-10-02 17:39:09.557,7.126
2026-10-02 17:39:10.700,6.389
2026-10-02 17:39:11.785,5.886
2026-10-02 17:39:12.989,6.042
2026-10-02 17:39:14.235,6.059
2026-10-02 17:39:15.323,4.997
2026-10-02 17:39:16.523,6.113
2026-10-02 17:39:17.628,6.662
2026-10-02 17:39:18.683,5.856
2026-10-02 17:39:19.762,6.384
2026-10-02 17:39:20.896,6.156
2026-10-02 17:39:22.005,7.107
2026-10-02 17:39:23.113,6.405
2026-10-02 17:39:24.223,6.185
2026-10-02 17:39:25.341,6.149
2026-10-02 17:39:26.629,6.747
2026-10-02 17:39:27.806,5.534
2026-10-02 17:39:28.949,5.660
2026-10-02 17:39:30.035,6.049
2026-10-02 17:39:31.125,4.991
2026-10-02 17:39:32.234,6.563
2026-10-02 17:39:33.375,6.985
2026-10-02 17:39:34.479,5.885
2026-10-02 17:39:35.568,5.579
2026-10-02 17:39:36.662,6.063
2026-10-02 17:39:37.778,6.077
2026-10-02 17:39:38.949,6.095
2026-10-02 17:39:40.153,5.613
2026-10-02 17:39:41.357,5.843
2026-10-02 17:39:42.550,5.201
2026-10-02 17:39:43.651,6.403
2026-10-02 17:39:44.815,7.001
2026-10-02 17:39:46.010,6.179
2026-10-02 17:39:47.139,6.200
2026-10-02 17:39:48.243,5.784
2026-10-02 17:39:49.303,6.828
2026-10-02 17:39:50.441,5.839
2026-10-02 17:39:51.507,6.892
2026-10-02 17:39:52.572,6.604
2026-10-02 17:39:53.653,6.364
2026-10-02 17:39:54.855,5.377
2026-10-02 17:39:56.042,6.385
2026-10-02 17:39:57.132,6.174
2026-10-02 17:39:58.254,5.535
2026-10-02 17:39:59.372,6.159
2026-10-02 17:40:00.550,4.936
2026-10-02 17:40:01.729,6.474
2026-10-02 17:40:02.935,7.185
2026-10-02 17:40:04.048,6.392
2026-10-02 17:40:05.181,6.122
2026-10-02 17:40:06.408,6.859
2026-10-02 17:40:07.497,7.126
2026-10-02 17:40:08.656,6.553
2026-10-02 17:40:09.770,5.639
2026-10-02 17:40:10.849,6.791
2026-10-02 17:40:11.931,5.007
2026-10-02 17:40:13.013,6.992
2026-10-02 17:40:14.167,5.299
2026-10-02 17:40:15.371,5.479
2026-10-02 17:40:16.566,6.382
2026-10-02 17:40:17.790,6.028
2026-10-02 17:40:18.896,5.288
2026-10-02 17:40:19.946,6.741
2026-10-02 17:40:21.126,6.337
2026-10-02 17:40:22.351,5.957
2026-10-02 17:40:23.583,5.792
2026-10-02 17:40:24.805,5.941
2026-10-02 17:40:26.001,6.847
2026-10-02 17:40:27.117,6.427
2026-10-02 17:40:28.273,6.390
2026-10-02 17:40:29.355,5.734
2026-10-02 17:40:30.398,7.158
2026-10-02 17:40:31.466,5.992
2026-10-02 17:40:32.529,7.103
2026-10-02 17:40:33.710,6.038
2026-10-02 17:40:34.806,6.579
2026-10-02 17:40:35.850,5.943
2026-10-02 17:40:36.978,7.005
2026-10-02 17:40:38.055,6.449
2026-10-02 17:40:39.130,6.587
2026-10-02 17:40:40.178,6.760
2026-10-02 17:40:41.380,6.189
2026-10-02 17:40:42.497,5.881
2026-10-02 17:40:43.666,6.338
2026-10-02 17:40:44.746,6.373
2026-10-02 17:40:45.791,5.994
2026-10-02 17:40:47.032,6.031
2026-10-02 17:40:48.136,5.096
2026-10-02 17:40:49.323,6.659
2026-10-02 17:40:50.379,6.534
2026-10-02 17:40:51.506,7.105
2026-10-02 17:40:52.590,5.930
2026-10-02 17:40:53.691,6.341
2026-10-02 17:40:54.788,7.029
2026-10-02 17:40:55.834,6.655
2026-10-02 17:40:56.900,6.766
2026-10-02 17:40:58.007,6.537
2026-10-02 17:40:59.087,6.516
2026-10-02 17:41:00.194,5.328
2026-10-02 17:41:01.244,6.762
2026-10-02 17:41:02.333,6.889
2026-10-02 17:41:03.477,5.673
2026-10-02 17:41:04.607,6.195
2026-10-02 17:41:05.660,6.693
2026-10-02 17:41:06.772,6.766
2026-10-02 17:41:07.854,6.335
2026-10-02 17:41:09.013,6.183
2026-10-02 17:41:10.097,5.565
2026-10-02 17:41:11.148,6.275
2026-10-02 17:41:12.375,5.904
2026-10-02 17:41:13.782,5.751
2026-10-02 17:41:14.953,6.007
2026-10-02 17:41:16.058,6.840
2026-10-02 17:41:17.141,6.215
2026-10-02 17:41:18.221,5.799
2026-10-02 17:41:19.349,6.645
2026-10-02 17:41:20.470,5.939
2026-10-02 17:41:21.641,6.436
2026-10-02 17:41:22.760,6.244
2026-10-02 17:41:23.870,5.801
2026-10-02 17:41:24.947,6.339
2026-10-02 17:41:26.162,5.214
2026-10-02 17:41:27.428,6.259
2026-10-02 17:41:28.646,5.682
2026-10-02 17:41:29.744,7.026
2026-10-02 17:41:30.859,5.777
2026-10-02 17:41:31.923,6.819
2026-10-02 17:41:33.062,6.696
2026-10-02 17:41:34.234,5.877
2026-10-02 17:41:35.309,6.980
2026-10-02 17:41:36.459,6.620
2026-10-02 17:41:37.557,5.078
2026-10-02 17:41:38.640,5.527
2026-10-02 17:41:39.803,6.802
2026-10-02 17:41:40.887,5.830
2026-10-02 17:41:41.967,6.417
2026-10-02 17:41:43.064,5.782
2026-10-02 17:41:44.167,6.525
2026-10-02 17:41:45.376,6.489
2026-10-02 17:41:46.581,5.390
2026-10-02 17:41:47.945,7.278
2026-10-02 17:41:49.167,6.903
2026-10-02 17:41:50.254,6.201
2026-10-02 17:41:51.340,5.482
2026-10-02 17:41:52.409,6.404
2026-10-02 17:41:53.612,6.516
2026-10-02 17:41:54.797,7.026
2026-10-02 17:41:56.027,6.804
2026-10-02 17:41:57.217,6.290
2026-10-02 17:41:58.360,5.683
2026-10-02 17:41:59.491,6.802
2026-10-02 17:42:00.702,4.937
2026-10-02 17:42:01.941,6.870
2026-10-02 17:42:03.003,6.963
2026-10-02 17:42:04.114,6.439
2026-10-02 17:42:05.197,5.238
2026-10-02 17:42:06.265,6.653
2026-10-02 17:42:07.316,5.896
2026-10-02 17:42:08.476,5.354
2026-10-02 17:42:09.548,6.835
2026-10-02 17:42:10.910,5.925
2026-10-02 17:42:12.108,5.464
2026-10-02 17:42:13.344,5.918
2026-10-02 17:42:14.446,6.146
2026-10-02 17:42:15.532,5.311
2026-10-02 17:42:16.656,6.164
2026-10-02 17:42:17.704,5.906
2026-10-02 17:42:18.833,7.128
2026-10-02 17:42:19.922,5.847
2026-10-02 17:42:20.984,6.429
2026-10-02 17:42:22.042,6.910
2026-10-02 17:42:23.145,6.290
2026-10-02 17:42:24.220,5.951
2026-10-02 17:42:25.289,7.132
2026-10-02 17:42:26.364,6.595
2026-10-02 17:42:27.449,6.083
2026-10-02 17:42:28.493,7.111
2026-10-02 17:42:29.630,7.237
2026-10-02 17:42:30.703,6.324
2026-10-02 17:42:31.925,6.698
2026-10-02 17:42:33.265,5.968
2026-10-02 17:42:34.379,6.376
2026-10-02 17:42:35.441,6.406
2026-10-02 17:42:36.558,6.227
2026-10-02 17:42:37.637,5.539
2026-10-02 17:42:38.691,7.076
2026-10-02 17:42:39.867,5.860
2026-10-02 17:42:40.963,5.207
2026-10-02 17:42:42.081,6.664
2026-10-02 17:42:43.129,6.510
2026-10-02 17:42:44.267,6.991
2026-10-02 17:42:45.338,5.036
2026-10-02 17:42:46.465,7.125
2026-10-02 17:42:47.534,6.389
2026-10-02 17:42:48.584,6.319
2026-10-02 17:42:49.741,5.646
2026-10-02 17:42:50.828,6.400
2026-10-02 17:42:51.985,7.109
2026-10-02 17:42:53.071,6.324
2026-10-02 17:42:54.128,5.046
2026-10-02 17:42:55.229,6.535
2026-10-02 17:42:56.361,6.776
2026-10-02 17:42:57.430,6.288
2026-10-02 17:42:58.469,5.960
2026-10-02 17:42:59.607,6.332
2026-10-02 17:43:00.699,6.094
2026-10-02 17:43:01.859,7.498
2026-10-02 17:43:03.032,6.892
2026-10-02 17:43:04.073,6.453
2026-10-02 17:43:05.214,6.366
2026-10-02 17:43:06.324,5.847
2026-10-02 17:43:07.462,5.618
2026-10-02 17:43:08.517,7.404
2026-10-02 17:43:09.674,6.899
2026-10-02 17:43:10.747,5.832
2026-10-02 17:43:11.819,6.450
2026-10-02 17:43:12.941,6.349
2026-10-02 17:43:13.988,6.814
2026-10-02 17:43:15.151,6.389
2026-10-02 17:43:16.324,6.423
2026-10-02 17:43:17.481,5.958
2026-10-02 17:43:18.616,6.873
2026-10-02 17:43:19.659,5.895
2026-10-02 17:43:20.785,5.930
2026-10-02 17:43:21.918,6.601
2026-10-02 17:43:22.992,7.074
2026-10-02 17:43:24.042,6.991
2026-10-02 17:43:25.112,5.917
2026-10-02 17:43:26.286,5.595
2026-10-02 17:43:27.369,5.306
2026-10-02 17:43:28.460,6.423
2026-10-02 17:43:29.510,6.543
2026-10-02 17:43:30.667,6.875
2026-10-02 17:43:31.809,6.945
2026-10-02 17:43:32.899,6.960
2026-10-02 17:43:34.045,5.479
2026-10-02 17:43:35.091,6.555
2026-10-02 17:43:36.295,6.785
2026-10-02 17:43:37.449,6.165
2026-10-02 17:43:38.607,5.473
2026-10-02 17:43:39.659,5.814
2026-10-02 17:43:40.819,6.847
2026-10-02 17:43:41.898,7.090
2026-10-02 17:43:43.031,7.079
2026-10-02 17:43:44.246,5.606
2026-10-02 17:43:45.371,6.151
2026-10-02 17:43:46.470,6.558
2026-10-02 17:43:47.630,6.489
2026-10-02 17:43:48.719,6.291
2026-10-02 17:43:49.866,5.901
2026-10-02 17:43:51.095,5.486
2026-10-02 17:43:52.224,5.727
2026-10-02 17:43:53.422,7.020
2026-10-02 17:43:54.645,6.284
2026-10-02 17:43:55.805,6.627
2026-10-02 17:43:57.136,7.200
2026-10-02 17:43:58.344,5.935
2026-10-02 17:43:59.546,6.506
2026-10-02 17:44:00.997,6.628
2026-10-02 17:44:02.068,5.020
2026-10-02 17:44:03.171,6.827
2026-10-02 17:44:04.240,6.701
2026-10-02 17:44:05.360,5.964
2026-10-02 17:44:06.537,5.578
2026-10-02 17:44:07.622,7.176
2026-10-02 17:44:08.808,5.764
2026-10-02 17:44:09.939,6.003
2026-10-02 17:44:11.030,6.435
2026-10-02 17:44:12.118,5.751
2026-10-02 17:44:13.232,6.903
2026-10-02 17:44:14.311,5.801
2026-10-02 17:44:15.407,6.496
2026-10-02 17:44:16.562,6.548
2026-10-02 17:44:17.758,6.822
2026-10-02 17:44:18.830,6.485
2026-10-02 17:44:19.905,6.351
2026-10-02 17:44:21.023,5.747
2026-10-02 17:44:22.105,6.801
2026-10-02 17:44:23.181,6.216
2026-10-02 17:44:24.289,6.618
2026-10-02 17:44:25.534,5.434
2026-10-02 17:44:26.866,7.146
2026-10-02 17:44:28.015,5.819
2026-10-02 17:44:29.140,5.941
2026-10-02 17:44:30.250,5.828
2026-10-02 17:44:31.299,5.790
2026-10-02 17:44:32.398,5.990
2026-10-02 17:44:33.607,6.667
2026-10-02 17:44:34.727,5.653
2026-10-02 17:44:35.819,5.590
2026-10-02 17:44:36.906,6.464
2026-10-02 17:44:37.969,6.462
2026-10-02 17:44:39.132,6.922
2026-10-02 17:44:40.258,6.415
2026-10-02 17:44:41.348,5.828
2026-10-02 17:44:42.459,6.408
2026-10-02 17:44:43.574,6.248
2026-10-02 17:44:44.653,6.282
2026-10-02 17:44:46.050,6.706
2026-10-02 17:44:47.188,5.474
2026-10-02 17:44:48.416,6.305
2026-10-02 17:44:49.675,7.362
2026-10-02 17:44:50.745,7.134
2026-10-02 17:44:51.911,6.591
2026-10-02 17:44:53.135,6.526
2026-10-02 17:44:54.396,6.782
2026-10-02 17:44:55.531,5.067
2026-10-02 17:44:56.657,5.705
2026-10-02 17:44:57.814,7.068
2026-10-02 17:44:58.931,5.957
2026-10-02 17:45:00.020,6.909
2026-10-02 17:45:01.198,5.762
2026-10-02 17:45:02.315,6.615
2026-10-02 17:45:03.395,5.839
2026-10-02 17:45:04.495,6.046
2026-10-02 17:45:05.595,5.524
2026-10-02 17:45:06.805,6.123
2026-10-02 17:45:07.877,6.645
2026-10-02 17:45:09.033,6.477
2026-10-02 17:45:10.218,7.229
2026-10-02 17:45:11.464,6.801
2026-10-02 17:45:12.571,5.127
2026-10-02 17:45:13.647,6.180
2026-10-02 17:45:14.903,6.559
2026-10-02 17:45:16.117,5.013
2026-10-02 17:45:17.382,6.202
2026-10-02 17:45:18.568,6.828
2026-10-02 17:45:19.706,5.848
2026-10-02 17:45:20.864,6.930
2026-10-02 17:45:22.057,5.964
2026-10-02 17:45:23.407,6.615
2026-10-02 17:45:24.553,6.671
2026-10-02 17:45:25.790,7.139
2026-10-02 17:45:27.044,6.385
2026-10-02 17:45:28.299,5.707
2026-10-02 17:45:29.433,6.446
2026-10-02 17:45:30.580,6.114
2026-10-02 17:45:31.714,6.028
2026-10-02 17:45:32.774,6.451
2026-10-02 17:45:33.852,6.664
2026-10-02 17:45:34.980,5.754
2026-10-02 17:45:36.112,6.677
2026-10-02 17:45:37.240,6.987
2026-10-02 17:45:38.474,6.089
2026-10-02 17:45:39.624,4.932
2026-10-02 17:45:40.735,5.971
2026-10-02 17:45:41.847,6.468
2026-10-02 17:45:42.969,6.300
2026-10-02 17:45:44.061,5.160
2026-10-02 17:45:45.143,5.798
2026-10-02 17:45:46.377,7.167
2026-10-02 17:45:47.486,5.924
2026-10-02 17:45:48.676,5.942
2026-10-02 17:45:49.804,6.829
2026-10-02 17:45:50.929,5.598
2026-10-02 17:45:52.031,6.438
2026-10-02 17:45:53.131,7.029
2026-10-02 17:45:54.208,6.442
2026-10-02 17:45:55.384,6.533
2026-10-02 17:45:56.491,6.240
2026-10-02 17:45:57.593,6.623
2026-10-02 17:45:58.683,6.394
2026-10-02 17:45:59.818,6.265
2026-10-02 17:46:00.958,6.252
2026-10-02 17:46:02.169,5.523
2026-10-02 17:46:03.230,6.596
2026-10-02 17:46:04.320,5.849
2026-10-02 17:46:05.412,5.884
2026-10-02 17:46:06.571,6.784
2026-10-02 17:46:07.769,5.889
2026-10-02 17:46:09.004,6.426
2026-10-02 17:46:10.142,5.394
2026-10-02 17:46:11.293,6.093
2026-10-02 17:46:12.385,6.340
2026-10-02 17:46:13.575,6.169
2026-10-02 17:46:14.684,5.501
2026-10-02 17:46:15.810,5.417
2026-10-02 17:46:16.903,5.550
2026-10-02 17:46:17.966,5.877
2026-10-02 17:46:19.089,6.892
2026-10-02 17:46:20.187,5.111
2026-10-02 17:46:21.334,5.841
2026-10-02 17:46:22.523,5.565
2026-10-02 17:46:23.671,5.579
2026-10-02 17:46:24.816,5.562
2026-10-02 17:46:25.899,5.824
2026-10-02 17:46:26.997,5.731
2026-10-02 17:46:28.157,5.902
2026-10-02 17:46:29.355,6.414
2026-10-02 17:46:30.541,5.901
2026-10-02 17:46:31.771,6.570
2026-10-02 17:46:32.921,6.563
2026-10-02 17:46:34.031,6.038
2026-10-02 17:46:35.199,4.997
2026-10-02 17:46:36.324,6.165
2026-10-02 17:46:37.425,6.435
2026-10-02 17:46:38.520,5.186
2026-10-02 17:46:39.619,6.031
2026-10-02 17:46:40.832,5.896
2026-10-02 17:46:41.915,7.143
2026-10-02 17:46:43.124,5.240
2026-10-02 17:46:44.311,6.302
2026-10-02 17:46:45.513,5.448
2026-10-02 17:46:46.610,6.027
2026-10-02 17:46:47.744,6.216
2026-10-02 17:46:48.813,6.527
2026-10-02 17:46:49.978,6.357
2026-10-02 17:46:51.060,6.665
2026-10-02 17:46:52.146,5.290
2026-10-02 17:46:53.312,6.782
2026-10-02 17:46:54.435,5.657
2026-10-02 17:46:55.602,5.639
2026-10-02 17:46:56.754,6.286
2026-10-02 17:46:57.888,5.649
2026-10-02 17:46:59.000,5.642
2026-10-02 17:47:00.140,6.587
2026-10-02 17:47:01.264,6.576
2026-10-02 17:47:02.349,5.714
2026-10-02 17:47:03.461,6.481
2026-10-02 17:47:04.621,5.254
2026-10-02 17:47:05.788,6.187
2026-10-02 17:47:06.915,4.969
2026-10-02 17:47:08.049,5.674
2026-10-02 17:47:09.171,6.698
2026-10-02 17:47:10.325,5.217
2026-10-02 17:47:11.423,7.234
2026-10-02 17:47:12.506,5.512
2026-10-02 17:47:13.642,6.514
2026-10-02 17:47:14.883,6.546
2026-10-02 17:47:16.029,6.703
2026-10-02 17:47:17.167,5.027
2026-10-02 17:47:18.279,5.087
2026-10-02 17:47:19.410,6.693
2026-10-02 17:47:20.546,5.175
2026-10-02 17:47:21.667,5.687
2026-10-02 17:47:22.776,6.319
2026-10-02 17:47:23.958,6.376
2026-10-02 17:47:25.104,5.121
2026-10-02 17:47:26.383,6.047
2026-10-02 17:47:27.584,5.736
2026-10-02 17:47:28.720,6.667
2026-10-02 17:47:29.996,6.407
2026-10-02 17:47:31.220,5.704
2026-10-02 17:47:32.546,7.194
2026-10-02 17:47:33.637,5.104
2026-10-02 17:47:34.724,6.456
2026-10-02 17:47:35.901,6.379
2026-10-02 17:47:37.023,7.076
2026-10-02 17:47:38.142,5.572
2026-10-02 17:47:39.286,5.536
2026-10-02 17:47:40.413,6.512
2026-10-02 17:47:41.604,6.712
2026-10-02 17:47:42.721,5.184
2026-10-02 17:47:43.799,6.442
2026-10-02 17:47:44.890,7.367
2026-10-02 17:47:45.991,6.592
2026-10-02 17:47:47.141,5.898
2026-10-02 17:47:48.231,5.691
2026-10-02 17:47:49.567,6.146
2026-10-02 17:47:50.623,6.881
2026-10-02 17:47:51.714,5.147
2026-10-02 17:47:52.925,6.216
2026-10-02 17:47:54.013,6.563
2026-10-02 17:47:55.130,5.618
2026-10-02 17:47:56.269,5.248
2026-10-02 17:47:57.429,7.124
2026-10-02 17:47:58.538,6.658
2026-10-02 17:47:59.661,5.404
2026-10-02 17:48:00.818,5.029
2026-10-02 17:48:01.972,6.431
2026-10-02 17:48:03.072,7.007
2026-10-02 17:48:04.168,6.279
2026-10-02 17:48:05.265,6.140
2026-10-02 17:48:06.398,6.447
2026-10-02 17:48:07.484,6.331
2026-10-02 17:48:08.558,6.531
2026-10-02 17:48:09.798,6.411
2026-10-02 17:48:11.003,5.797
2026-10-02 17:48:12.101,6.063
2026-10-02 17:48:13.327,5.182
2026-10-02 17:48:14.428,6.905
2026-10-02 17:48:15.569,6.673
2026-10-02 17:48:16.732,5.851
2026-10-02 17:48:17.873,7.186
2026-10-02 17:48:18.970,5.809
2026-10-02 17:48:20.046,5.731
2026-10-02 17:48:21.104,6.556
2026-10-02 17:48:22.302,5.610
2026-10-02 17:48:23.521,5.275
2026-10-02 17:48:24.670,5.997
2026-10-02 17:48:25.765,6.641
2026-10-02 17:48:26.852,6.377
2026-10-02 17:48:27.968,5.118
2026-10-02 17:48:29.160,5.285
2026-10-02 17:48:30.321,6.078
2026-10-02 17:48:31.409,7.365
2026-10-02 17:48:32.529,5.997
2026-10-02 17:48:33.775,5.584
2026-10-02 17:48:34.898,6.970
2026-10-02 17:48:36.124,7.115
2026-10-02 17:48:37.333,6.803
2026-10-02 17:48:38.449,6.425
2026-10-02 17:48:39.570,6.187
2026-10-02 17:48:40.685,5.998
2026-10-02 17:48:41.822,6.789
2026-10-02 17:48:43.033,5.180
2026-10-02 17:48:44.379,5.265
2026-10-02 17:48:45.591,5.551
2026-10-02 17:48:46.745,5.257
2026-10-02 17:48:47.879,4.849
2026-10-02 17:48:48.975,6.014
2026-10-02 17:48:50.149,5.780
2026-10-02 17:48:51.311,6.448
2026-10-02 17:48:52.366,5.751
2026-10-02 17:48:53.484,5.872
2026-10-02 17:48:54.690,6.584
2026-10-02 17:48:55.810,7.130
2026-10-02 17:48:56.904,5.074
2026-10-02 17:48:58.047,5.670
2026-10-02 17:48:59.176,5.678
2026-10-02 17:49:00.438,6.673
2026-10-02 17:49:01.557,5.674
2026-10-02 17:49:02.662,5.903
2026-10-02 17:49:03.778,6.348
2026-10-02 17:49:04.859,6.322
2026-10-02 17:49:06.068,5.743
2026-10-02 17:49:07.269,4.803
2026-10-02 17:49:08.362,6.985
2026-10-02 17:49:09.454,5.685
2026-10-02 17:49:10.629,5.818
2026-10-02 17:49:11.731,5.365
2026-10-02 17:49:12.828,6.934
2026-10-02 17:49:14.002,6.676
2026-10-02 17:49:15.098,5.944
2026-10-02 17:49:16.218,6.508
2026-10-02 17:49:17.380,6.202
2026-10-02 17:49:18.532,7.009
2026-10-02 17:49:19.682,5.624
2026-10-02 17:49:20.814,7.158
2026-10-02 17:49:21.961,5.650
2026-10-02 17:49:23.023,5.153
2026-10-02 17:49:24.377,5.647
2026-10-02 17:49:25.560,6.411
2026-10-02 17:49:26.655,7.082
2026-10-02 17:49:27.892,5.668
2026-10-02 17:49:28.997,5.159
2026-10-02 17:49:30.173,5.568
2026-10-02 17:49:31.258,6.551
2026-10-02 17:49:32.343,2.590
2026-10-02 17:49:34.753,2.477
2026-10-02 17:49:35.867,2.444
2026-10-02 17:49:37.047,3.801
2026-10-02 17:49:38.246,2.595
2026-10-02 17:49:39.382,2.821
2026-10-02 17:49:40.483,2.404
2026-10-02 17:49:41.539,2.332
2026-10-02 17:49:42.630,2.501
2026-10-02 17:49:43.679,2.638
2026-10-02 17:49:44.770,2.612
2026-10-02 17:49:45.900,2.655
2026-10-02 17:49:47.091,2.999
2026-10-02 17:49:48.659,2.463
2026-10-02 17:49:52.345,2.232
2026-10-02 17:49:53.372,2.242
2026-10-02 17:49:54.460,2.441
2026-10-02 17:49:55.523,2.423
2026-10-02 17:49:56.588,2.432
2026-10-02 17:49:57.659,2.490
2026-10-02 17:49:58.711,2.442
2026-10-02 17:49:59.884,2.475
2026-10-02 17:50:00.965,2.249
2026-10-02 17:50:02.016,2.224
2026-10-02 17:50:03.143,2.216
2026-10-02 17:50:04.339,2.393
2026-10-02 17:50:05.593,2.499
2026-10-02 17:50:07.884,3.294
2026-10-02 17:50:09.503,2.447
2026-10-02 17:50:10.588,3.837
2026-10-02 17:50:11.672,3.687
2026-10-02 17:50:12.773,3.468
2026-10-02 17:50:13.828,3.638
2026-10-02 17:50:14.953,6.716
2026-10-02 17:50:16.037,6.595
2026-10-02 17:50:17.268,7.278
2026-10-02 17:50:18.490,6.272
2026-10-02 17:50:19.553,7.044
2026-10-02 17:50:20.683,6.966
2026-10-02 17:50:21.842,7.344
2026-10-02 17:50:22.957,6.697
2026-10-02 17:50:23.988,6.777
2026-10-02 17:50:25.075,6.288
2026-10-02 17:50:26.152,6.176
2026-10-02 17:50:27.287,6.746
2026-10-02 17:50:28.486,6.666
2026-10-02 17:50:29.552,6.503
2026-10-02 17:50:30.604,6.267
2026-10-02 17:50:31.730,6.892
2026-10-02 17:50:32.817,6.423
2026-10-02 17:50:34.155,3.827
2026-10-02 17:50:35.240,2.671
2026-10-02 17:50:36.336,2.981
2026-10-02 17:50:37.483,3.690
2026-10-02 17:50:38.552,3.860
2026-10-02 17:50:39.675,2.468
2026-10-02 17:50:40.805,2.942
2026-10-02 17:50:42.000,5.844
2026-10-02 17:50:43.226,4.367
2026-10-02 17:50:44.498,7.347
2026-10-02 17:50:45.613,7.324
2026-10-02 17:50:46.706,6.859
2026-10-02 17:50:47.763,7.137
2026-10-02 17:50:48.827,8.654
2026-10-02 17:50:49.942,7.485
2026-10-02 17:50:51.057,7.251
2026-10-02 17:50:52.104,6.971
2026-10-02 17:50:53.179,7.231
2026-10-02 17:50:54.318,7.282
2026-10-02 17:50:55.352,6.929
2026-10-02 17:50:56.449,7.046
2026-10-02 17:50:57.582,6.654
2026-10-02 17:50:58.765,6.534
2026-10-02 17:50:59.937,6.973
2026-10-02 17:51:01.046,7.779
2026-10-02 17:51:02.153,7.745
2026-10-02 17:51:03.228,6.894
2026-10-02 17:51:04.283,7.826
2026-10-02 17:51:05.320,6.962
2026-10-02 17:51:06.516,7.605
2026-10-02 17:51:07.617,7.524
2026-10-02 17:51:08.690,7.783
2026-10-02 17:51:09.749,7.652
2026-10-02 17:51:10.817,5.849
2026-10-02 17:51:11.950,7.279
2026-10-02 17:51:13.097,6.802
2026-10-02 17:51:14.196,6.970
2026-10-02 17:51:15.330,6.789
2026-10-02 17:51:16.452,7.726
2026-10-02 17:51:17.533,6.731
2026-10-02 17:51:18.612,7.412
2026-10-02 17:51:19.685,6.711
2026-10-02 17:51:20.775,7.956
2026-10-02 17:51:21.881,7.024
2026-10-02 17:51:22.978,7.931
2026-10-02 17:51:24.035,7.435
2026-10-02 17:51:25.091,7.823
2026-10-02 17:51:26.201,6.649
2026-10-02 17:51:27.291,2.530
2026-10-02 17:51:28.494,2.788
2026-10-02 17:51:30.509,2.310
2026-10-02 17:51:31.697,3.808
2026-10-02 17:51:32.768,3.961
2026-10-02 17:51:33.865,4.056
2026-10-02 17:51:35.082,4.080
2026-10-02 17:51:36.132,5.278
2026-10-02 17:51:37.309,6.586
2026-10-02 17:51:38.388,7.386
2026-10-02 17:51:39.483,5.399
2026-10-02 17:51:40.600,5.628
2026-10-02 17:51:41.703,6.522
2026-10-02 17:51:42.787,6.064
2026-10-02 17:51:43.925,6.324
2026-10-02 17:51:45.082,5.783
2026-10-02 17:51:46.217,6.419
2026-10-02 17:51:47.374,5.980
2026-10-02 17:51:48.577,5.176
2026-10-02 17:51:49.719,5.223
2026-10-02 17:51:50.812,6.662
2026-10-02 17:51:51.904,7.375
2026-10-02 17:51:53.030,5.039
2026-10-02 17:51:54.237,6.221
2026-10-02 17:51:55.521,5.854
2026-10-02 17:51:56.972,6.918
2026-10-02 17:51:58.190,5.221
2026-10-02 17:51:59.294,6.397
2026-10-02 17:52:00.480,6.940
2026-10-02 17:52:01.659,5.441
2026-10-02 17:52:02.744,5.130
2026-10-02 17:52:03.828,5.967
2026-10-02 17:52:05.006,5.436
2026-10-02 17:52:06.150,5.950
2026-10-02 17:52:07.227,7.141
2026-10-02 17:52:08.305,6.748
2026-10-02 17:52:09.375,6.336
2026-10-02 17:52:10.479,6.152
2026-10-02 17:52:11.647,5.219
2026-10-02 17:52:12.723,5.775
2026-10-02 17:52:13.798,6.638
2026-10-02 17:52:14.881,6.022
2026-10-02 17:52:16.037,5.125
2026-10-02 17:52:17.202,6.376
2026-10-02 17:52:18.355,5.633
2026-10-02 17:52:19.437,6.685
2026-10-02 17:52:20.533,5.583
2026-10-02 17:52:21.607,6.363
2026-10-02 17:52:22.693,5.955
2026-10-02 17:52:23.787,5.510
2026-10-02 17:52:24.870,5.381
2026-10-02 17:52:25.938,6.367
2026-10-02 17:52:27.018,6.228
2026-10-02 17:52:28.109,5.014
2026-10-02 17:52:29.191,6.477
2026-10-02 17:52:30.281,6.299
2026-10-02 17:52:31.367,5.157
2026-10-02 17:52:32.444,6.024
2026-10-02 17:52:33.565,6.316
2026-10-02 17:52:34.644,4.974
2026-10-02 17:52:35.724,6.412
2026-10-02 17:52:36.845,6.493
2026-10-02 17:52:37.926,5.690
2026-10-02 17:52:39.001,6.520
2026-10-02 17:52:40.082,6.114
2026-10-02 17:52:41.206,6.667
2026-10-02 17:52:42.297,5.994
2026-10-02 17:52:43.374,5.882
2026-10-02 17:52:44.453,6.592
2026-10-02 17:52:45.541,5.762
2026-10-02 17:52:46.624,5.643
2026-10-02 17:52:47.716,5.652
2026-10-02 17:52:48.834,6.193
2026-10-02 17:52:49.917,5.862
2026-10-02 17:52:51.048,5.886
2026-10-02 17:52:52.133,5.722
2026-10-02 17:52:53.200,6.387
2026-10-02 17:52:54.275,6.501
2026-10-02 17:52:55.348,6.796
2026-10-02 17:52:56.459,5.261
2026-10-02 17:52:57.523,5.660
2026-10-02 17:52:58.599,5.760
2026-10-02 17:52:59.681,5.985
2026-10-02 17:53:00.763,6.174
2026-10-02 17:53:01.888,6.488
2026-10-02 17:53:02.973,6.556
2026-10-02 17:53:04.055,6.181
2026-10-02 17:53:05.139,5.372
2026-10-02 17:53:06.233,5.903
2026-10-02 17:53:07.313,5.108
2026-10-02 17:53:08.389,6.342
2026-10-02 17:53:09.470,6.464
2026-10-02 17:53:10.549,6.091
2026-10-02 17:53:11.638,5.761
2026-10-02 17:53:12.718,6.851
2026-10-02 17:53:13.813,6.227
2026-10-02 17:53:14.893,5.883
2026-10-02 17:53:15.976,5.886
2026-10-02 17:53:17.071,5.812
2026-10-02 17:53:18.134,5.839
2026-10-02 17:53:19.210,6.447
2026-10-02 17:53:20.307,6.127
2026-10-02 17:53:21.389,5.143
2026-10-02 17:53:22.480,7.065
2026-10-02 17:53:23.557,6.943
2026-10-02 17:53:24.638,6.447
2026-10-02 17:53:25.719,5.546
2026-10-02 17:53:26.816,6.692
2026-10-02 17:53:27.902,5.494
2026-10-02 17:53:28.988,5.529
2026-10-02 17:53:30.082,5.728
2026-10-02 17:53:31.168,5.519
2026-10-02 17:53:32.249,5.430
2026-10-02 17:53:33.341,6.381
2026-10-02 17:53:34.425,5.088
2026-10-02 17:53:35.499,6.735
2026-10-02 17:53:36.582,6.159
2026-10-02 17:53:37.651,6.367
2026-10-02 17:53:38.735,5.880
2026-10-02 17:53:39.799,6.768
2026-10-02 17:53:40.879,5.095
2026-10-02 17:53:41.972,6.283
2026-10-02 17:53:43.043,5.043
2026-10-02 17:53:44.114,6.686
2026-10-02 17:53:45.196,5.735
2026-10-02 17:53:46.279,6.077
2026-10-02 17:53:47.355,5.758
2026-10-02 17:53:48.420,6.875
2026-10-02 17:53:49.470,6.414
2026-10-02 17:53:50.553,5.858
2026-10-02 17:53:51.647,6.221
2026-10-02 17:53:52.735,6.557
2026-10-02 17:53:53.843,5.600
2026-10-02 17:53:54.925,5.770
2026-10-02 17:53:56.006,5.933
2026-10-02 17:53:57.119,5.796
2026-10-02 17:53:58.216,6.111
2026-10-02 17:53:59.335,6.551
2026-10-02 17:54:00.428,6.879
2026-10-02 17:54:01.502,6.408
2026-10-02 17:54:02.601,5.966
2026-10-02 17:54:03.746,6.096
2026-10-02 17:54:04.876,5.963
2026-10-02 17:54:05.981,6.659
2026-10-02 17:54:07.062,6.699
2026-10-02 17:54:08.150,6.754
2026-10-02 17:54:09.228,6.003
2026-10-02 17:54:10.316,5.937
2026-10-02 17:54:11.395,5.510
2026-10-02 17:54:12.470,6.144
2026-10-02 17:54:13.704,6.397
2026-10-02 17:54:14.761,5.521
2026-10-02 17:54:15.840,5.641
2026-10-02 17:54:16.946,6.675
2026-10-02 17:54:18.067,5.941
2026-10-02 17:54:19.144,6.263
2026-10-02 17:54:20.525,7.119
2026-10-02 17:54:21.620,6.020
2026-10-02 17:54:22.699,5.775
2026-10-02 17:54:23.778,6.390
2026-10-02 17:54:24.852,5.654
2026-10-02 17:54:25.946,6.218
2026-10-02 17:54:27.013,6.394
2026-10-02 17:54:28.123,5.250
2026-10-02 17:54:29.186,5.604
2026-10-02 17:54:30.250,6.912
2026-10-02 17:54:31.317,5.867
2026-10-02 17:54:32.427,7.093
2026-10-02 17:54:33.541,6.197
2026-10-02 17:54:34.610,5.521
2026-10-02 17:54:35.679,5.869
2026-10-02 17:54:36.750,5.737
2026-10-02 17:54:37.832,6.560
2026-10-02 17:54:38.905,5.516
2026-10-02 17:54:39.988,6.005
2026-10-02 17:54:41.076,5.931
2026-10-02 17:54:42.170,5.130
2026-10-02 17:54:43.250,5.934
2026-10-02 17:54:44.349,6.652
2026-10-02 17:54:45.456,5.677
2026-10-02 17:54:46.584,6.624
2026-10-02 17:54:47.692,5.586
2026-10-02 17:54:48.774,6.610
2026-10-02 17:54:49.869,5.704
2026-10-02 17:54:50.967,6.492
2026-10-02 17:54:52.148,5.976
2026-10-02 17:54:53.234,6.410
2026-10-02 17:54:54.302,5.578
2026-10-02 17:54:55.397,7.195
2026-10-02 17:54:56.493,6.496
2026-10-02 17:54:57.577,5.652
2026-10-02 17:54:58.681,5.616
2026-10-02 17:54:59.785,5.994
2026-10-02 17:55:00.854,5.496
2026-10-02 17:55:01.954,6.376
2026-10-02 17:55:03.099,6.263
2026-10-02 17:55:04.276,6.116
2026-10-02 17:55:05.364,5.083
2026-10-02 17:55:06.432,6.661
2026-10-02 17:55:07.548,6.585
2026-10-02 17:55:08.628,4.932
2026-10-02 17:55:09.700,6.236
2026-10-02 17:55:10.771,6.677
2026-10-02 17:55:11.852,5.537
2026-10-02 17:55:12.920,5.963
2026-10-02 17:55:13.995,6.424
2026-10-02 17:55:15.072,6.018
2026-10-02 17:55:16.134,5.432
2026-10-02 17:55:17.196,6.909
2026-10-02 17:55:18.265,7.000
2026-10-02 17:55:19.336,5.920
2026-10-02 17:55:20.416,5.108
2026-10-02 17:55:21.526,5.729
2026-10-02 17:55:22.604,5.397
2026-10-02 17:55:23.678,6.239
2026-10-02 17:55:24.748,5.871
2026-10-02 17:55:25.821,6.231
2026-10-02 17:55:26.896,6.328
2026-10-02 17:55:27.959,6.626
2026-10-02 17:55:29.036,5.295
2026-10-02 17:55:30.112,5.172
2026-10-02 17:55:31.166,5.783
2026-10-02 17:55:32.239,5.395
2026-10-02 17:55:33.305,6.368
2026-10-02 17:55:34.462,5.908
2026-10-02 17:55:35.545,5.287
2026-10-02 17:55:36.613,6.299
2026-10-02 17:55:37.672,6.417
2026-10-02 17:55:38.753,5.800
2026-10-02 17:55:39.820,6.932
2026-10-02 17:55:40.897,6.350
2026-10-02 17:55:41.956,4.869
2026-10-02 17:55:43.026,6.507
2026-10-02 17:55:44.096,6.228
2026-10-02 17:55:45.174,6.428
2026-10-02 17:55:46.251,6.367
2026-10-02 17:55:47.328,5.563
2026-10-02 17:55:48.404,6.860
2026-10-02 17:55:49.481,6.384
2026-10-02 17:55:50.558,5.830
2026-10-02 17:55:51.633,6.116
2026-10-02 17:55:52.702,5.697
2026-10-02 17:55:53.779,6.433
2026-10-02 17:55:54.847,6.211
2026-10-02 17:55:55.922,5.714
2026-10-02 17:55:56.973,7.045
2026-10-02 17:55:58.047,6.875
2026-10-02 17:55:59.122,5.200
2026-10-02 17:56:00.198,5.807
2026-10-02 17:56:01.276,5.477
2026-10-02 17:56:02.349,5.938
2026-10-02 17:56:03.426,5.306
2026-10-02 17:56:04.544,5.587
2026-10-02 17:56:05.614,7.125
2026-10-02 17:56:06.688,4.934
2026-10-02 17:56:07.766,5.562
2026-10-02 17:56:08.849,5.667
2026-10-02 17:56:09.925,5.273
2026-10-02 17:56:11.043,6.704
2026-10-02 17:56:12.128,6.291
2026-10-02 17:56:13.209,5.831
2026-10-02 17:56:14.295,6.899
2026-10-02 17:56:15.375,7.053
2026-10-02 17:56:16.509,5.614
2026-10-02 17:56:17.599,6.344
2026-10-02 17:56:18.719,6.235
2026-10-02 17:56:19.798,6.864
2026-10-02 17:56:20.883,5.955
2026-10-02 17:56:21.968,5.854
2026-10-02 17:56:23.057,5.124
2026-10-02 17:56:24.143,7.007
2026-10-02 17:56:25.234,6.506
2026-10-02 17:56:26.319,5.588
2026-10-02 17:56:27.371,6.796
2026-10-02 17:56:28.460,5.415
2026-10-02 17:56:29.584,6.107
2026-10-02 17:56:30.672,5.398
2026-10-02 17:56:31.756,5.324
2026-10-02 17:56:32.878,6.479
2026-10-02 17:56:33.954,6.571
2026-10-02 17:56:35.031,5.710
2026-10-02 17:56:36.149,6.377
2026-10-02 17:56:37.214,6.334
2026-10-02 17:56:38.270,5.236
2026-10-02 17:56:39.342,6.272
2026-10-02 17:56:40.412,5.662
2026-10-02 17:56:41.524,6.245
2026-10-02 17:56:42.598,5.270
2026-10-02 17:56:43.658,5.982
2026-10-02 17:56:44.720,6.570
2026-10-02 17:56:45.795,5.879
2026-10-02 17:56:46.862,6.355
2026-10-02 17:56:47.938,5.834
2026-10-02 17:56:49.017,6.687
2026-10-02 17:56:50.089,5.554
2026-10-02 17:56:51.159,6.223
2026-10-02 17:56:52.248,5.710
2026-10-02 17:56:53.321,6.228
2026-10-02 17:56:54.400,6.487
2026-10-02 17:56:55.474,6.305
2026-10-02 17:56:56.548,5.324
2026-10-02 17:56:57.619,7.143
2026-10-02 17:56:58.692,6.638
2026-10-02 17:56:59.767,5.600
2026-10-02 17:57:00.850,6.505
2026-10-02 17:57:01.918,6.176
2026-10-02 17:57:02.988,6.207
2026-10-02 17:57:04.190,6.394
2026-10-02 17:57:05.260,5.892
2026-10-02 17:57:06.342,6.831
2026-10-02 17:57:07.423,5.803
2026-10-02 17:57:08.483,6.177
2026-10-02 17:57:09.556,5.824
2026-10-02 17:57:10.626,5.759
2026-10-02 17:57:11.711,5.486
2026-10-02 17:57:12.821,5.904
2026-10-02 17:57:13.964,5.806
2026-10-02 17:57:15.219,6.332
2026-10-02 17:57:16.356,5.434
2026-10-02 17:57:17.487,5.780
2026-10-02 17:57:18.891,5.865
2026-10-02 17:57:20.205,5.778
2026-10-02 17:57:21.547,5.054
2026-10-02 17:57:22.705,6.304
2026-10-02 17:57:23.921,5.404
2026-10-02 17:57:25.314,5.797
2026-10-02 17:57:26.512,6.179
2026-10-02 17:57:27.658,6.414
2026-10-02 17:57:28.922,6.207
2026-10-02 17:57:30.184,5.314
2026-10-02 17:57:31.336,5.717
2026-10-02 17:57:32.470,5.749
2026-10-02 17:57:33.597,6.632
2026-10-02 17:57:34.802,6.822
2026-10-02 17:57:36.259,6.533
2026-10-02 17:57:37.353,6.769
2026-10-02 17:57:38.455,6.855
2026-10-02 17:57:39.516,5.079
2026-10-02 17:57:40.843,5.776
2026-10-02 17:57:42.170,6.389
2026-10-02 17:57:43.371,6.127
2026-10-02 17:57:44.519,5.615
2026-10-02 17:57:45.794,6.013
2026-10-02 17:57:47.058,6.655
2026-10-02 17:57:48.315,5.918
2026-10-02 17:57:49.376,7.083
2026-10-02 17:57:50.574,5.739
2026-10-02 17:57:51.749,6.562
2026-10-02 17:57:52.938,5.145
2026-10-02 17:57:54.106,6.711
2026-10-02 17:57:55.166,6.228
2026-10-02 17:57:56.434,5.635
2026-10-02 17:57:57.614,5.765
2026-10-02 17:57:58.775,5.621
2026-10-02 17:57:59.831,6.218
2026-10-02 17:58:00.985,5.939
2026-10-02 17:58:02.103,6.498
2026-10-02 17:58:03.319,6.297
2026-10-02 17:58:04.577,6.410
2026-10-02 17:58:05.754,5.612
2026-10-02 17:58:06.989,6.952
2026-10-02 17:58:08.286,6.324
2026-10-02 17:58:09.680,6.988
2026-10-02 17:58:10.925,5.662
2026-10-02 17:58:12.345,5.863
2026-10-02 17:58:13.470,6.931
2026-10-02 17:58:14.716,6.928
2026-10-02 17:58:15.904,6.177
2026-10-02 17:58:17.085,5.219
2026-10-02 17:58:18.307,5.364
2026-10-02 17:58:19.436,6.348
2026-10-02 17:58:20.496,5.960
2026-10-02 17:58:21.730,5.224
2026-10-02 17:58:22.935,5.095
2026-10-02 17:58:24.150,5.134
2026-10-02 17:58:25.213,5.696
2026-10-02 17:58:26.454,6.490
2026-10-02 17:58:27.648,6.028
2026-10-02 17:58:28.798,5.976
2026-10-02 17:58:30.053,5.498
2026-10-02 17:58:31.226,6.846
2026-10-02 17:58:32.383,6.319
2026-10-02 17:58:33.614,5.153
2026-10-02 17:58:34.688,6.220
2026-10-02 17:58:35.944,6.824
2026-10-02 17:58:37.250,5.934
2026-10-02 17:58:38.395,5.399
2026-10-02 17:58:39.538,6.659
2026-10-02 17:58:40.700,5.830
2026-10-02 17:58:41.871,5.631
2026-10-02 17:58:43.025,5.368
2026-10-02 17:58:44.226,6.296
2026-10-02 17:58:45.458,6.401
2026-10-02 17:58:46.668,6.052
2026-10-02 17:58:47.927,5.688
2026-10-02 17:58:49.083,5.584
2026-10-02 17:58:50.202,4.963
2026-10-02 17:58:51.458,5.743
2026-10-02 17:58:52.751,5.637
2026-10-02 17:58:53.914,7.033
2026-10-02 17:58:55.217,5.915
2026-10-02 17:58:56.262,6.066
2026-10-02 17:58:57.378,6.153
2026-10-02 17:58:58.513,5.773
2026-10-02 17:58:59.604,5.627
2026-10-02 17:59:00.950,6.315
2026-10-02 17:59:02.323,5.372
2026-10-02 17:59:03.551,6.084
2026-10-02 17:59:04.641,6.172
2026-10-02 17:59:05.852,5.216
2026-10-02 17:59:07.034,6.312
2026-10-02 17:59:08.273,5.760
2026-10-02 17:59:09.401,7.022
2026-10-02 17:59:10.631,6.273
2026-10-02 17:59:11.919,5.732
2026-10-02 17:59:13.208,6.919
2026-10-02 17:59:14.323,6.408
2026-10-02 17:59:15.644,5.761
2026-10-02 17:59:16.822,6.686
2026-10-02 17:59:17.965,6.344
2026-10-02 17:59:19.067,5.576
2026-10-02 17:59:20.165,6.560
2026-10-02 17:59:21.355,5.471
2026-10-02 17:59:22.575,5.051
2026-10-02 17:59:23.657,7.227
2026-10-02 17:59:24.801,5.903
2026-10-02 17:59:26.033,6.659
2026-10-02 17:59:27.099,6.709
2026-10-02 17:59:28.558,5.340
2026-10-02 17:59:29.871,5.893
2026-10-02 17:59:31.138,6.151
2026-10-02 17:59:32.398,6.319
2026-10-02 17:59:33.598,5.412
2026-10-02 17:59:34.776,6.440
2026-10-02 17:59:36.122,5.794
2026-10-02 17:59:37.368,6.548
2026-10-02 17:59:38.633,5.876
2026-10-02 17:59:39.742,5.188
2026-10-02 17:59:40.959,6.893
2026-10-02 17:59:42.212,5.082
2026-10-02 17:59:43.378,5.963
2026-10-02 17:59:44.506,6.748
2026-10-02 17:59:45.648,6.147
2026-10-02 17:59:46.821,5.676
2026-10-02 17:59:47.881,6.134
2026-10-02 17:59:49.066,6.509
2026-10-02 17:59:50.241,6.421
2026-10-02 17:59:51.426,6.298
2026-10-02 17:59:52.962,5.416
2026-10-02 17:59:54.047,5.517
2026-10-02 17:59:55.195,6.407
2026-10-02 17:59:56.274,6.787
2026-10-02 17:59:57.348,5.639
2026-10-02 17:59:58.425,5.693
2026-10-02 17:59:59.497,5.660
2026-10-02 18:00:00.573,6.989
2026-10-02 18:00:01.648,6.981
2026-10-02 18:00:02.728,5.213
2026-10-02 18:00:03.788,6.445
2026-10-02 18:00:04.858,6.661
2026-10-02 18:00:05.936,5.737
2026-10-02 18:00:06.997,6.230
2026-10-02 18:00:08.070,5.510
2026-10-02 18:00:09.141,5.695
2026-10-02 18:00:10.217,6.025
2026-10-02 18:00:11.298,5.724
2026-10-02 18:00:12.373,6.401
2026-10-02 18:00:13.451,5.673
2026-10-02 18:00:14.610,6.965
2026-10-02 18:00:15.691,6.444
2026-10-02 18:00:16.793,5.810
2026-10-02 18:00:17.848,5.719
2026-10-02 18:00:18.932,6.174
2026-10-02 18:00:20.015,5.640
2026-10-02 18:00:21.152,5.658
2026-10-02 18:00:22.232,6.899
2026-10-02 18:00:23.311,6.215
2026-10-02 18:00:24.398,5.756
2026-10-02 18:00:25.484,5.500
2026-10-02 18:00:26.557,6.668
2026-10-02 18:00:27.640,6.358
2026-10-02 18:00:28.724,5.447
2026-10-02 18:00:29.803,6.703
2026-10-02 18:00:30.930,5.564
2026-10-02 18:00:32.014,6.273
2026-10-02 18:00:33.083,5.368
2026-10-02 18:00:35.378,5.818
2026-10-02 18:00:37.172,6.324
2026-10-02 18:00:39.228,6.305
2026-10-02 18:00:40.630,5.680
2026-10-02 18:00:43.363,6.133
2026-10-02 18:00:47.226,6.858
2026-10-02 18:00:48.647,6.429
2026-10-02 18:00:49.860,5.738
2026-10-02 18:00:52.262,5.500
2026-10-02 18:00:53.721,5.779
2026-10-02 18:00:55.271,5.796
2026-10-02 18:00:59.072,6.798
2026-10-02 18:01:02.125,5.815
2026-10-02 18:01:03.604,5.376
2026-10-02 18:01:04.666,6.743
2026-10-02 18:01:06.013,5.745
2026-10-02 18:01:07.477,6.868
2026-10-02 18:01:10.088,6.385
2026-10-02 18:01:12.243,6.338
2026-10-02 18:01:13.761,5.491
2026-10-02 18:01:14.823,5.263
2026-10-02 18:01:15.896,6.957
2026-10-02 18:01:17.195,6.358
2026-10-02 18:01:20.321,5.626
2026-10-02 18:01:22.218,5.959
2026-10-02 18:01:24.150,6.504
2026-10-02 18:01:25.833,5.652
2026-10-02 18:01:27.769,5.209
2026-10-02 18:01:29.527,5.083
2026-10-02 18:01:31.741,6.364
2026-10-02 18:01:33.726,5.274
2026-10-02 18:01:34.871,6.311
2026-10-02 18:01:35.931,6.692
2026-10-02 18:01:37.812,6.328
2026-10-02 18:01:38.884,7.010
2026-10-02 18:01:41.475,5.111
2026-10-02 18:01:43.253,5.265
2026-10-02 18:01:44.889,7.001
2026-10-02 18:01:45.949,5.611
2026-10-02 18:01:48.653,6.210
2026-10-02 18:01:51.091,5.557
2026-10-02 18:01:53.140,5.944
2026-10-02 18:01:55.017,5.402
2026-10-02 18:01:56.158,6.749
2026-10-02 18:01:57.796,5.154
2026-10-02 18:01:59.669,6.582
2026-10-02 18:02:02.280,6.372
2026-10-02 18:02:03.368,5.808
2026-10-02 18:02:05.482,6.819
2026-10-02 18:02:08.010,5.978
2026-10-02 18:02:09.123,5.879
2026-10-02 18:02:10.255,5.396
2026-10-02 18:02:12.273,7.174
2026-10-02 18:02:13.496,5.184
2026-10-02 18:02:14.578,6.439
2026-10-02 18:02:16.375,5.852
2026-10-02 18:02:18.612,6.222
2026-10-02 18:02:20.196,6.397
2026-10-02 18:02:21.268,6.404
2026-10-02 18:02:22.534,5.665
2026-10-02 18:02:23.804,6.687
2026-10-02 18:02:24.877,6.565
2026-10-02 18:02:25.946,5.843
2026-10-02 18:02:26.994,6.135
2026-10-02 18:02:28.061,6.931
2026-10-02 18:02:29.138,5.605
2026-10-02 18:02:30.219,4.811
2026-10-02 18:02:31.319,6.299
2026-10-02 18:02:32.402,6.205
2026-10-02 18:02:33.488,5.951
2026-10-02 18:02:34.576,6.749
2026-10-02 18:02:35.663,6.449
2026-10-02 18:02:36.751,5.366
2026-10-02 18:02:37.884,5.937
2026-10-02 18:02:38.963,5.995
2026-10-02 18:02:40.045,5.672
2026-10-02 18:02:41.167,6.750
2026-10-02 18:02:42.253,5.979
2026-10-02 18:02:43.372,5.753
2026-10-02 18:02:44.438,6.424
2026-10-02 18:02:45.522,5.892
2026-10-02 18:02:46.643,6.981
2026-10-02 18:02:47.721,6.391
2026-10-02 18:02:48.796,5.601
2026-10-02 18:02:49.867,6.178
2026-10-02 18:02:50.942,6.421
2026-10-02 18:02:52.127,5.007
2026-10-02 18:02:53.337,5.645
2026-10-02 18:02:54.488,6.244
2026-10-02 18:02:55.704,5.992
2026-10-02 18:02:56.877,5.683
2026-10-02 18:02:57.940,6.636
2026-10-02 18:02:59.069,5.738
2026-10-02 18:03:00.157,5.967
2026-10-02 18:03:01.265,6.991
2026-10-02 18:03:02.348,6.333
2026-10-02 18:03:03.471,5.564
2026-10-02 18:03:04.705,5.202
2026-10-02 18:03:05.896,5.748
2026-10-02 18:03:06.988,5.662
2026-10-02 18:03:08.089,6.180
2026-10-02 18:03:09.236,7.032
2026-10-02 18:03:10.415,5.716
2026-10-02 18:03:11.537,6.745
2026-10-02 18:03:12.650,6.142
2026-10-02 18:03:13.752,6.926
2026-10-02 18:03:14.880,5.815
2026-10-02 18:03:16.010,5.656
2026-10-02 18:03:17.272,6.415
2026-10-02 18:03:18.368,6.110
2026-10-02 18:03:19.563,6.945
2026-10-02 18:03:20.756,6.831
2026-10-02 18:03:21.921,5.766
2026-10-02 18:03:23.282,5.973
2026-10-02 18:03:24.489,5.727
2026-10-02 18:03:25.599,6.948
2026-10-02 18:03:26.760,4.972
2026-10-02 18:03:27.884,5.616
2026-10-02 18:03:28.944,7.138
2026-10-02 18:03:30.149,5.733
2026-10-02 18:03:31.356,6.570
2026-10-02 18:03:32.473,7.340
2026-10-02 18:03:33.596,5.833
2026-10-02 18:03:34.697,6.310
2026-10-02 18:03:35.959,6.315
2026-10-02 18:03:37.100,6.233
2026-10-02 18:03:38.197,6.636
2026-10-02 18:03:39.336,5.550
2026-10-02 18:03:40.561,6.311
2026-10-02 18:03:41.722,5.948
2026-10-02 18:03:42.914,6.356
2026-10-02 18:03:44.073,5.866
2026-10-02 18:03:45.209,5.582
2026-10-02 18:03:46.347,6.708
2026-10-02 18:03:47.428,6.359
2026-10-02 18:03:48.519,6.187
2026-10-02 18:03:49.700,4.915
2026-10-02 18:03:50.785,6.703
2026-10-02 18:03:52.124,5.713
2026-10-02 18:03:53.250,6.465
2026-10-02 18:03:54.813,6.136
2026-10-02 18:03:56.061,6.461
2026-10-02 18:03:57.226,6.449
2026-10-02 18:03:58.395,4.921
2026-10-02 18:03:59.467,5.508
2026-10-02 18:04:00.607,6.331
2026-10-02 18:04:01.721,6.647
2026-10-02 18:04:02.839,5.928
2026-10-02 18:04:03.946,6.112
2026-10-02 18:04:05.077,6.184
2026-10-02 18:04:06.201,6.071
2026-10-02 18:04:07.321,6.938
2026-10-02 18:04:08.487,5.676
2026-10-02 18:04:09.698,5.696
2026-10-02 18:04:10.850,5.407
2026-10-02 18:04:11.989,6.094
2026-10-02 18:04:13.131,6.390
2026-10-02 18:04:14.261,5.786
2026-10-02 18:04:15.402,5.875
2026-10-02 18:04:16.553,6.397
2026-10-02 18:04:17.691,6.472
2026-10-02 18:04:18.775,6.616
2026-10-02 18:04:20.006,5.502
2026-10-02 18:04:21.142,7.533
2026-10-02 18:04:22.353,5.844
2026-10-02 18:04:23.481,5.106
2026-10-02 18:04:24.679,5.260
2026-10-02 18:04:25.839,6.726
2026-10-02 18:04:27.039,5.539
2026-10-02 18:04:28.551,7.204
2026-10-02 18:04:29.620,5.858
2026-10-02 18:04:30.741,6.706
2026-10-02 18:04:32.034,6.145
2026-10-02 18:04:33.243,5.727
2026-10-02 18:04:34.433,6.499
2026-10-02 18:04:35.585,6.888
2026-10-02 18:04:36.718,5.757
2026-10-02 18:04:38.347,5.928
2026-10-02 18:04:39.433,5.650
2026-10-02 18:04:40.529,5.844
2026-10-02 18:04:41.651,5.500
2026-10-02 18:04:42.832,5.385
2026-10-02 18:04:43.981,6.582
2026-10-02 18:04:45.196,4.965
2026-10-02 18:04:46.364,5.692
2026-10-02 18:04:47.467,6.685
2026-10-02 18:04:48.637,6.392
2026-10-02 18:04:49.830,5.451
2026-10-02 18:04:50.961,6.408
2026-10-02 18:04:52.043,6.832
2026-10-02 18:04:53.134,5.907
2026-10-02 18:04:54.221,7.223
2026-10-02 18:04:55.346,5.470
2026-10-02 18:04:56.528,6.656
2026-10-02 18:04:57.831,6.394
2026-10-02 18:04:59.009,5.599
2026-10-02 18:05:00.209,5.606
2026-10-02 18:05:01.400,5.819
2026-10-02 18:05:02.576,6.713
2026-10-02 18:05:03.741,6.243
2026-10-02 18:05:04.891,5.382
2026-10-02 18:05:06.101,5.228
2026-10-02 18:05:07.235,6.050
2026-10-02 18:05:08.370,6.349
2026-10-02 18:05:09.469,6.597
2026-10-02 18:05:10.703,4.989
2026-10-02 18:05:11.875,5.654
2026-10-02 18:05:13.058,7.127
2026-10-02 18:05:14.198,5.669
2026-10-02 18:05:15.286,6.321
2026-10-02 18:05:16.395,6.149
2026-10-02 18:05:17.543,6.145
2026-10-02 18:05:18.727,5.106
2026-10-02 18:05:19.823,6.242
2026-10-02 18:05:20.927,7.160
2026-10-02 18:05:22.058,5.800
2026-10-02 18:05:23.187,6.533
2026-10-02 18:05:24.290,6.907
2026-10-02 18:05:25.364,5.450
2026-10-02 18:05:26.504,5.670
2026-10-02 18:05:27.635,5.604
2026-10-02 18:05:28.751,6.861
2026-10-02 18:05:29.912,5.195
2026-10-02 18:05:30.998,6.409
2026-10-02 18:05:32.194,6.140
2026-10-02 18:05:33.403,5.802
2026-10-02 18:05:34.784,6.936
2026-10-02 18:05:36.001,5.103
2026-10-02 18:05:37.177,6.021
2026-10-02 18:05:38.366,6.305
2026-10-02 18:05:39.485,5.758
2026-10-02 18:05:40.965,6.453
2026-10-02 18:05:42.134,6.382
2026-10-02 18:05:43.343,5.407
2026-10-02 18:05:44.442,6.623
2026-10-02 18:05:45.565,6.146
2026-10-02 18:05:46.733,5.961
2026-10-02 18:05:48.350,6.142
2026-10-02 18:05:49.508,6.201
2026-10-02 18:05:50.654,6.852
2026-10-02 18:05:51.777,5.709
2026-10-02 18:05:52.931,5.936
2026-10-02 18:05:54.085,6.389
2026-10-02 18:05:55.195,6.260
2026-10-02 18:05:56.332,5.868
2026-10-02 18:05:57.445,5.536
2026-10-02 18:05:58.572,4.996
2026-10-02 18:05:59.677,4.949
2026-10-02 18:06:00.838,5.866
2026-10-02 18:06:01.902,6.367
2026-10-02 18:06:03.041,6.247
2026-10-02 18:06:04.232,5.812
2026-10-02 18:06:05.407,6.288
2026-10-02 18:06:06.563,7.082
2026-10-02 18:06:07.731,5.755
2026-10-02 18:06:08.889,6.393
2026-10-02 18:06:10.111,5.650
2026-10-02 18:06:12.087,6.135
2026-10-02 18:06:13.280,5.077
2026-10-02 18:06:14.517,6.059
2026-10-02 18:06:15.674,6.939
2026-10-02 18:06:16.834,6.869
2026-10-02 18:06:17.988,6.364
2026-10-02 18:06:19.439,5.803
2026-10-02 18:06:20.603,5.110
2026-10-02 18:06:21.697,6.029
2026-10-02 18:06:22.778,6.342
2026-10-02 18:06:23.879,6.256
2026-10-02 18:06:24.981,6.495
2026-10-02 18:06:26.105,6.499
2026-10-02 18:06:27.317,5.692
2026-10-02 18:06:28.574,5.235
2026-10-02 18:06:29.682,7.166
2026-10-02 18:06:30.775,6.393
2026-10-02 18:06:31.942,5.432
2026-10-02 18:06:33.004,5.987
2026-10-02 18:06:34.126,5.712
2026-10-02 18:06:35.259,7.098
2026-10-02 18:06:36.388,6.413
2026-10-02 18:06:37.538,7.132
2026-10-02 18:06:38.657,6.004
2026-10-02 18:06:39.822,6.575
2026-10-02 18:06:40.974,5.100
2026-10-02 18:06:42.223,5.812
2026-10-02 18:06:43.398,5.436
2026-10-02 18:06:44.554,5.571
2026-10-02 18:06:45.746,6.236
2026-10-02 18:06:46.955,6.598
2026-10-02 18:06:48.052,5.337
2026-10-02 18:06:49.136,5.712
2026-10-02 18:06:50.267,6.835
2026-10-02 18:06:51.408,5.337
2026-10-02 18:06:52.535,6.195
2026-10-02 18:06:53.730,6.200
2026-10-02 18:06:54.960,6.904
2026-10-02 18:06:56.135,5.537
2026-10-02 18:06:57.331,6.627
2026-10-02 18:06:58.504,5.339
2026-10-02 18:06:59.636,5.942
2026-10-02 18:07:01.426,6.568
2026-10-02 18:07:02.510,6.414
2026-10-02 18:07:03.561,5.946
2026-10-02 18:07:04.638,5.671
2026-10-02 18:07:05.808,5.612
2026-10-02 18:07:06.896,6.381
2026-10-02 18:07:08.063,5.722
2026-10-02 18:07:09.270,5.842
2026-10-02 18:07:10.451,7.270
2026-10-02 18:07:11.667,6.196
2026-10-02 18:07:12.866,5.220
2026-10-02 18:07:14.509,6.902
2026-10-02 18:07:15.634,6.242
2026-10-02 18:07:16.796,5.609
2026-10-02 18:07:17.964,6.226
2026-10-02 18:07:19.091,5.568
2026-10-02 18:07:20.231,5.378
2026-10-02 18:07:21.507,5.747
2026-10-02 18:07:22.694,7.120
2026-10-02 18:07:23.887,6.395
2026-10-02 18:07:25.061,5.882
2026-10-02 18:07:26.296,5.832
2026-10-02 18:07:27.446,5.604
2026-10-02 18:07:28.599,6.174
2026-10-02 18:07:29.732,5.515
2026-10-02 18:07:30.819,6.273
2026-10-02 18:07:31.933,6.425
2026-10-02 18:07:33.046,6.110
2026-10-02 18:07:34.097,6.240
2026-10-02 18:07:35.301,5.314
2026-10-02 18:07:36.506,5.974
2026-10-02 18:07:37.730,6.323
2026-10-02 18:07:38.878,6.361
2026-10-02 18:07:40.070,5.101
2026-10-02 18:07:41.151,6.015
2026-10-02 18:07:42.321,5.420
2026-10-02 18:07:43.531,6.983
2026-10-02 18:07:44.693,5.203
2026-10-02 18:07:46.034,6.384
2026-10-02 18:07:47.178,6.343
2026-10-02 18:07:48.408,7.022
2026-10-02 18:07:49.560,5.627
2026-10-02 18:07:50.772,5.722
2026-10-02 18:07:51.907,5.394
2026-10-02 18:07:53.057,5.799
2026-10-02 18:07:54.177,6.801
2026-10-02 18:07:55.314,5.210
2026-10-02 18:07:56.423,6.112
2026-10-02 18:07:57.550,6.423
2026-10-02 18:07:58.700,5.744
2026-10-02 18:07:59.887,6.367
2026-10-02 18:08:01.073,5.692
2026-10-02 18:08:02.218,6.168
2026-10-02 18:08:03.307,5.727
2026-10-02 18:08:04.506,5.667
2026-10-02 18:08:05.566,6.989
2026-10-02 18:08:06.754,6.832
2026-10-02 18:08:07.980,6.103
2026-10-02 18:08:09.111,5.558
2026-10-02 18:08:10.235,6.071
2026-10-02 18:08:11.373,6.639
2026-10-02 18:08:12.526,6.187
2026-10-02 18:08:13.663,5.737
2026-10-02 18:08:14.876,5.132
2026-10-02 18:08:15.962,7.112
2026-10-02 18:08:17.183,7.006
2026-10-02 18:08:18.440,5.803
2026-10-02 18:08:19.653,7.278
2026-10-02 18:08:20.779,5.845
2026-10-02 18:08:21.928,5.382
2026-10-02 18:08:23.060,5.224
2026-10-02 18:08:24.187,5.513
2026-10-02 18:08:25.292,6.703
2026-10-02 18:08:26.410,5.482
2026-10-02 18:08:27.530,7.105
2026-10-02 18:08:28.683,6.484
2026-10-02 18:08:29.893,5.987
2026-10-02 18:08:31.119,5.329
2026-10-02 18:08:32.329,6.957
2026-10-02 18:08:33.535,6.355
2026-10-02 18:08:34.663,6.177
2026-10-02 18:08:35.727,5.230
2026-10-02 18:08:36.871,5.368
2026-10-02 18:08:38.000,6.393
2026-10-02 18:08:39.087,5.735
2026-10-02 18:08:40.290,6.928
2026-10-02 18:08:41.540,6.402
2026-10-02 18:08:42.703,6.913
2026-10-02 18:08:43.835,5.387
2026-10-02 18:08:44.987,5.423
2026-10-02 18:08:46.072,5.705
2026-10-02 18:08:47.174,5.698
2026-10-02 18:08:48.340,6.475
2026-10-02 18:08:49.455,6.101
2026-10-02 18:08:50.571,5.693
2026-10-02 18:08:51.682,5.219
2026-10-02 18:08:52.908,6.370
2026-10-02 18:08:54.105,6.130
2026-10-02 18:08:55.282,6.224
2026-10-02 18:08:56.393,6.175
2026-10-02 18:08:57.523,5.649
2026-10-02 18:08:58.669,5.692
2026-10-02 18:08:59.857,6.376
2026-10-02 18:09:01.030,6.058
2026-10-02 18:09:02.146,5.177
2026-10-02 18:09:03.238,5.934
2026-10-02 18:09:04.322,5.896
2026-10-02 18:09:05.481,5.637
2026-10-02 18:09:06.538,6.154
2026-10-02 18:09:07.809,5.881
2026-10-02 18:09:09.284,6.082
2026-10-02 18:09:10.505,6.453
2026-10-02 18:09:11.700,5.269
2026-10-02 18:09:12.976,5.738
2026-10-02 18:09:14.154,6.679
2026-10-02 18:09:15.236,6.488
2026-10-02 18:09:16.375,6.993
2026-10-02 18:09:17.605,6.295
2026-10-02 18:09:18.884,5.708
2026-10-02 18:09:19.964,5.512
2026-10-02 18:09:21.099,6.579
2026-10-02 18:09:22.389,5.942
2026-10-02 18:09:23.595,6.339
2026-10-02 18:09:24.820,6.114
2026-10-02 18:09:25.941,5.678
2026-10-02 18:09:27.119,5.265
2026-10-02 18:09:28.237,6.185
2026-10-02 18:09:29.347,4.984
2026-10-02 18:09:30.423,6.424
2026-10-02 18:09:31.538,6.236
2026-10-02 18:09:32.687,5.739
2026-10-02 18:09:33.853,6.356
2026-10-02 18:09:34.993,5.171
2026-10-02 18:09:36.162,6.348
2026-10-02 18:09:37.221,6.892
2026-10-02 18:09:38.400,5.543
2026-10-02 18:09:39.550,5.024
2026-10-02 18:09:40.633,5.297
2026-10-02 18:09:41.730,5.512
2026-10-02 18:09:42.828,5.645
2026-10-02 18:09:43.963,5.272
2026-10-02 18:09:45.126,4.979
2026-10-02 18:09:46.219,7.005
2026-10-02 18:09:47.413,6.434
2026-10-02 18:09:48.607,6.571
2026-10-02 18:09:49.815,5.636
2026-10-02 18:09:51.143,6.707
2026-10-02 18:09:52.293,6.652
2026-10-02 18:09:53.457,6.567
2026-10-02 18:09:54.590,7.195
2026-10-02 18:09:55.758,5.837
2026-10-02 18:09:56.888,6.304
2026-10-02 18:09:57.991,6.569
2026-10-02 18:09:59.149,5.206
2026-10-02 18:10:00.383,7.207
2026-10-02 18:10:01.549,6.951
2026-10-02 18:10:02.770,6.313
2026-10-02 18:10:03.883,5.951
2026-10-02 18:10:04.990,5.532
2026-10-02 18:10:06.165,6.363
2026-10-02 18:10:07.351,6.615
2026-10-02 18:10:08.410,6.346
2026-10-02 18:10:09.507,5.340
2026-10-02 18:10:10.577,6.388
2026-10-02 18:10:11.690,4.935
2026-10-02 18:10:12.778,5.141
2026-10-02 18:10:14.007,6.661
2026-10-02 18:10:15.148,5.010
2026-10-02 18:10:16.341,5.807
2026-10-02 18:10:17.486,5.070
2026-10-02 18:10:18.666,5.911
2026-10-02 18:10:19.848,5.966
2026-10-02 18:10:20.969,5.735
2026-10-02 18:10:22.111,6.274
2026-10-02 18:10:23.222,6.424
2026-10-02 18:10:24.381,5.806
2026-10-02 18:10:25.501,5.961
2026-10-02 18:10:26.590,6.468
2026-10-02 18:10:27.803,5.458
2026-10-02 18:10:29.023,5.453
2026-10-02 18:10:30.150,6.385
2026-10-02 18:10:31.336,7.171
2026-10-02 18:10:32.490,6.714
2026-10-02 18:10:33.602,5.730
2026-10-02 18:10:34.765,6.724
2026-10-02 18:10:35.971,5.056
2026-10-02 18:10:37.114,6.137
2026-10-02 18:10:38.204,5.959
2026-10-02 18:10:39.356,7.119
2026-10-02 18:10:40.536,5.371
2026-10-02 18:10:41.692,5.608
2026-10-02 18:10:42.872,6.895
2026-10-02 18:10:44.044,5.860
2026-10-02 18:10:45.175,6.121
2026-10-02 18:10:46.302,6.724
2026-10-02 18:10:47.414,4.974
2026-10-02 18:10:48.526,6.263
2026-10-02 18:10:49.664,6.674
2026-10-02 18:10:50.810,5.140
2026-10-02 18:10:51.903,6.601
2026-10-02 18:10:53.308,6.358
2026-10-02 18:10:54.551,6.354
2026-10-02 18:10:55.700,6.213
2026-10-02 18:10:56.808,5.348
2026-10-02 18:10:57.904,6.378
2026-10-02 18:10:59.058,5.128
2026-10-02 18:11:00.234,6.339
2026-10-02 18:11:01.338,7.302
2026-10-02 18:11:02.466,6.632
2026-10-02 18:11:03.574,6.545
2026-10-02 18:11:04.704,5.185
2026-10-02 18:11:05.801,6.270
2026-10-02 18:11:07.004,6.685
2026-10-02 18:11:08.235,6.169
2026-10-02 18:11:09.298,5.068
2026-10-02 18:11:10.438,6.813
2026-10-02 18:11:11.531,6.779
2026-10-02 18:11:12.653,6.449
2026-10-02 18:11:13.911,5.795
2026-10-02 18:11:15.188,6.861
2026-10-02 18:11:16.313,7.040
2026-10-02 18:11:17.406,6.351
2026-10-02 18:11:18.593,4.932
2026-10-02 18:11:19.796,6.890
2026-10-02 18:11:20.953,7.078
2026-10-02 18:11:22.087,5.594
2026-10-02 18:11:23.207,6.394
2026-10-02 18:11:24.606,5.969
2026-10-02 18:11:25.751,6.817
2026-10-02 18:11:26.912,7.118
2026-10-02 18:11:28.064,5.617
2026-10-02 18:11:29.215,7.091
2026-10-02 18:11:30.400,6.105
2026-10-02 18:11:31.635,6.347
2026-10-02 18:11:32.754,5.565
2026-10-02 18:11:33.937,5.343
2026-10-02 18:11:35.116,6.368
2026-10-02 18:11:36.216,6.503
2026-10-02 18:11:37.315,5.557
2026-10-02 18:11:38.424,6.314
2026-10-02 18:11:39.561,5.996
2026-10-02 18:11:40.628,6.199
2026-10-02 18:11:41.738,5.075
2026-10-02 18:11:42.857,5.960
2026-10-02 18:11:43.936,6.377
2026-10-02 18:11:45.095,5.316
2026-10-02 18:11:47.024,5.792
2026-10-02 18:11:48.238,6.034
2026-10-02 18:11:49.435,6.108
2026-10-02 18:11:50.558,5.519
2026-10-02 18:11:51.693,5.629
2026-10-02 18:11:52.851,5.002
2026-10-02 18:11:54.000,5.781
2026-10-02 18:11:55.733,5.619
2026-10-02 18:11:56.868,5.482
2026-10-02 18:11:58.062,7.092
2026-10-02 18:11:59.240,6.429
2026-10-02 18:12:00.397,6.281
2026-10-02 18:12:01.520,5.351
2026-10-02 18:12:02.670,6.104
2026-10-02 18:12:03.796,5.672
2026-10-02 18:12:04.949,6.364
2026-10-02 18:12:06.064,5.784
2026-10-02 18:12:07.188,6.598
2026-10-02 18:12:08.297,5.711
2026-10-02 18:12:09.394,5.954
2026-10-02 18:12:10.454,5.335
2026-10-02 18:12:11.572,6.967
2026-10-02 18:12:12.800,5.750
2026-10-02 18:12:14.010,6.541
2026-10-02 18:12:15.212,4.895
2026-10-02 18:12:16.393,5.394
2026-10-02 18:12:17.508,5.124
2026-10-02 18:12:18.610,6.640
2026-10-02 18:12:19.708,5.626
2026-10-02 18:12:20.826,5.888
2026-10-02 18:12:21.980,5.341
2026-10-02 18:12:23.153,5.470
2026-10-02 18:12:24.264,6.788
2026-10-02 18:12:25.439,6.649
2026-10-02 18:12:27.165,6.191
2026-10-02 18:12:28.324,5.805
2026-10-02 18:12:29.517,5.700
2026-10-02 18:12:30.667,7.166
2026-10-02 18:12:31.837,5.742
2026-10-02 18:12:32.943,6.943
2026-10-02 18:12:34.267,5.055
2026-10-02 18:12:35.417,6.287
2026-10-02 18:12:36.602,5.773
2026-10-02 18:12:37.744,6.072
2026-10-02 18:12:38.949,6.385
2026-10-02 18:12:40.119,6.321
2026-10-02 18:12:41.185,6.288
2026-10-02 18:12:42.347,5.389
2026-10-02 18:12:43.460,6.477
2026-10-02 18:12:44.594,5.125
2026-10-02 18:12:45.758,5.114
2026-10-02 18:12:46.884,6.156
2026-10-02 18:12:47.980,6.810
2026-10-02 18:12:49.094,6.340
2026-10-02 18:12:50.225,5.560
2026-10-02 18:12:51.413,6.202
2026-10-02 18:12:52.581,5.802
2026-10-02 18:12:53.779,5.610
2026-10-02 18:12:54.965,6.178
2026-10-02 18:12:56.130,6.150
2026-10-02 18:12:57.642,6.542
2026-10-02 18:12:58.843,4.979
2026-10-02 18:13:00.024,5.839
2026-10-02 18:13:01.113,5.937
2026-10-02 18:13:02.210,5.181
2026-10-02 18:13:03.317,5.879
2026-10-02 18:13:04.473,6.419
2026-10-02 18:13:05.818,5.258
2026-10-02 18:13:06.932,6.155
2026-10-02 18:13:08.051,6.502
2026-10-02 18:13:09.231,6.157
2026-10-02 18:13:10.395,6.115
2026-10-02 18:13:11.564,5.637
2026-10-02 18:13:12.619,6.493
2026-10-02 18:13:13.795,5.877
2026-10-02 18:13:14.925,5.470
2026-10-02 18:13:16.083,6.495
2026-10-02 18:13:17.254,5.614
2026-10-02 18:13:18.529,5.817
2026-10-02 18:13:19.695,5.500
2026-10-02 18:13:20.896,6.701
2026-10-02 18:13:22.060,5.670
2026-10-02 18:13:23.215,5.755
2026-10-02 18:13:24.362,5.899
2026-10-02 18:13:25.501,5.824
2026-10-02 18:13:26.673,6.363
2026-10-02 18:13:27.812,5.976
2026-10-02 18:13:29.344,5.272
2026-10-02 18:13:30.507,6.516
2026-10-02 18:13:31.672,5.592
2026-10-02 18:13:32.839,5.336
2026-10-02 18:13:33.930,5.243
2026-10-02 18:13:35.062,5.138
2026-10-02 18:13:36.214,6.923
2026-10-02 18:13:37.300,5.996
2026-10-02 18:13:38.425,5.139
2026-10-02 18:13:39.582,6.562
2026-10-02 18:13:40.706,6.088
2026-10-02 18:13:41.811,5.584
2026-10-02 18:13:42.868,5.530
2026-10-02 18:13:43.983,5.755
2026-10-02 18:13:45.155,7.091
2026-10-02 18:13:46.401,5.857
2026-10-02 18:13:47.666,7.017
2026-10-02 18:13:48.831,5.809
2026-10-02 18:13:50.254,5.774
2026-10-02 18:13:51.450,5.139
2026-10-02 18:13:52.663,6.649
2026-10-02 18:13:53.761,7.119
2026-10-02 18:13:54.890,6.407
2026-10-02 18:13:56.029,5.007
2026-10-02 18:13:57.154,5.938
2026-10-02 18:13:58.283,6.439
2026-10-02 18:13:59.399,5.570
2026-10-02 18:14:00.825,5.964
2026-10-02 18:14:01.925,6.313
2026-10-02 18:14:03.054,6.115
2026-10-02 18:14:04.214,5.079
2026-10-02 18:14:05.449,5.578
2026-10-02 18:14:06.573,7.516
2026-10-02 18:14:07.738,6.035
2026-10-02 18:14:08.825,5.554
2026-10-02 18:14:09.965,6.751
2026-10-02 18:14:11.141,6.431
2026-10-02 18:14:12.356,6.373
2026-10-02 18:14:13.413,6.249
2026-10-02 18:14:14.495,6.136
2026-10-02 18:14:15.674,5.021
2026-10-02 18:14:16.784,6.540
2026-10-02 18:14:17.873,7.009
2026-10-02 18:14:18.958,5.206
2026-10-02 18:14:20.083,6.943
2026-10-02 18:14:21.214,6.366
2026-10-02 18:14:22.501,5.355
2026-10-02 18:14:23.748,6.051
2026-10-02 18:14:24.909,6.147
2026-10-02 18:14:26.049,6.207
2026-10-02 18:14:27.298,6.728
2026-10-02 18:14:28.470,5.748
2026-10-02 18:14:29.638,6.795
2026-10-02 18:14:32.113,5.813
2026-10-02 18:14:33.272,5.927
2026-10-02 18:14:34.444,5.916
2026-10-02 18:14:35.569,6.615
2026-10-02 18:14:36.691,5.140
2026-10-02 18:14:37.954,6.208
2026-10-02 18:14:39.092,5.589
2026-10-02 18:14:40.315,5.935
2026-10-02 18:14:41.470,6.877
2026-10-02 18:14:42.671,6.420
2026-10-02 18:14:43.945,6.907
2026-10-02 18:14:45.103,5.119
2026-10-02 18:14:46.227,6.639
2026-10-02 18:14:47.321,5.640
2026-10-02 18:14:48.440,5.425
2026-10-02 18:14:49.547,5.705
2026-10-02 18:14:50.711,6.865
2026-10-02 18:14:51.893,5.255
2026-10-02 18:14:53.091,6.534
2026-10-02 18:14:54.238,6.299
2026-10-02 18:14:55.450,5.289
2026-10-02 18:14:56.593,5.803
2026-10-02 18:14:57.713,6.151
2026-10-02 18:14:58.832,6.338
2026-10-02 18:14:59.957,5.023
2026-10-02 18:15:01.083,6.205
2026-10-02 18:15:02.183,5.689
2026-10-02 18:15:03.372,6.579
2026-10-02 18:15:04.522,5.752
2026-10-02 18:15:05.693,5.765
2026-10-02 18:15:06.825,6.594
2026-10-02 18:15:07.985,5.052
2026-10-02 18:15:09.146,6.599
2026-10-02 18:15:10.235,6.121
2026-10-02 18:15:11.320,5.667
2026-10-02 18:15:12.402,6.412
2026-10-02 18:15:13.516,5.623
2026-10-02 18:15:14.632,5.894
2026-10-02 18:15:15.901,6.439
2026-10-02 18:15:17.020,5.947
2026-10-02 18:15:18.128,6.963
2026-10-02 18:15:19.311,6.448
2026-10-02 18:15:20.499,5.754
2026-10-02 18:15:21.620,6.580
2026-10-02 18:15:22.777,5.024
2026-10-02 18:15:23.898,5.788
2026-10-02 18:15:25.025,5.859
2026-10-02 18:15:26.114,6.639
2026-10-02 18:15:27.321,5.147
2026-10-02 18:15:28.439,5.926
2026-10-02 18:15:29.604,6.600
2026-10-02 18:15:30.753,5.940
2026-10-02 18:15:31.867,6.134
2026-10-02 18:15:33.350,5.424
2026-10-02 18:15:34.437,6.773
2026-10-02 18:15:35.519,6.487
2026-10-02 18:15:36.711,5.224
2026-10-02 18:15:37.884,6.300
2026-10-02 18:15:39.133,6.908
2026-10-02 18:15:40.316,5.929
2026-10-02 18:15:41.470,4.972
2026-10-02 18:15:42.621,6.659
2026-10-02 18:15:43.739,5.886
2026-10-02 18:15:44.872,4.897
2026-10-02 18:15:45.930,6.637
2026-10-02 18:15:47.033,5.713
2026-10-02 18:15:48.123,5.606
2026-10-02 18:15:49.325,6.461
2026-10-02 18:15:50.563,5.973
2026-10-02 18:15:51.783,6.187
2026-10-02 18:15:52.925,5.892
2026-10-02 18:15:54.036,5.486
2026-10-02 18:15:55.168,6.002
2026-10-02 18:15:56.346,5.374
2026-10-02 18:15:57.431,5.221
2026-10-02 18:15:58.569,5.624
2026-10-02 18:15:59.662,6.349
2026-10-02 18:16:00.768,7.060
2026-10-02 18:16:02.018,5.632
2026-10-02 18:16:03.222,6.210
2026-10-02 18:16:05.371,4.983
2026-10-02 18:16:06.562,5.064
2026-10-02 18:16:07.745,6.769
2026-10-02 18:16:08.965,6.392
2026-10-02 18:16:10.172,5.769
2026-10-02 18:16:11.302,6.173
2026-10-02 18:16:12.468,6.466
2026-10-02 18:16:13.613,6.907
2026-10-02 18:16:14.789,5.072
2026-10-02 18:16:15.943,6.852
2026-10-02 18:16:17.000,6.667
2026-10-02 18:16:18.198,6.819
2026-10-02 18:16:19.411,6.632
2026-10-02 18:16:20.581,6.897
2026-10-02 18:16:21.723,5.934
2026-10-02 18:16:22.909,5.492
2026-10-02 18:16:24.079,6.836
2026-10-02 18:16:25.268,5.777
2026-10-02 18:16:26.430,6.283
2026-10-02 18:16:27.599,6.479
2026-10-02 18:16:28.769,5.250
2026-10-02 18:16:29.944,7.657
2026-10-02 18:16:31.179,5.881
2026-10-02 18:16:32.298,5.109
2026-10-02 18:16:33.437,6.574
2026-10-02 18:16:34.566,7.680
2026-10-02 18:16:36.260,5.613
2026-10-02 18:16:37.357,6.962
2026-10-02 18:16:38.469,5.794
2026-10-02 18:16:39.575,6.183
2026-10-02 18:16:40.677,5.902
2026-10-02 18:16:41.837,5.716
2026-10-02 18:16:42.984,6.581
2026-10-02 18:16:44.154,6.307
2026-10-02 18:16:45.272,6.553
2026-10-02 18:16:46.387,7.316
2026-10-02 18:16:47.449,6.070
2026-10-02 18:16:48.570,6.152
2026-10-02 18:16:49.654,5.604
2026-10-02 18:16:50.750,6.003
2026-10-02 18:16:51.909,5.157
2026-10-02 18:16:53.135,6.348
2026-10-02 18:16:54.329,6.135
2026-10-02 18:16:55.510,6.659
2026-10-02 18:16:56.714,5.344
2026-10-02 18:16:57.776,5.871
2026-10-02 18:16:58.945,6.236
2026-10-02 18:17:00.107,5.483
2026-10-02 18:17:01.214,5.289
2026-10-02 18:17:02.272,6.839
2026-10-02 18:17:03.443,6.374
2026-10-02 18:17:04.580,6.448
2026-10-02 18:17:05.716,5.711
2026-10-02 18:17:07.188,5.806
2026-10-02 18:17:08.248,6.922
2026-10-02 18:17:09.475,6.292
2026-10-02 18:17:10.680,5.652
2026-10-02 18:17:11.908,5.712
2026-10-02 18:17:12.969,5.505
2026-10-02 18:17:14.141,6.371
2026-10-02 18:17:15.255,6.403
2026-10-02 18:17:16.345,5.799
2026-10-02 18:17:17.550,5.172
2026-10-02 18:17:18.703,5.906
2026-10-02 18:17:19.858,6.390
2026-10-02 18:17:20.946,6.477
2026-10-02 18:17:22.042,6.046
2026-10-02 18:17:23.188,4.894
2026-10-02 18:17:24.305,5.672
2026-10-02 18:17:25.435,5.344
2026-10-02 18:17:26.606,6.946
2026-10-02 18:17:27.736,5.764
2026-10-02 18:17:28.827,6.452
2026-10-02 18:17:29.952,5.970
2026-10-02 18:17:31.051,5.082
2026-10-02 18:17:32.140,5.576
2026-10-02 18:17:33.360,6.183
2026-10-02 18:17:34.532,6.601
2026-10-02 18:17:35.686,5.185
2026-10-02 18:17:36.783,5.765
2026-10-02 18:17:38.426,5.056
2026-10-02 18:17:39.572,5.856
2026-10-02 18:17:40.705,7.638
2026-10-02 18:17:42.094,5.591
2026-10-02 18:17:43.275,6.340
2026-10-02 18:17:44.456,6.161
2026-10-02 18:17:45.647,6.399
2026-10-02 18:17:46.839,5.157
2026-10-02 18:17:48.031,5.031
2026-10-02 18:17:49.187,5.957
2026-10-02 18:17:50.277,5.938
2026-10-02 18:17:51.415,5.996
2026-10-02 18:17:52.538,6.457
2026-10-02 18:17:53.641,6.295
2026-10-02 18:17:54.734,4.893
2026-10-02 18:17:55.819,5.133
2026-10-02 18:17:57.001,6.039
2026-10-02 18:17:58.225,6.367
2026-10-02 18:17:59.395,6.426
2026-10-02 18:18:00.567,5.798
2026-10-02 18:18:01.714,7.262
2026-10-02 18:18:02.914,6.292
2026-10-02 18:18:04.094,5.086
2026-10-02 18:18:05.266,6.069
2026-10-02 18:18:06.382,7.223
2026-10-02 18:18:07.529,5.694
2026-10-02 18:18:08.665,6.124
2026-10-02 18:18:09.896,6.921
2026-10-02 18:18:11.167,6.288
2026-10-02 18:18:12.399,5.388
2026-10-02 18:18:13.546,6.749
2026-10-02 18:18:14.606,6.382
2026-10-02 18:18:15.723,6.965
2026-10-02 18:18:16.943,5.387
2026-10-02 18:18:18.085,5.577
2026-10-02 18:18:19.266,4.780
2026-10-02 18:18:20.422,6.346
2026-10-02 18:18:21.515,5.457
2026-10-02 18:18:22.698,6.968
2026-10-02 18:18:23.791,5.123
2026-10-02 18:18:24.951,5.979
2026-10-02 18:18:26.079,5.337
2026-10-02 18:18:27.179,6.448
2026-10-02 18:18:28.295,3.972
2026-10-02 18:18:32.822,2.495
2026-10-02 18:18:33.913,3.725
2026-10-02 18:18:35.026,3.795
2026-10-02 18:18:36.234,2.500
2026-10-02 18:18:37.347,2.765
2026-10-02 18:18:38.454,2.848
2026-10-02 18:18:39.541,3.276
2026-10-02 18:18:41.531,3.830
2026-10-02 18:18:42.637,3.935
2026-10-02 18:18:46.510,2.898
2026-10-02 18:18:47.566,2.455
2026-10-02 18:18:48.648,2.271
2026-10-02 18:18:49.839,2.252
2026-10-02 18:18:51.046,2.274
2026-10-02 18:18:52.131,2.228
2026-10-02 18:18:53.302,2.599
2026-10-02 18:18:54.351,2.453
2026-10-02 18:18:55.378,2.377
2026-10-02 18:18:56.470,2.460
2026-10-02 18:18:57.669,2.439
2026-10-02 18:18:58.794,4.969
2026-10-02 18:19:00.779,2.887
2026-10-02 18:19:03.689,2.666
2026-10-02 18:19:04.775,3.850
2026-10-02 18:19:05.935,3.985
2026-10-02 18:19:07.026,3.892
2026-10-02 18:19:08.109,3.826
2026-10-02 18:19:09.251,6.611
2026-10-02 18:19:10.373,5.924
2026-10-02 18:19:11.511,6.688
2026-10-02 18:19:12.989,6.022
2026-10-02 18:19:14.057,6.659
2026-10-02 18:19:15.121,7.335
2026-10-02 18:19:16.215,6.330
2026-10-02 18:19:17.307,6.213
2026-10-02 18:19:18.408,6.995
2026-10-02 18:19:19.535,6.585
2026-10-02 18:19:20.621,6.113
2026-10-02 18:19:21.710,5.778
2026-10-02 18:19:22.768,6.312
2026-10-02 18:19:23.945,6.308
2026-10-02 18:19:25.129,6.368
2026-10-02 18:19:26.160,5.882
2026-10-02 18:19:27.311,6.471
2026-10-02 18:19:28.456,3.929
2026-10-02 18:19:29.597,3.270
2026-10-02 18:19:30.814,2.485
2026-10-02 18:19:32.443,2.287
2026-10-02 18:19:33.803,3.644
2026-10-02 18:19:34.907,3.627
2026-10-02 18:19:35.988,3.905
2026-10-02 18:19:37.144,2.498
2026-10-02 18:19:38.237,5.805
2026-10-02 18:19:39.306,3.868
2026-10-02 18:19:40.356,7.552
2026-10-02 18:19:41.412,6.430
2026-10-02 18:19:42.586,6.843
2026-10-02 18:19:44.428,6.737
2026-10-02 18:19:45.601,6.735
2026-10-02 18:19:46.725,7.060
2026-10-02 18:19:47.829,7.220
2026-10-02 18:19:49.024,7.097
2026-10-02 18:19:50.258,7.806
2026-10-02 18:19:51.328,7.936
2026-10-02 18:19:52.492,6.744
2026-10-02 18:19:53.678,7.675
2026-10-02 18:19:54.770,6.665
2026-10-02 18:19:55.865,6.658
2026-10-02 18:19:56.899,7.516
2026-10-02 18:19:58.056,7.330
2026-10-02 18:19:59.154,7.110
2026-10-02 18:20:00.338,7.676
2026-10-02 18:20:01.497,7.018
2026-10-02 18:20:02.604,7.477
2026-10-02 18:20:03.664,7.048
2026-10-02 18:20:04.771,7.831
2026-10-02 18:20:05.837,7.113
2026-10-02 18:20:07.623,7.312
2026-10-02 18:20:08.771,6.845
2026-10-02 18:20:09.921,8.039
2026-10-02 18:20:11.072,6.985
2026-10-02 18:20:12.620,7.690
2026-10-02 18:20:13.762,7.490
2026-10-02 18:20:15.675,7.795
2026-10-02 18:20:16.853,6.192
2026-10-02 18:20:17.998,7.238
2026-10-02 18:20:19.130,7.701
2026-10-02 18:20:20.273,7.446
2026-10-02 18:20:21.326,7.216
2026-10-02 18:20:22.381,6.613
2026-10-02 18:20:23.593,6.657
2026-10-02 18:20:24.767,2.531
2026-10-02 18:20:26.417,3.954
2026-10-02 18:20:27.443,2.321
2026-10-02 18:20:28.601,3.866
2026-10-02 18:20:29.762,3.794
2026-10-02 18:20:30.883,3.967
2026-10-02 18:20:31.931,4.064
2026-10-02 18:20:33.073,5.310
2026-10-02 18:20:34.214,6.302
2026-10-02 18:20:35.315,6.003
2026-10-02 18:20:36.532,5.948
2026-10-02 18:20:37.724,4.846
2026-10-02 18:20:38.853,6.255
2026-10-02 18:20:40.011,5.539
2026-10-02 18:20:41.163,6.199
2026-10-02 18:20:42.285,7.275
2026-10-02 18:20:43.430,5.773
2026-10-02 18:20:44.583,6.450
2026-10-02 18:20:45.699,5.319
2026-10-02 18:20:46.974,6.889
2026-10-02 18:20:48.034,5.402
2026-10-02 18:20:49.179,4.859
2026-10-02 18:20:50.283,7.122
2026-10-02 18:20:51.397,5.458
2026-10-02 18:20:52.603,5.384
2026-10-02 18:20:53.731,5.918
2026-10-02 18:20:54.868,5.633
2026-10-02 18:20:55.966,6.337
2026-10-02 18:20:57.052,6.495
2026-10-02 18:20:58.173,6.378
2026-10-02 18:20:59.344,5.138
2026-10-02 18:21:00.447,6.155
2026-10-02 18:21:01.645,5.080
2026-10-02 18:21:02.786,5.840
2026-10-02 18:21:03.974,5.106
2026-10-02 18:21:05.154,6.861
2026-10-02 18:21:06.321,6.886
2026-10-02 18:21:07.470,5.864
2026-10-02 18:21:08.626,6.568
2026-10-02 18:21:09.792,6.410
2026-10-02 18:21:10.897,6.165
2026-10-02 18:21:12.082,5.553
2026-10-02 18:21:13.189,6.286
2026-10-02 18:21:14.324,5.633
2026-10-02 18:21:15.482,5.936
2026-10-02 18:21:16.694,6.878
2026-10-02 18:21:17.977,7.106
2026-10-02 18:21:19.032,7.149
2026-10-02 18:21:20.255,5.393
2026-10-02 18:21:21.586,6.310
2026-10-02 18:21:22.813,6.972
2026-10-02 18:21:23.978,5.316
2026-10-02 18:21:25.124,5.868
2026-10-02 18:21:26.313,6.321
2026-10-02 18:21:27.464,6.412
2026-10-02 18:21:28.589,5.855
2026-10-02 18:21:29.766,5.909
2026-10-02 18:21:30.922,6.897
2026-10-02 18:21:32.110,5.683
2026-10-02 18:21:33.353,6.831
2026-10-02 18:21:34.489,6.263
2026-10-02 18:21:35.569,5.701
2026-10-02 18:21:36.782,5.881
2026-10-02 18:21:37.940,6.644
2026-10-02 18:21:39.146,5.819
2026-10-02 18:21:40.304,5.457
2026-10-02 18:21:41.441,6.394
2026-10-02 18:21:42.613,5.910
2026-10-02 18:21:43.727,6.493
2026-10-02 18:21:44.880,5.673
2026-10-02 18:21:46.019,6.210
2026-10-02 18:21:47.153,5.393
2026-10-02 18:21:48.788,6.904
2026-10-02 18:21:49.848,5.889
2026-10-02 18:21:50.968,6.751
2026-10-02 18:21:52.079,5.946
2026-10-02 18:21:53.210,5.391
2026-10-02 18:21:54.363,5.416
2026-10-02 18:21:55.526,6.451
2026-10-02 18:21:56.783,6.114
2026-10-02 18:21:58.009,5.559
2026-10-02 18:21:59.179,6.210
2026-10-02 18:22:00.410,6.363
2026-10-02 18:22:01.562,6.860
2026-10-02 18:22:02.689,6.258
2026-10-02 18:22:03.900,5.171
2026-10-02 18:22:05.076,5.803
2026-10-02 18:22:06.242,5.475
2026-10-02 18:22:07.323,6.133
2026-10-02 18:22:08.424,6.894
2026-10-02 18:22:09.600,5.800
2026-10-02 18:22:10.681,6.066
2026-10-02 18:22:11.846,5.198
2026-10-02 18:22:13.018,6.087
2026-10-02 18:22:14.228,5.692
2026-10-02 18:22:15.435,6.702
2026-10-02 18:22:16.593,6.969
2026-10-02 18:22:17.722,5.504
2026-10-02 18:22:18.855,6.204
2026-10-02 18:22:19.978,6.180
2026-10-02 18:22:21.126,6.595
2026-10-02 18:22:22.378,6.349
2026-10-02 18:22:23.589,5.143
2026-10-02 18:22:24.795,6.272
2026-10-02 18:22:25.922,6.625
2026-10-02 18:22:27.066,6.531
2026-10-02 18:22:28.258,6.567
2026-10-02 18:22:29.468,4.876
2026-10-02 18:22:30.665,6.793
2026-10-02 18:22:31.804,5.912
2026-10-02 18:22:32.973,6.335
2026-10-02 18:22:34.099,6.920
2026-10-02 18:22:35.199,7.059
2026-10-02 18:22:36.381,6.721
2026-10-02 18:22:37.575,6.409
2026-10-02 18:22:38.703,6.207
2026-10-02 18:22:39.874,6.681
2026-10-02 18:22:41.458,6.548
2026-10-02 18:22:42.627,6.570
2026-10-02 18:22:43.755,6.640
2026-10-02 18:22:44.852,7.173
2026-10-02 18:22:45.950,5.740
2026-10-02 18:22:47.030,6.302
2026-10-02 18:22:48.177,6.019
2026-10-02 18:22:49.308,5.880
2026-10-02 18:22:50.394,5.654
2026-10-02 18:22:51.533,6.592
2026-10-02 18:22:52.631,5.128
2026-10-02 18:22:53.791,7.756
2026-10-02 18:22:54.898,5.460
2026-10-02 18:22:55.969,5.884
2026-10-02 18:22:57.053,7.039
2026-10-02 18:22:58.200,5.283
2026-10-02 18:22:59.414,5.892
2026-10-02 18:23:00.515,5.148
2026-10-02 18:23:01.636,6.178
2026-10-02 18:23:02.752,6.291
2026-10-02 18:23:03.867,6.329
2026-10-02 18:23:04.968,6.290
2026-10-02 18:23:06.055,5.910
2026-10-02 18:23:07.400,5.891
2026-10-02 18:23:08.583,5.865
2026-10-02 18:23:09.716,7.083
2026-10-02 18:23:10.847,5.898
2026-10-02 18:23:11.975,6.215
2026-10-02 18:23:13.092,6.258
2026-10-02 18:23:14.253,6.094
2026-10-02 18:23:15.397,6.566
2026-10-02 18:23:16.563,6.340
2026-10-02 18:23:17.731,6.548
2026-10-02 18:23:18.830,6.908
2026-10-02 18:23:20.159,5.485
2026-10-02 18:23:21.222,5.282
2026-10-02 18:23:23.185,5.597
2026-10-02 18:23:24.365,6.357
2026-10-02 18:23:25.491,5.910
2026-10-02 18:23:26.623,6.897
2026-10-02 18:23:27.746,5.947
2026-10-02 18:23:28.883,6.533
2026-10-02 18:23:30.112,5.799
2026-10-02 18:23:31.285,6.965
2026-10-02 18:23:32.562,6.055
2026-10-02 18:23:33.738,5.629
2026-10-02 18:23:34.903,5.746
2026-10-02 18:23:36.040,6.059
2026-10-02 18:23:37.101,6.208
2026-10-02 18:23:38.217,6.680
2026-10-02 18:23:39.383,6.539
2026-10-02 18:23:40.507,6.582
2026-10-02 18:23:41.643,6.919
2026-10-02 18:23:42.761,6.466
2026-10-02 18:23:43.948,5.770
2026-10-02 18:23:45.385,6.326
2026-10-02 18:23:46.606,5.641
2026-10-02 18:23:47.749,6.219
2026-10-02 18:23:48.877,6.351
2026-10-02 18:23:50.063,6.228
2026-10-02 18:23:51.260,6.375
2026-10-02 18:23:52.323,5.958
2026-10-02 18:23:53.673,5.885
2026-10-02 18:23:54.796,6.412
2026-10-02 18:23:56.001,6.635
2026-10-02 18:23:57.141,5.785
2026-10-02 18:23:58.321,5.635
2026-10-02 18:23:59.489,6.559
2026-10-02 18:24:00.615,5.684
2026-10-02 18:24:01.728,7.171
2026-10-02 18:24:02.926,6.954
2026-10-02 18:24:04.129,6.463
2026-10-02 18:24:05.279,5.985
2026-10-02 18:24:06.425,5.588
2026-10-02 18:24:07.869,5.232
2026-10-02 18:24:09.106,6.190
2026-10-02 18:24:10.333,6.388
2026-10-02 18:24:11.541,5.715
2026-10-02 18:24:13.027,5.774
2026-10-02 18:24:14.239,5.278
2026-10-02 18:24:15.444,6.389
2026-10-02 18:24:16.612,6.018
2026-10-02 18:24:17.781,5.997
2026-10-02 18:24:19.007,5.444
2026-10-02 18:24:20.167,6.758
2026-10-02 18:24:21.427,5.105
2026-10-02 18:24:22.572,6.053
2026-10-02 18:24:23.695,5.825
2026-10-02 18:24:25.007,6.884
2026-10-02 18:24:26.103,7.084
2026-10-02 18:24:27.189,6.525
2026-10-02 18:24:28.299,6.251
2026-10-02 18:24:29.419,6.175
2026-10-02 18:24:30.570,6.036
2026-10-02 18:24:31.673,4.979
2026-10-02 18:24:32.794,6.199
2026-10-02 18:24:33.925,5.711
2026-10-02 18:24:35.042,5.845
2026-10-02 18:24:36.200,5.912
2026-10-02 18:24:37.339,6.674
2026-10-02 18:24:38.449,5.318
2026-10-02 18:24:39.560,6.140
2026-10-02 18:24:40.696,5.536
2026-10-02 18:24:41.826,5.092
2026-10-02 18:24:42.903,6.442
2026-10-02 18:24:44.055,7.019
2026-10-02 18:24:45.215,5.235
2026-10-02 18:24:46.397,6.581
2026-10-02 18:24:47.519,5.816
2026-10-02 18:24:48.712,5.901
2026-10-02 18:24:49.882,6.174
2026-10-02 18:24:50.997,5.651
2026-10-02 18:24:52.071,5.933
2026-10-02 18:24:53.155,6.113
2026-10-02 18:24:54.215,6.118
2026-10-02 18:24:55.358,6.813
2026-10-02 18:24:56.600,5.304
2026-10-02 18:24:57.810,5.642
2026-10-02 18:24:59.009,7.309
2026-10-02 18:25:00.144,6.384
2026-10-02 18:25:01.289,5.043
2026-10-02 18:25:02.516,5.735
2026-10-02 18:25:03.606,5.728
2026-10-02 18:25:04.778,5.915
2026-10-02 18:25:05.929,6.509
2026-10-02 18:25:07.089,5.916
2026-10-02 18:25:08.236,5.298
2026-10-02 18:25:09.292,5.500
2026-10-02 18:25:10.416,6.595
2026-10-02 18:25:11.618,6.360
2026-10-02 18:25:12.800,4.930
2026-10-02 18:25:13.854,5.250
2026-10-02 18:25:15.050,5.635
2026-10-02 18:25:16.210,5.641
2026-10-02 18:25:17.412,6.650
2026-10-02 18:25:18.542,5.279
2026-10-02 18:25:19.597,5.756
2026-10-02 18:25:20.800,5.948
2026-10-02 18:25:21.892,6.463
2026-10-02 18:25:23.075,5.366
2026-10-02 18:25:24.244,6.496
2026-10-02 18:25:25.351,6.218
2026-10-02 18:25:26.591,5.742
2026-10-02 18:25:28.027,5.926
2026-10-02 18:25:29.152,5.381
2026-10-02 18:25:30.279,6.573
2026-10-02 18:25:31.387,5.813
2026-10-02 18:25:32.499,6.060
2026-10-02 18:25:33.590,7.330
2026-10-02 18:25:34.655,5.130
2026-10-02 18:25:35.782,6.333
2026-10-02 18:25:36.961,6.365
2026-10-02 18:25:38.105,6.988
2026-10-02 18:25:39.297,6.631
2026-10-02 18:25:40.509,6.479
2026-10-02 18:25:41.659,5.292
2026-10-02 18:25:42.789,6.203
2026-10-02 18:25:43.987,6.948
2026-10-02 18:25:45.206,5.092
2026-10-02 18:25:46.327,6.985
2026-10-02 18:25:47.494,6.161
2026-10-02 18:25:48.651,4.859
2026-10-02 18:25:49.810,5.937
2026-10-02 18:25:51.030,6.427
2026-10-02 18:25:52.242,5.471
2026-10-02 18:25:53.387,6.286
2026-10-02 18:25:54.552,6.125
2026-10-02 18:25:55.710,6.639
2026-10-02 18:25:56.893,6.107
2026-10-02 18:25:58.045,6.291
2026-10-02 18:25:59.260,5.268
2026-10-02 18:26:00.508,5.835
2026-10-02 18:26:01.695,6.846
2026-10-02 18:26:02.837,5.614
2026-10-02 18:26:03.947,6.524
2026-10-02 18:26:05.004,5.777
2026-10-02 18:26:06.131,5.175
2026-10-02 18:26:07.242,6.280
2026-10-02 18:26:08.349,5.192
2026-10-02 18:26:09.433,6.839
2026-10-02 18:26:10.599,6.355
2026-10-02 18:26:11.720,5.877
2026-10-02 18:26:12.907,6.913
2026-10-02 18:26:14.056,6.935
2026-10-02 18:26:15.175,5.839
2026-10-02 18:26:16.328,5.928
2026-10-02 18:26:17.408,6.106
2026-10-02 18:26:18.572,5.465
2026-10-02 18:26:19.696,5.694
2026-10-02 18:26:20.790,6.260
2026-10-02 18:26:22.432,5.586
2026-10-02 18:26:23.623,7.040
2026-10-02 18:26:24.748,5.665
2026-10-02 18:26:25.907,6.868
2026-10-02 18:26:27.052,6.964
2026-10-02 18:26:28.161,6.862
2026-10-02 18:26:29.240,5.558
2026-10-02 18:26:30.356,6.044
2026-10-02 18:26:31.464,6.173
2026-10-02 18:26:32.620,6.148
2026-10-02 18:26:34.332,6.406
2026-10-02 18:26:35.538,6.331
2026-10-02 18:26:36.603,6.257
2026-10-02 18:26:37.823,6.397
2026-10-02 18:26:38.948,5.981
2026-10-02 18:26:40.090,6.721
2026-10-02 18:26:41.185,5.735
2026-10-02 18:26:42.288,6.467
2026-10-02 18:26:43.383,6.774
2026-10-02 18:26:44.505,6.476
2026-10-02 18:26:45.647,5.229
2026-10-02 18:26:46.751,7.183
2026-10-02 18:26:47.922,7.100
2026-10-02 18:26:49.027,6.558
2026-10-02 18:26:50.145,5.889
2026-10-02 18:26:51.283,5.852
2026-10-02 18:26:52.404,5.845
2026-10-02 18:26:53.591,5.727
2026-10-02 18:26:55.316,5.592
2026-10-02 18:26:56.500,5.793
2026-10-02 18:26:57.598,6.407
2026-10-02 18:26:58.717,6.728
2026-10-02 18:26:59.809,5.166
2026-10-02 18:27:01.340,5.765
2026-10-02 18:27:02.460,5.624
2026-10-02 18:27:03.587,6.281
2026-10-02 18:27:04.739,5.768
2026-10-02 18:27:05.871,5.650
2026-10-02 18:27:06.923,5.952
2026-10-02 18:27:08.035,5.539
2026-10-02 18:27:09.248,6.849
2026-10-02 18:27:10.452,6.662
2026-10-02 18:27:11.671,6.461
2026-10-02 18:27:12.807,6.531
2026-10-02 18:27:13.965,6.416
2026-10-02 18:27:15.157,6.665
2026-10-02 18:27:16.316,5.102
2026-10-02 18:27:17.447,7.856
2026-10-02 18:27:18.620,6.112
2026-10-02 18:27:19.839,5.931
2026-10-02 18:27:21.013,7.003
2026-10-02 18:27:22.200,5.276
2026-10-02 18:27:23.376,5.945
2026-10-02 18:27:24.464,4.767
2026-10-02 18:27:25.626,6.382
2026-10-02 18:27:26.742,5.926
2026-10-02 18:27:27.824,4.960
2026-10-02 18:27:28.910,6.240
2026-10-02 18:27:30.101,6.884
2026-10-02 18:27:31.269,5.290
2026-10-02 18:27:32.942,5.862
2026-10-02 18:27:34.079,6.203
2026-10-02 18:27:35.269,6.170
2026-10-02 18:27:36.407,5.254
2026-10-02 18:27:37.459,6.246
2026-10-02 18:27:38.576,5.041
2026-10-02 18:27:39.690,6.779
2026-10-02 18:27:40.801,5.945
2026-10-02 18:27:41.940,6.854
2026-10-02 18:27:43.094,5.397
2026-10-02 18:27:44.279,6.958
2026-10-02 18:27:45.455,5.795
2026-10-02 18:27:46.623,5.693
2026-10-02 18:27:47.808,5.391
2026-10-02 18:27:49.004,6.439
2026-10-02 18:27:50.191,5.464
2026-10-02 18:27:51.311,6.477
2026-10-02 18:27:52.473,6.427
2026-10-02 18:27:53.633,7.087
2026-10-02 18:27:54.804,7.102
2026-10-02 18:27:56.026,5.217
2026-10-02 18:27:57.258,6.428
2026-10-02 18:27:58.456,5.519
2026-10-02 18:27:59.613,6.169
2026-10-02 18:28:00.823,5.689
2026-10-02 18:28:01.950,6.143
2026-10-02 18:28:03.040,5.810
2026-10-02 18:28:04.150,6.471
2026-10-02 18:28:05.250,5.743
2026-10-02 18:28:06.382,6.551
2026-10-02 18:28:07.497,6.658
2026-10-02 18:28:08.550,6.229
2026-10-02 18:28:09.740,6.551
2026-10-02 18:28:10.820,5.576
2026-10-02 18:28:11.956,6.456
2026-10-02 18:28:13.112,5.455
2026-10-02 18:28:14.294,6.661
2026-10-02 18:28:15.440,5.765
2026-10-02 18:28:16.567,6.794
2026-10-02 18:28:17.639,6.390
2026-10-02 18:28:18.828,6.228
2026-10-02 18:28:20.019,6.646
2026-10-02 18:28:21.157,6.173
2026-10-02 18:28:22.325,5.098
2026-10-02 18:28:23.410,6.504
2026-10-02 18:28:24.504,5.439
2026-10-02 18:28:25.612,6.611
2026-10-02 18:28:26.695,5.939
2026-10-02 18:28:27.863,7.070
2026-10-02 18:28:28.955,6.775
2026-10-02 18:28:30.109,6.517
2026-10-02 18:28:31.291,6.306
2026-10-02 18:28:32.380,5.024
2026-10-02 18:28:33.507,5.735
2026-10-02 18:28:35.134,6.508
2026-10-02 18:28:36.249,6.687
2026-10-02 18:28:37.357,6.360
2026-10-02 18:28:38.482,5.960
2026-10-02 18:28:39.657,6.603
2026-10-02 18:28:40.833,5.026
2026-10-02 18:28:41.999,5.903
2026-10-02 18:28:43.145,6.320
2026-10-02 18:28:44.298,6.849
2026-10-02 18:28:45.396,7.175
2026-10-02 18:28:46.550,5.325
2026-10-02 18:28:47.706,6.567
2026-10-02 18:28:48.873,6.224
2026-10-02 18:28:50.002,5.940
2026-10-02 18:28:51.143,6.552
2026-10-02 18:28:52.273,5.642
2026-10-02 18:28:53.478,6.198
2026-10-02 18:28:54.707,6.507
2026-10-02 18:28:55.921,5.656
2026-10-02 18:28:57.028,6.326
2026-10-02 18:28:58.131,6.068
2026-10-02 18:28:59.290,5.724
2026-10-02 18:29:00.525,6.426
2026-10-02 18:29:01.631,5.251
2026-10-02 18:29:02.719,5.738
2026-10-02 18:29:03.914,6.384
2026-10-02 18:29:05.062,6.170
2026-10-02 18:29:06.167,5.928
2026-10-02 18:29:07.281,5.547
2026-10-02 18:29:08.402,6.507
2026-10-02 18:29:09.454,6.467
2026-10-02 18:29:10.589,5.689
2026-10-02 18:29:11.678,6.036
2026-10-02 18:29:12.768,7.025
2026-10-02 18:29:13.950,5.127
2026-10-02 18:29:15.115,6.696
2026-10-02 18:29:16.305,5.023
2026-10-02 18:29:17.505,6.224
2026-10-02 18:29:18.663,6.692
2026-10-02 18:29:19.839,5.127
2026-10-02 18:29:20.970,5.970
2026-10-02 18:29:22.211,6.665
2026-10-02 18:29:23.353,6.381
2026-10-02 18:29:24.442,5.953
2026-10-02 18:29:25.548,6.925
2026-10-02 18:29:26.691,5.776
2026-10-02 18:29:27.818,5.114
2026-10-02 18:29:28.956,5.695
2026-10-02 18:29:30.143,6.624
2026-10-02 18:29:31.397,6.427
2026-10-02 18:29:32.554,6.354
2026-10-02 18:29:33.697,5.988
2026-10-02 18:29:34.958,5.463
2026-10-02 18:29:36.122,5.855
2026-10-02 18:29:37.384,6.132
2026-10-02 18:29:38.584,5.120
2026-10-02 18:29:39.747,6.325
2026-10-02 18:29:40.805,6.383
2026-10-02 18:29:41.971,6.881
2026-10-02 18:29:43.220,6.631
2026-10-02 18:29:44.424,5.350
2026-10-02 18:29:45.643,6.098
2026-10-02 18:29:46.842,6.288
2026-10-02 18:29:47.996,6.341
2026-10-02 18:29:49.121,5.710
2026-10-02 18:29:50.258,6.388
2026-10-02 18:29:51.407,6.685
2026-10-02 18:29:52.600,6.397
2026-10-02 18:29:53.746,6.574
2026-10-02 18:29:54.823,6.678
2026-10-02 18:29:55.958,7.279
2026-10-02 18:29:57.086,5.931
2026-10-02 18:29:58.199,6.405
2026-10-02 18:29:59.284,6.494
2026-10-02 18:30:00.384,5.025
2026-10-02 18:30:01.455,6.727
2026-10-02 18:30:02.541,5.542
2026-10-02 18:30:03.657,6.845
2026-10-02 18:30:04.767,6.605
2026-10-02 18:30:05.853,5.843
2026-10-02 18:30:06.956,6.127
2026-10-02 18:30:08.107,5.759
2026-10-02 18:30:09.204,7.157
2026-10-02 18:30:10.315,6.200
2026-10-02 18:30:11.435,5.250
2026-10-02 18:30:12.593,6.351
2026-10-02 18:30:13.702,5.895
2026-10-02 18:30:14.845,6.876
2026-10-02 18:30:15.904,5.399
2026-10-02 18:30:17.022,5.668
2026-10-02 18:30:18.117,7.011
2026-10-02 18:30:19.222,6.729
2026-10-02 18:30:20.295,5.941
2026-10-02 18:30:21.362,6.351
2026-10-02 18:30:22.464,5.731
2026-10-02 18:30:23.538,6.622
2026-10-02 18:30:24.610,5.822
2026-10-02 18:30:25.738,6.321
2026-10-02 18:30:26.812,6.329
2026-10-02 18:30:27.872,6.422
2026-10-02 18:30:28.941,6.630
2026-10-02 18:30:30.044,5.804
2026-10-02 18:30:31.113,5.983
2026-10-02 18:30:32.174,6.310
2026-10-02 18:30:33.268,5.648
2026-10-02 18:30:34.339,6.710
2026-10-02 18:30:35.417,5.051
2026-10-02 18:30:36.490,5.776
2026-10-02 18:30:37.565,6.452
2026-10-02 18:30:38.649,5.243
2026-10-02 18:30:39.710,7.165
2026-10-02 18:30:40.807,6.265
2026-10-02 18:30:41.879,6.394
2026-10-02 18:30:42.949,5.438
2026-10-02 18:30:44.054,5.833
2026-10-02 18:30:45.119,5.692
2026-10-02 18:30:46.192,6.413
2026-10-02 18:30:47.247,5.561
2026-10-02 18:30:48.348,6.391
2026-10-02 18:30:49.425,6.377
2026-10-02 18:30:50.489,6.510
2026-10-02 18:30:51.601,5.884
2026-10-02 18:30:52.670,6.453
2026-10-02 18:30:53.740,6.150
2026-10-02 18:30:54.824,5.680
2026-10-02 18:30:55.922,6.437
2026-10-02 18:30:56.993,6.365
2026-10-02 18:30:58.090,6.786
2026-10-02 18:30:59.154,6.488
2026-10-02 18:31:00.230,6.664
2026-10-02 18:31:01.339,5.687
2026-10-02 18:31:02.396,6.325
2026-10-02 18:31:03.470,7.066
2026-10-02 18:31:04.541,5.657
2026-10-02 18:31:05.607,5.735
2026-10-02 18:31:06.681,5.247
2026-10-02 18:31:07.782,5.632
2026-10-02 18:31:08.844,6.781
2026-10-02 18:31:09.912,6.322
2026-10-02 18:31:11.015,5.931
2026-10-02 18:31:12.085,5.930
2026-10-02 18:31:13.155,6.767
2026-10-02 18:31:14.255,5.992
2026-10-02 18:31:15.330,6.156
2026-10-02 18:31:16.407,5.650
2026-10-02 18:31:17.454,6.406
2026-10-02 18:31:18.558,6.195
2026-10-02 18:31:19.626,5.601
2026-10-02 18:31:20.698,5.936
2026-10-02 18:31:21.817,6.430
2026-10-02 18:31:22.885,6.477
2026-10-02 18:31:23.961,5.646
2026-10-02 18:31:25.029,6.585
2026-10-02 18:31:26.141,6.572
2026-10-02 18:31:27.229,4.989
2026-10-02 18:31:28.299,5.592
2026-10-02 18:31:29.367,6.755
2026-10-02 18:31:30.447,5.113
2026-10-02 18:31:31.512,6.619
2026-10-02 18:31:32.630,5.174
2026-10-02 18:31:33.701,5.814
2026-10-02 18:31:34.776,5.878
2026-10-02 18:31:35.845,6.416
2026-10-02 18:31:36.921,5.823
2026-10-02 18:31:38.034,6.312
2026-10-02 18:31:39.102,6.394
2026-10-02 18:31:40.171,5.963
2026-10-02 18:31:41.235,6.722
2026-10-02 18:31:42.304,5.654
2026-10-02 18:31:43.376,6.542
2026-10-02 18:31:44.486,6.559
2026-10-02 18:31:45.558,6.287
2026-10-02 18:31:46.631,5.543
2026-10-02 18:31:47.703,7.044
2026-10-02 18:31:48.767,5.483
2026-10-02 18:31:49.829,7.113
2026-10-02 18:31:50.895,6.863
2026-10-02 18:31:51.972,5.197
2026-10-02 18:31:53.039,6.266
2026-10-02 18:31:54.103,6.901
2026-10-02 18:31:55.218,5.999
2026-10-02 18:31:56.287,6.489
2026-10-02 18:31:57.366,5.738
2026-10-02 18:31:58.437,6.910
2026-10-02 18:31:59.554,5.080
2026-10-02 18:32:00.628,5.044
2026-10-02 18:32:01.696,6.026
2026-10-02 18:32:02.767,5.804
2026-10-02 18:32:03.839,6.430
2026-10-02 18:32:04.906,5.717
2026-10-02 18:32:05.976,6.758
2026-10-02 18:32:07.044,5.898
2026-10-02 18:32:08.109,6.915
2026-10-02 18:32:09.181,5.411
2026-10-02 18:32:10.255,6.874
2026-10-02 18:32:11.328,6.024
2026-10-02 18:32:12.398,6.829
2026-10-02 18:32:13.469,5.511
2026-10-02 18:32:14.549,5.857
2026-10-02 18:32:15.624,6.438
2026-10-02 18:32:16.744,5.687
2026-10-02 18:32:17.814,6.928
2026-10-02 18:32:18.878,6.277
2026-10-02 18:32:20.004,5.354
2026-10-02 18:32:21.077,7.153
2026-10-02 18:32:22.155,6.872
2026-10-02 18:32:23.242,5.160
2026-10-02 18:32:24.316,5.698
2026-10-02 18:32:25.394,5.770
2026-10-02 18:32:26.501,6.897
2026-10-02 18:32:27.585,6.422
2026-10-02 18:32:28.696,6.218
2026-10-02 18:32:29.755,5.832
2026-10-02 18:32:30.837,6.992
2026-10-02 18:32:31.954,5.794
2026-10-02 18:32:33.033,6.236
2026-10-02 18:32:34.120,6.165
2026-10-02 18:32:35.204,6.600
2026-10-02 18:32:36.288,6.149
2026-10-02 18:32:37.382,5.242
2026-10-02 18:32:38.469,5.961
2026-10-02 18:32:39.556,6.805
2026-10-02 18:32:40.642,6.275
2026-10-02 18:32:41.716,6.459
2026-10-02 18:32:42.838,5.630
2026-10-02 18:32:43.972,4.891
2026-10-02 18:32:45.053,6.079
2026-10-02 18:32:46.137,5.488
2026-10-02 18:32:47.215,6.200
2026-10-02 18:32:48.345,6.410
2026-10-02 18:32:49.466,6.497
2026-10-02 18:32:50.540,6.103
2026-10-02 18:32:51.664,5.975
2026-10-02 18:32:52.787,6.956
2026-10-02 18:32:53.873,5.860
2026-10-02 18:32:54.997,5.737
2026-10-02 18:32:56.120,6.153
2026-10-02 18:32:57.213,5.088
2026-10-02 18:32:58.337,6.326
2026-10-02 18:32:59.427,5.419
2026-10-02 18:33:00.490,5.851
2026-10-02 18:33:01.612,5.903
2026-10-02 18:33:02.723,6.466
2026-10-02 18:33:03.844,7.139
2026-10-02 18:33:04.968,5.187
2026-10-02 18:33:06.095,5.969
2026-10-02 18:33:07.176,5.126
2026-10-02 18:33:08.291,6.349
2026-10-02 18:33:09.411,6.854
2026-10-02 18:33:10.488,5.159
2026-10-02 18:33:11.606,5.997
2026-10-02 18:33:12.725,7.002
2026-10-02 18:33:13.848,5.903
2026-10-02 18:33:14.986,5.803
2026-10-02 18:33:16.109,5.648
2026-10-02 18:33:17.234,5.683
2026-10-02 18:33:18.304,6.720
2026-10-02 18:33:19.421,6.216
2026-10-02 18:33:20.548,6.682
2026-10-02 18:33:21.632,5.857
2026-10-02 18:33:22.742,6.774
2026-10-02 18:33:23.858,6.890
2026-10-02 18:33:24.979,5.244
2026-10-02 18:33:26.086,5.943
2026-10-02 18:33:27.200,6.400
2026-10-02 18:33:28.278,6.237
2026-10-02 18:33:29.394,6.357
2026-10-02 18:33:30.475,5.478
2026-10-02 18:33:31.585,6.611
2026-10-02 18:33:32.693,6.760
2026-10-02 18:33:33.784,5.281
2026-10-02 18:33:34.927,5.937
2026-10-02 18:33:36.032,6.205
2026-10-02 18:33:37.151,6.427
2026-10-02 18:33:38.267,5.971
2026-10-02 18:33:39.376,7.021
2026-10-02 18:33:40.477,6.654
2026-10-02 18:33:41.534,6.430
2026-10-02 18:33:42.612,5.551
2026-10-02 18:33:43.710,6.476
2026-10-02 18:33:44.785,6.237
2026-10-02 18:33:45.881,5.835
2026-10-02 18:33:46.951,5.810
2026-10-02 18:33:48.028,5.794
2026-10-02 18:33:49.118,6.603
2026-10-02 18:33:50.213,5.660
2026-10-02 18:33:51.267,5.866
2026-10-02 18:33:52.344,5.123
2026-10-02 18:33:53.429,6.619
2026-10-02 18:33:54.515,6.403
2026-10-02 18:33:55.604,6.771
2026-10-02 18:33:56.707,6.581
2026-10-02 18:33:57.824,5.875
2026-10-02 18:33:58.897,5.897
2026-10-02 18:34:00.003,6.457
2026-10-02 18:34:01.066,6.247
2026-10-02 18:34:02.149,6.656
2026-10-02 18:34:03.235,5.723
2026-10-02 18:34:04.318,5.704
2026-10-02 18:34:05.397,5.857
2026-10-02 18:34:06.481,7.134
2026-10-02 18:34:07.572,7.087
2026-10-02 18:34:08.645,5.314
2026-10-02 18:34:09.722,6.111
2026-10-02 18:34:10.792,5.394
2026-10-02 18:34:11.874,5.614
2026-10-02 18:34:12.970,5.543
2026-10-02 18:34:14.047,6.347
2026-10-02 18:34:15.140,5.906
2026-10-02 18:34:16.259,6.033
2026-10-02 18:34:17.333,6.831
2026-10-02 18:34:18.411,5.801
2026-10-02 18:34:19.475,6.417
2026-10-02 18:34:20.544,5.825
2026-10-02 18:34:21.596,5.890
2026-10-02 18:34:22.667,6.718
2026-10-02 18:34:23.741,5.059
2026-10-02 18:34:24.855,6.081
2026-10-02 18:34:25.927,6.691
2026-10-02 18:34:27.009,5.113
2026-10-02 18:34:28.083,6.738
2026-10-02 18:34:29.195,6.288
2026-10-02 18:34:30.279,5.098
2026-10-02 18:34:31.345,6.431
2026-10-02 18:34:32.426,5.727
2026-10-02 18:34:33.497,5.919
2026-10-02 18:34:34.569,6.157
2026-10-02 18:34:35.702,4.898
2026-10-02 18:34:36.770,6.253
2026-10-02 18:34:37.841,6.378
2026-10-02 18:34:38.924,5.201
2026-10-02 18:34:39.988,5.938
2026-10-02 18:34:41.104,6.964
2026-10-02 18:34:42.187,5.119
2026-10-02 18:34:43.252,5.999
2026-10-02 18:34:44.320,5.486
2026-10-02 18:34:45.391,6.179
2026-10-02 18:34:46.499,5.921
2026-10-02 18:34:47.577,6.263
2026-10-02 18:34:48.684,7.066
2026-10-02 18:34:49.753,6.414
2026-10-02 18:34:50.860,6.085
2026-10-02 18:34:51.930,6.520
2026-10-02 18:34:52.987,6.697
2026-10-02 18:34:54.095,6.648
2026-10-02 18:34:55.168,5.680
2026-10-02 18:34:56.246,5.078
2026-10-02 18:34:57.359,6.291
2026-10-02 18:34:58.425,6.204
2026-10-02 18:34:59.506,5.727
2026-10-02 18:35:00.605,6.442
2026-10-02 18:35:01.704,5.744
2026-10-02 18:35:02.863,5.038
2026-10-02 18:35:04.093,6.382
2026-10-02 18:35:05.380,5.726
2026-10-02 18:35:06.546,6.194
2026-10-02 18:35:07.778,5.546
2026-10-02 18:35:09.042,6.709
2026-10-02 18:35:10.161,6.230
2026-10-02 18:35:11.285,5.788
2026-10-02 18:35:12.619,6.462
2026-10-02 18:35:13.960,6.134
2026-10-02 18:35:15.112,5.972
2026-10-02 18:35:16.321,6.333
2026-10-02 18:35:17.403,5.622
2026-10-02 18:35:18.599,6.239
2026-10-02 18:35:19.858,5.010
2026-10-02 18:35:21.196,5.779
2026-10-02 18:35:22.421,5.969
2026-10-02 18:35:23.482,5.834
2026-10-02 18:35:24.641,6.861
2026-10-02 18:35:25.838,6.493
2026-10-02 18:35:26.984,6.140
2026-10-02 18:35:28.126,5.951
2026-10-02 18:35:29.540,6.627
2026-10-02 18:35:30.916,5.277
2026-10-02 18:35:32.331,6.825
2026-10-02 18:35:33.649,6.680
2026-10-02 18:35:34.882,5.711
2026-10-02 18:35:36.023,5.967
2026-10-02 18:35:37.207,6.523
2026-10-02 18:35:38.664,6.530
2026-10-02 18:35:40.004,7.104
2026-10-02 18:35:41.440,5.013
2026-10-02 18:35:42.831,5.619
2026-10-02 18:35:44.108,6.346
2026-10-02 18:35:45.449,5.886
2026-10-02 18:35:46.658,5.836
2026-10-02 18:35:47.826,5.884
2026-10-02 18:35:49.070,6.323
2026-10-02 18:35:50.609,6.452
2026-10-02 18:35:51.920,6.453
2026-10-02 18:35:53.212,5.863
2026-10-02 18:35:54.307,5.701
2026-10-02 18:35:55.524,6.305
2026-10-02 18:35:56.604,6.442
2026-10-02 18:35:57.841,5.777
2026-10-02 18:35:59.029,5.996
2026-10-02 18:36:00.176,6.278
2026-10-02 18:36:01.536,5.207
2026-10-02 18:36:02.848,5.829
2026-10-02 18:36:04.079,5.712
2026-10-02 18:36:05.235,5.504
2026-10-02 18:36:06.473,5.309
2026-10-02 18:36:07.750,6.330
2026-10-02 18:36:09.043,6.802
2026-10-02 18:36:10.263,5.800
2026-10-02 18:36:11.649,6.179
2026-10-02 18:36:13.093,6.170
2026-10-02 18:36:14.229,5.161
2026-10-02 18:36:15.402,6.278
2026-10-02 18:36:16.633,5.642
2026-10-02 18:36:17.888,6.800
2026-10-02 18:36:19.043,6.432
2026-10-02 18:36:20.600,6.889
2026-10-02 18:36:21.740,5.277
2026-10-02 18:36:22.991,6.427
2026-10-02 18:36:24.179,6.886
2026-10-02 18:36:25.243,5.164
2026-10-02 18:36:26.455,5.147
2026-10-02 18:36:27.687,5.575
2026-10-02 18:36:28.930,6.425
2026-10-02 18:36:30.149,5.237
2026-10-02 18:36:31.426,7.108
2026-10-02 18:36:32.543,5.917
2026-10-02 18:36:33.733,6.642
2026-10-02 18:36:34.944,5.979
2026-10-02 18:36:36.344,6.555
2026-10-02 18:36:37.675,6.682
2026-10-02 18:36:39.024,5.127
2026-10-02 18:36:40.254,7.091
2026-10-02 18:36:41.531,6.390
2026-10-02 18:36:42.707,5.723
2026-10-02 18:36:43.859,6.168
2026-10-02 18:36:45.148,6.486
2026-10-02 18:36:46.482,6.799
2026-10-02 18:36:47.886,6.186
2026-10-02 18:36:49.119,5.770
2026-10-02 18:36:50.332,6.551
2026-10-02 18:36:51.494,5.916
2026-10-02 18:36:52.667,5.174
2026-10-02 18:36:54.054,5.284
2026-10-02 18:36:55.414,6.038
2026-10-02 18:36:56.472,6.382
2026-10-02 18:36:57.802,5.647
2026-10-02 18:36:58.952,6.230
2026-10-02 18:37:00.168,4.973
2026-10-02 18:37:01.515,6.001
2026-10-02 18:37:02.680,5.763
2026-10-02 18:37:04.022,6.147
2026-10-02 18:37:05.313,6.766
2026-10-02 18:37:06.506,6.473
2026-10-02 18:37:07.810,5.474
2026-10-02 18:37:08.973,5.548
2026-10-02 18:37:10.137,5.711
2026-10-02 18:37:11.314,6.768
2026-10-02 18:37:12.449,5.876
2026-10-02 18:37:13.759,5.379
2026-10-02 18:37:15.001,5.773
2026-10-02 18:37:16.337,6.177
2026-10-02 18:37:17.494,6.387
2026-10-02 18:37:18.828,6.830
2026-10-02 18:37:20.008,6.196
2026-10-02 18:37:21.237,5.052
2026-10-02 18:37:22.565,5.887
2026-10-02 18:37:23.915,5.666
2026-10-02 18:37:25.192,5.990
2026-10-02 18:37:26.563,5.644
2026-10-02 18:37:27.793,5.973
2026-10-02 18:37:29.003,6.607
2026-10-02 18:37:30.183,4.946
2026-10-02 18:37:31.428,6.594
2026-10-02 18:37:32.679,5.026
2026-10-02 18:37:33.904,6.023
2026-10-02 18:37:35.183,6.866
2026-10-02 18:37:36.331,6.029
2026-10-02 18:37:37.602,6.425
2026-10-02 18:37:38.750,5.130
2026-10-02 18:37:39.916,5.869
2026-10-02 18:37:41.164,6.387
2026-10-02 18:37:42.394,6.165
2026-10-02 18:37:43.742,5.717
2026-10-02 18:37:45.116,6.292
2026-10-02 18:37:46.330,5.830
2026-10-02 18:37:47.711,5.799
2026-10-02 18:37:49.007,6.625
2026-10-02 18:37:50.233,6.169
2026-10-02 18:37:51.586,6.658
2026-10-02 18:37:52.814,5.817
2026-10-02 18:37:54.246,4.985
2026-10-02 18:37:55.436,6.653
2026-10-02 18:37:56.923,6.391
2026-10-02 18:37:57.990,5.429
2026-10-02 18:37:59.320,7.114
2026-10-02 18:38:00.558,6.578
2026-10-02 18:38:01.885,5.923
2026-10-02 18:38:03.289,6.174
2026-10-02 18:38:04.452,6.388
2026-10-02 18:38:05.796,4.929
2026-10-02 18:38:07.136,6.429
2026-10-02 18:38:08.477,5.816
2026-10-02 18:38:09.747,6.379
2026-10-02 18:38:10.953,6.382
2026-10-02 18:38:12.218,5.279
2026-10-02 18:38:13.451,6.340
2026-10-02 18:38:14.788,6.437
2026-10-02 18:38:15.990,6.970
2026-10-02 18:38:17.471,5.640
2026-10-02 18:38:18.859,7.111
2026-10-02 18:38:20.073,5.760
2026-10-02 18:38:21.305,5.897
2026-10-02 18:38:22.507,5.802
2026-10-02 18:38:23.779,6.449
2026-10-02 18:38:24.993,6.609
2026-10-02 18:38:26.272,5.829
2026-10-02 18:38:27.589,5.275
2026-10-02 18:38:28.654,5.226
2026-10-02 18:38:29.847,6.056
2026-10-02 18:38:31.099,5.778
2026-10-02 18:38:32.394,6.029
2026-10-02 18:38:33.649,5.029
2026-10-02 18:38:34.893,6.328
2026-10-02 18:38:36.208,6.855
2026-10-02 18:38:37.360,6.087
2026-10-02 18:38:38.488,5.843
2026-10-02 18:38:39.622,5.367
2026-10-02 18:38:40.775,5.761
2026-10-02 18:38:41.936,6.811
2026-10-02 18:38:43.108,5.116
2026-10-02 18:38:44.265,5.305
2026-10-02 18:38:45.552,6.041
2026-10-02 18:38:46.637,5.264
2026-10-02 18:38:48.018,6.276
2026-10-02 18:38:49.130,5.636
2026-10-02 18:38:50.372,6.716
2026-10-02 18:38:51.592,5.280
2026-10-02 18:38:52.898,6.514
2026-10-02 18:38:54.161,5.206
2026-10-02 18:38:55.288,5.847
2026-10-02 18:38:56.425,5.415
2026-10-02 18:38:57.540,5.648
2026-10-02 18:38:58.624,5.109
2026-10-02 18:38:59.694,5.705
2026-10-02 18:39:00.789,6.351
2026-10-02 18:39:01.857,6.604
2026-10-02 18:39:02.928,6.869
2026-10-02 18:39:04.034,6.426
2026-10-02 18:39:05.107,5.133
2026-10-02 18:39:06.228,5.652
2026-10-02 18:39:07.327,5.961
2026-10-02 18:39:08.433,4.907
2026-10-02 18:39:09.508,5.607
2026-10-02 18:39:10.601,5.861
2026-10-02 18:39:11.721,4.934
2026-10-02 18:39:12.866,6.616
2026-10-02 18:39:13.965,5.683
2026-10-02 18:39:15.032,6.910
2026-10-02 18:39:16.104,5.983
2026-10-02 18:39:17.172,6.869
2026-10-02 18:39:18.273,6.609
2026-10-02 18:39:19.342,5.881
2026-10-02 18:39:20.422,6.285
2026-10-02 18:39:21.489,6.323
2026-10-02 18:39:22.597,5.131
2026-10-02 18:39:23.674,4.968
2026-10-02 18:39:24.785,5.903
2026-10-02 18:39:25.863,6.536
2026-10-02 18:39:26.977,5.498
2026-10-02 18:39:28.070,5.354
2026-10-02 18:39:29.874,6.152
2026-10-02 18:39:31.328,5.866
2026-10-02 18:39:33.273,5.872
2026-10-02 18:39:36.701,6.919
2026-10-02 18:39:38.544,5.725
2026-10-02 18:39:40.918,6.862
2026-10-02 18:39:43.750,5.693
2026-10-02 18:39:44.963,5.592
2026-10-02 18:39:46.722,7.124
2026-10-02 18:39:49.175,7.042
2026-10-02 18:39:50.320,5.910
2026-10-02 18:39:52.931,5.468
2026-10-02 18:39:54.804,6.655
2026-10-02 18:39:57.862,6.422
2026-10-02 18:40:01.080,6.086
2026-10-02 18:40:03.050,5.777
2026-10-02 18:40:05.296,5.350
2026-10-02 18:40:07.405,6.238
2026-10-02 18:40:11.016,5.164
2026-10-02 18:40:14.347,5.613
2026-10-02 18:40:18.008,6.707
2026-10-02 18:40:19.763,6.433
2026-10-02 18:40:21.713,5.208
2026-10-02 18:40:22.901,6.424
2026-10-02 18:40:26.985,5.629
2026-10-02 18:40:30.369,5.836
2026-10-02 18:40:32.156,5.284
2026-10-02 18:40:34.464,6.980
2026-10-02 18:40:36.959,5.440
2026-10-02 18:40:39.378,5.971
2026-10-02 18:40:42.205,6.465
2026-10-02 18:40:46.617,5.892
2026-10-02 18:40:48.346,6.756
2026-10-02 18:40:50.808,5.567
2026-10-02 18:40:53.369,5.327
2026-10-02 18:40:54.471,6.327
2026-10-02 18:40:57.394,5.672
2026-10-02 18:41:01.146,5.150
2026-10-02 18:41:03.098,5.667
2026-10-02 18:41:04.812,5.300
2026-10-02 18:41:08.229,6.365
2026-10-02 18:41:09.562,6.296
2026-10-02 18:41:11.228,4.992
2026-10-02 18:41:13.974,6.456
2026-10-02 18:41:16.958,6.924
2026-10-02 18:41:18.442,7.281
2026-10-02 18:41:22.172,5.242
2026-10-02 18:41:24.962,6.468
2026-10-02 18:41:28.320,7.084
2026-10-02 18:41:29.867,5.963
2026-10-02 18:41:33.818,5.763
2026-10-02 18:41:36.595,5.382
2026-10-02 18:41:37.959,5.647
2026-10-02 18:41:41.104,6.176
2026-10-02 18:41:43.172,5.708
2026-10-02 18:41:45.800,5.506
2026-10-02 18:41:48.334,5.828
2026-10-02 18:41:51.247,6.187
2026-10-02 18:41:53.846,5.625
2026-10-02 18:41:54.959,6.188
2026-10-02 18:41:56.033,5.714
2026-10-02 18:41:57.160,5.384
2026-10-02 18:41:58.237,7.287
2026-10-02 18:41:59.307,5.963
2026-10-02 18:42:00.425,5.615
2026-10-02 18:42:01.489,6.712
2026-10-02 18:42:02.580,6.477
2026-10-02 18:42:03.647,6.635
2026-10-02 18:42:04.715,6.345
2026-10-02 18:42:05.794,5.575
2026-10-02 18:42:06.868,4.983
2026-10-02 18:42:07.951,6.438
2026-10-02 18:42:09.031,6.425
2026-10-02 18:42:10.138,5.900
2026-10-02 18:42:11.217,5.905
2026-10-02 18:42:12.289,6.593
2026-10-02 18:42:13.359,7.617
2026-10-02 18:42:14.435,5.683
2026-10-02 18:42:15.504,4.994
2026-10-02 18:42:16.568,6.300
2026-10-02 18:42:17.633,6.448
2026-10-02 18:42:18.705,6.171
2026-10-02 18:42:19.927,5.588
2026-10-02 18:42:21.129,6.718
2026-10-02 18:42:22.290,5.863
2026-10-02 18:42:23.441,6.412
2026-10-02 18:42:24.575,5.435
2026-10-02 18:42:25.719,6.976
2026-10-02 18:42:26.908,6.673
2026-10-02 18:42:28.098,5.073
2026-10-02 18:42:29.301,6.437
2026-10-02 18:42:30.404,6.765
2026-10-02 18:42:31.584,5.919
2026-10-02 18:42:32.761,5.276
2026-10-02 18:42:33.850,5.864
2026-10-02 18:42:34.932,6.627
2026-10-02 18:42:36.060,5.300
2026-10-02 18:42:37.175,5.809
2026-10-02 18:42:38.340,5.575
2026-10-02 18:42:39.440,6.661
2026-10-02 18:42:40.517,6.601
2026-10-02 18:42:41.624,5.259
2026-10-02 18:42:42.731,6.681
2026-10-02 18:42:43.851,5.853
2026-10-02 18:42:44.967,6.488
2026-10-02 18:42:46.191,6.369
2026-10-02 18:42:47.375,6.539
2026-10-02 18:42:48.553,5.924
2026-10-02 18:42:49.617,5.583
2026-10-02 18:42:50.718,5.895
2026-10-02 18:42:51.830,6.218
2026-10-02 18:42:52.986,6.888
2026-10-02 18:42:54.125,5.933
2026-10-02 18:42:55.212,6.441
2026-10-02 18:42:56.353,5.890
2026-10-02 18:42:57.496,6.701
2026-10-02 18:42:58.618,5.175
2026-10-02 18:42:59.701,6.762
2026-10-02 18:43:00.823,6.911
2026-10-02 18:43:01.971,5.755
2026-10-02 18:43:03.095,5.729
2026-10-02 18:43:04.215,6.588
2026-10-02 18:43:05.353,6.928
2026-10-02 18:43:06.507,6.636
2026-10-02 18:43:07.617,6.380
2026-10-02 18:43:08.724,5.326
2026-10-02 18:43:09.822,6.945
2026-10-02 18:43:10.974,5.295
2026-10-02 18:43:12.080,5.711
2026-10-02 18:43:13.167,6.346
2026-10-02 18:43:14.270,5.120
2026-10-02 18:43:15.368,6.680
2026-10-02 18:43:16.583,5.233
2026-10-02 18:43:17.699,7.014
2026-10-02 18:43:18.772,6.878
2026-10-02 18:43:19.889,6.884
2026-10-02 18:43:20.947,6.041
2026-10-02 18:43:22.036,5.463
2026-10-02 18:43:23.144,6.802
2026-10-02 18:43:24.212,6.462
2026-10-02 18:43:25.312,6.232
2026-10-02 18:43:26.405,5.797
2026-10-02 18:43:27.484,6.844
2026-10-02 18:43:28.580,5.719
2026-10-02 18:43:29.749,6.775
2026-10-02 18:43:30.857,6.989
2026-10-02 18:43:31.955,5.778
2026-10-02 18:43:33.075,5.553
2026-10-02 18:43:34.215,6.712
2026-10-02 18:43:35.342,5.855
2026-10-02 18:43:36.486,6.335
2026-10-02 18:43:37.887,6.545
2026-10-02 18:43:39.083,5.153
2026-10-02 18:43:40.237,5.311
2026-10-02 18:43:41.370,6.490
2026-10-02 18:43:42.487,7.422
2026-10-02 18:43:43.627,6.343
2026-10-02 18:43:44.762,5.607
2026-10-02 18:43:45.969,5.865
2026-10-02 18:43:47.053,5.014
2026-10-02 18:43:48.192,6.859
2026-10-02 18:43:49.339,6.387
2026-10-02 18:43:50.518,5.122
2026-10-02 18:43:51.580,6.043
2026-10-02 18:43:52.682,5.684
2026-10-02 18:43:53.802,5.826
2026-10-02 18:43:54.868,6.422
2026-10-02 18:43:55.949,6.677
2026-10-02 18:43:57.067,6.644
2026-10-02 18:43:58.168,5.719
2026-10-02 18:43:59.263,5.906
2026-10-02 18:44:00.361,5.917
2026-10-02 18:44:01.507,5.186
2026-10-02 18:44:02.584,7.352
2026-10-02 18:44:03.645,6.572
2026-10-02 18:44:04.753,5.363
2026-10-02 18:44:05.852,5.641
2026-10-02 18:44:06.923,6.674
2026-10-02 18:44:08.007,5.645
2026-10-02 18:44:09.107,5.040
2026-10-02 18:44:10.206,6.442
2026-10-02 18:44:11.283,7.115
2026-10-02 18:44:12.358,6.878
2026-10-02 18:44:13.484,5.840
2026-10-02 18:44:14.622,5.655
2026-10-02 18:44:15.728,5.992
2026-10-02 18:44:16.893,6.049
2026-10-02 18:44:18.094,6.216
2026-10-02 18:44:19.255,6.957
2026-10-02 18:44:20.393,5.962
2026-10-02 18:44:21.491,5.467
2026-10-02 18:44:22.546,5.668
2026-10-02 18:44:23.631,6.823
2026-10-02 18:44:24.746,6.412
2026-10-02 18:44:25.890,5.141
2026-10-02 18:44:27.025,5.894
2026-10-02 18:44:28.169,5.890
2026-10-02 18:44:29.285,7.165
2026-10-02 18:44:30.380,6.495
2026-10-02 18:44:31.507,5.427
2026-10-02 18:44:32.645,6.521
2026-10-02 18:44:33.768,6.914
2026-10-02 18:44:34.932,5.226
2026-10-02 18:44:36.078,6.510
2026-10-02 18:44:37.212,5.713
2026-10-02 18:44:38.318,6.696
2026-10-02 18:44:39.432,6.826
2026-10-02 18:44:40.497,5.664
2026-10-02 18:44:41.622,5.623
2026-10-02 18:44:42.695,6.708
2026-10-02 18:44:43.808,6.891
2026-10-02 18:44:44.949,5.508
2026-10-02 18:44:46.049,6.949
2026-10-02 18:44:47.189,5.787
2026-10-02 18:44:48.347,5.372
2026-10-02 18:44:49.458,6.372
2026-10-02 18:44:50.642,5.566
2026-10-02 18:44:51.811,6.802
2026-10-02 18:44:52.877,5.599
2026-10-02 18:44:54.068,6.383
2026-10-02 18:44:55.186,7.301
2026-10-02 18:44:56.371,5.962
2026-10-02 18:44:57.542,5.870
2026-10-02 18:44:58.692,6.971
2026-10-02 18:44:59.835,5.346
2026-10-02 18:45:00.963,5.639
2026-10-02 18:45:02.082,5.693
2026-10-02 18:45:03.185,6.163
2026-10-02 18:45:04.256,5.662
2026-10-02 18:45:05.358,6.423
2026-10-02 18:45:06.491,5.713
2026-10-02 18:45:07.595,6.333
2026-10-02 18:45:08.667,6.820
2026-10-02 18:45:09.773,6.624
2026-10-02 18:45:10.906,5.591
2026-10-02 18:45:12.038,6.660
2026-10-02 18:45:13.198,6.321
2026-10-02 18:45:14.360,4.862
2026-10-02 18:45:15.476,6.782
2026-10-02 18:45:16.600,6.685
2026-10-02 18:45:17.727,5.218
2026-10-02 18:45:18.853,6.544
2026-10-02 18:45:20.036,6.181
2026-10-02 18:45:21.109,5.920
2026-10-02 18:45:22.177,6.187
2026-10-02 18:45:23.239,6.305
2026-10-02 18:45:24.383,5.462
2026-10-02 18:45:25.497,5.399
2026-10-02 18:45:26.602,5.574
2026-10-02 18:45:27.706,6.454
2026-10-02 18:45:28.787,5.813
2026-10-02 18:45:29.897,6.388
2026-10-02 18:45:31.043,6.922
2026-10-02 18:45:32.134,5.319
2026-10-02 18:45:33.246,5.963
2026-10-02 18:45:34.362,6.296
2026-10-02 18:45:35.468,6.180
2026-10-02 18:45:36.570,5.780
2026-10-02 18:45:37.688,6.664
2026-10-02 18:45:38.831,6.446
2026-10-02 18:45:39.920,6.395
2026-10-02 18:45:40.995,5.589
2026-10-02 18:45:42.079,6.659
2026-10-02 18:45:43.292,6.729
2026-10-02 18:45:44.407,6.595
2026-10-02 18:45:45.490,5.198
2026-10-02 18:45:46.587,6.714
2026-10-02 18:45:47.677,6.187
2026-10-02 18:45:48.785,5.012
2026-10-02 18:45:49.873,6.706
2026-10-02 18:45:51.029,6.884
2026-10-02 18:45:52.160,6.967
2026-10-02 18:45:53.243,5.234
2026-10-02 18:45:54.295,6.123
2026-10-02 18:45:55.365,6.399
2026-10-02 18:45:56.470,5.682
2026-10-02 18:45:57.565,6.318
2026-10-02 18:45:58.676,6.234
2026-10-02 18:45:59.764,6.376
2026-10-02 18:46:00.843,5.783
2026-10-02 18:46:01.959,6.606
2026-10-02 18:46:03.071,5.935
2026-10-02 18:46:04.185,6.754
2026-10-02 18:46:05.345,6.501
2026-10-02 18:46:06.420,7.346
2026-10-02 18:46:07.580,6.423
2026-10-02 18:46:08.726,5.994
2026-10-02 18:46:09.859,6.284
2026-10-02 18:46:10.979,5.879
2026-10-02 18:46:12.061,6.068
2026-10-02 18:46:13.138,6.525
2026-10-02 18:46:14.236,6.784
2026-10-02 18:46:15.328,5.809
2026-10-02 18:46:16.427,5.310
2026-10-02 18:46:17.503,6.506
2026-10-02 18:46:18.595,5.372
2026-10-02 18:46:19.684,5.148
2026-10-02 18:46:20.806,6.628
2026-10-02 18:46:21.909,6.555
2026-10-02 18:46:22.996,6.191
2026-10-02 18:46:24.085,5.285
2026-10-02 18:46:25.127,5.352
2026-10-02 18:46:26.258,6.378
2026-10-02 18:46:27.327,5.973
2026-10-02 18:46:28.418,6.403
2026-10-02 18:46:29.521,5.611
2026-10-02 18:46:30.652,5.651
2026-10-02 18:46:31.750,4.929
2026-10-02 18:46:32.892,5.615
2026-10-02 18:46:33.962,6.991
2026-10-02 18:46:35.087,5.165
2026-10-02 18:46:36.164,7.097
2026-10-02 18:46:37.251,6.213
2026-10-02 18:46:38.396,5.067
2026-10-02 18:46:39.470,6.648
2026-10-02 18:46:40.579,5.689
2026-10-02 18:46:41.660,5.673
2026-10-02 18:46:42.786,5.594
2026-10-02 18:46:43.930,6.398
2026-10-02 18:46:45.029,6.213
2026-10-02 18:46:46.168,5.862
2026-10-02 18:46:47.349,5.842
2026-10-02 18:46:48.552,5.915
2026-10-02 18:46:49.648,6.630
2026-10-02 18:46:50.776,5.699
2026-10-02 18:46:52.234,6.403
2026-10-02 18:46:53.360,5.557
2026-10-02 18:46:54.438,5.650
2026-10-02 18:46:55.502,5.221
2026-10-02 18:46:56.579,7.538
2026-10-02 18:46:57.675,6.740
2026-10-02 18:46:58.830,6.817
2026-10-02 18:46:59.933,5.632
2026-10-02 18:47:01.013,5.299
2026-10-02 18:47:02.147,6.441
2026-10-02 18:47:03.233,5.763
2026-10-02 18:47:04.335,6.131
2026-10-02 18:47:05.549,3.671
2026-10-02 18:47:07.931,2.983
2026-10-02 18:47:08.970,3.801
2026-10-02 18:47:10.045,3.543
2026-10-02 18:47:11.208,3.646
2026-10-02 18:47:12.278,3.954
2026-10-02 18:47:13.338,3.703
2026-10-02 18:47:14.414,3.306
2026-10-02 18:47:15.507,2.312
2026-10-02 18:47:16.818,2.270
2026-10-02 18:47:17.929,2.430
2026-10-02 18:47:19.020,2.456
2026-10-02 18:47:20.212,2.466
2026-10-02 18:47:21.275,2.473
2026-10-02 18:47:22.338,2.449
2026-10-02 18:47:23.405,2.454
2026-10-02 18:47:24.455,2.207
2026-10-02 18:47:25.531,2.228
2026-10-02 18:47:26.598,2.232
2026-10-02 18:47:27.787,2.299
2026-10-02 18:47:28.903,2.444
2026-10-02 18:47:31.847,2.466
2026-10-02 18:47:32.963,2.470
2026-10-02 18:47:34.037,3.533
2026-10-02 18:47:35.164,3.660
2026-10-02 18:47:36.189,3.437
2026-10-02 18:47:37.482,6.372
2026-10-02 18:47:38.592,5.356
2026-10-02 18:47:39.820,7.009
2026-10-02 18:47:40.978,6.726
2026-10-02 18:47:42.123,6.029
2026-10-02 18:47:43.200,7.093
2026-10-02 18:47:44.332,6.739
2026-10-02 18:47:45.378,5.257
2026-10-02 18:47:46.496,6.063
2026-10-02 18:47:47.562,6.677
2026-10-02 18:47:48.657,7.256
2026-10-02 18:47:49.790,6.975
2026-10-02 18:47:50.857,6.224
2026-10-02 18:47:51.905,5.821
2026-10-02 18:47:52.996,6.208
2026-10-02 18:47:54.101,6.429
2026-10-02 18:47:55.191,6.268
2026-10-02 18:47:56.237,3.708
2026-10-02 18:47:57.794,2.269
2026-10-02 18:47:58.884,2.690
2026-10-02 18:47:59.960,2.242
2026-10-02 18:48:01.006,3.855
2026-10-02 18:48:02.094,3.881
2026-10-02 18:48:03.877,2.396
2026-10-02 18:48:04.979,2.488
2026-10-02 18:48:06.085,5.807
2026-10-02 18:48:07.111,4.391
2026-10-02 18:48:08.207,7.234
2026-10-02 18:48:09.280,7.082
2026-10-02 18:48:10.341,6.952
2026-10-02 18:48:11.411,7.310
2026-10-02 18:48:12.554,7.896
2026-10-02 18:48:13.679,6.093
2026-10-02 18:48:14.796,7.322
2026-10-02 18:48:15.866,7.789
2026-10-02 18:48:16.939,6.577
2026-10-02 18:48:18.037,6.941
2026-10-02 18:48:19.089,7.017
2026-10-02 18:48:20.317,7.774
2026-10-02 18:48:21.384,7.054
2026-10-02 18:48:22.467,6.445
2026-10-02 18:48:23.525,7.262
2026-10-02 18:48:24.591,7.194
2026-10-02 18:48:25.656,7.027
2026-10-02 18:48:26.783,7.011
2026-10-02 18:48:27.842,7.964
2026-10-02 18:48:28.896,8.035
2026-10-02 18:48:29.956,6.829
2026-10-02 18:48:31.045,7.784
2026-10-02 18:48:32.134,7.575
2026-10-02 18:48:33.172,7.478
2026-10-02 18:48:34.282,7.022
2026-10-02 18:48:35.393,7.252
2026-10-02 18:48:36.658,7.101
2026-10-02 18:48:37.767,7.907
2026-10-02 18:48:38.841,8.134
2026-10-02 18:48:39.939,7.842
2026-10-02 18:48:41.024,7.177
2026-10-02 18:48:42.105,7.206
2026-10-02 18:48:43.182,6.988
2026-10-02 18:48:44.288,7.818
2026-10-02 18:48:45.442,7.286
2026-10-02 18:48:46.589,6.120
2026-10-02 18:48:47.703,7.193
2026-10-02 18:48:48.905,6.491
2026-10-02 18:48:50.035,7.907
2026-10-02 18:48:51.073,2.512
2026-10-02 18:48:52.268,2.460
2026-10-02 18:48:53.347,3.879
2026-10-02 18:48:54.415,3.753
2026-10-02 18:48:55.498,4.044
2026-10-02 18:48:56.574,4.118
2026-10-02 18:48:57.662,6.812
2026-10-02 18:48:58.743,6.505
2026-10-02 18:48:59.818,5.106
2026-10-02 18:49:00.906,7.222
2026-10-02 18:49:02.019,5.590
2026-10-02 18:49:03.104,5.686
2026-10-02 18:49:04.158,5.897
2026-10-02 18:49:05.458,4.778
2026-10-02 18:49:06.564,6.475
2026-10-02 18:49:07.636,6.488
2026-10-02 18:49:08.732,7.204
2026-10-02 18:49:09.950,5.354
2026-10-02 18:49:11.100,7.203
2026-10-02 18:49:12.206,5.339
2026-10-02 18:49:13.308,6.341
2026-10-02 18:49:14.397,6.705
2026-10-02 18:49:15.506,5.803
2026-10-02 18:49:16.649,6.128
2026-10-02 18:49:17.782,7.491
2026-10-02 18:49:18.848,5.612
2026-10-02 18:49:19.929,5.934
2026-10-02 18:49:21.039,5.859
2026-10-02 18:49:22.213,5.237
2026-10-02 18:49:23.329,6.931
2026-10-02 18:49:24.439,6.258
2026-10-02 18:49:25.537,5.958
2026-10-02 18:49:26.626,5.760
2026-10-02 18:49:27.722,6.606
2026-10-02 18:49:28.812,7.062
2026-10-02 18:49:29.890,5.463
2026-10-02 18:49:30.997,6.592
2026-10-02 18:49:32.130,7.004
2026-10-02 18:49:33.210,5.765
2026-10-02 18:49:34.326,5.528
2026-10-02 18:49:35.418,6.020
2026-10-02 18:49:36.490,5.770
2026-10-02 18:49:37.608,5.670
2026-10-02 18:49:38.699,6.956
2026-10-02 18:49:39.888,6.711
2026-10-02 18:49:41.114,5.878
2026-10-02 18:49:42.179,7.649
2026-10-02 18:49:43.286,5.979
2026-10-02 18:49:44.358,6.400
2026-10-02 18:49:45.462,6.646
2026-10-02 18:49:46.569,6.710
2026-10-02 18:49:47.670,5.498
2026-10-02 18:49:48.773,6.238
2026-10-02 18:49:49.834,5.555
2026-10-02 18:49:50.926,6.530
2026-10-02 18:49:52.057,6.895
2026-10-02 18:49:53.163,5.280
2026-10-02 18:49:54.236,6.909
2026-10-02 18:49:55.338,5.877
2026-10-02 18:49:56.417,6.990
2026-10-02 18:49:57.516,6.165
2026-10-02 18:49:58.596,5.680
2026-10-02 18:49:59.711,6.653
2026-10-02 18:50:00.882,5.548
2026-10-02 18:50:01.970,6.079
2026-10-02 18:50:03.060,7.411
2026-10-02 18:50:04.148,6.667
2026-10-02 18:50:05.259,5.113
2026-10-02 18:50:06.337,7.101
2026-10-02 18:50:07.438,6.685
2026-10-02 18:50:08.529,4.855
2026-10-02 18:50:09.593,6.107
2026-10-02 18:50:10.713,6.595
2026-10-02 18:50:11.844,6.800
2026-10-02 18:50:13.090,5.659
2026-10-02 18:50:14.197,5.892
2026-10-02 18:50:15.260,6.860
2026-10-02 18:50:16.426,6.317
2026-10-02 18:50:17.548,5.364
2026-10-02 18:50:18.669,6.060
2026-10-02 18:50:19.785,6.480
2026-10-02 18:50:20.958,5.786
2026-10-02 18:50:22.123,6.676
2026-10-02 18:50:23.249,5.728
2026-10-02 18:50:24.326,6.119
2026-10-02 18:50:25.471,6.190
2026-10-02 18:50:26.563,5.699
2026-10-02 18:50:27.649,7.521
2026-10-02 18:50:28.763,7.029
2026-10-02 18:50:29.888,5.272
2026-10-02 18:50:30.991,5.664
2026-10-02 18:50:32.057,6.446
2026-10-02 18:50:33.145,5.026
2026-10-02 18:50:34.257,5.535
2026-10-02 18:50:35.392,6.381
2026-10-02 18:50:36.508,5.787
2026-10-02 18:50:37.585,5.374
2026-10-02 18:50:38.660,6.895
2026-10-02 18:50:39.732,6.432
2026-10-02 18:50:40.829,6.619
2026-10-02 18:50:41.981,6.344
2026-10-02 18:50:43.080,5.271
2026-10-02 18:50:44.181,6.041
2026-10-02 18:50:45.281,6.346
2026-10-02 18:50:46.363,6.140
2026-10-02 18:50:47.444,5.700
2026-10-02 18:50:48.617,5.389
2026-10-02 18:50:49.738,5.332
2026-10-02 18:50:50.863,5.875
2026-10-02 18:50:51.963,6.149
2026-10-02 18:50:53.064,6.191
2026-10-02 18:50:54.150,5.718
2026-10-02 18:50:55.270,5.219
2026-10-02 18:50:56.394,5.517
2026-10-02 18:50:57.592,6.617
2026-10-02 18:50:58.707,7.115
2026-10-02 18:50:59.830,5.229
2026-10-02 18:51:00.913,6.562
2026-10-02 18:51:02.005,5.679
2026-10-02 18:51:03.113,6.007
2026-10-02 18:51:04.193,7.049
2026-10-02 18:51:05.352,4.921
2026-10-02 18:51:06.413,5.834
2026-10-02 18:51:07.498,5.670
2026-10-02 18:51:08.584,5.912
2026-10-02 18:51:09.675,6.279
2026-10-02 18:51:10.762,5.179
2026-10-02 18:51:11.856,5.681
2026-10-02 18:51:12.967,5.753
2026-10-02 18:51:14.087,5.834
2026-10-02 18:51:15.189,6.269
2026-10-02 18:51:16.316,5.064
2026-10-02 18:51:17.396,6.451
2026-10-02 18:51:18.508,6.684
2026-10-02 18:51:19.583,5.438
2026-10-02 18:51:20.666,5.857
2026-10-02 18:51:21.765,5.740
2026-10-02 18:51:22.852,6.558
2026-10-02 18:51:23.969,5.976
2026-10-02 18:51:25.117,5.279
2026-10-02 18:51:26.203,6.474
2026-10-02 18:51:27.329,5.635
2026-10-02 18:51:28.438,5.860
2026-10-02 18:51:29.509,6.661
2026-10-02 18:51:30.623,5.853
2026-10-02 18:51:31.745,6.586
2026-10-02 18:51:32.838,6.589
2026-10-02 18:51:34.014,5.933
2026-10-02 18:51:35.093,5.229
2026-10-02 18:51:36.228,5.488
2026-10-02 18:51:37.290,6.194
2026-10-02 18:51:38.379,6.479
2026-10-02 18:51:39.473,5.560
2026-10-02 18:51:40.548,5.781
2026-10-02 18:51:41.653,7.298
2026-10-02 18:51:42.729,6.383
2026-10-02 18:51:43.854,5.205
2026-10-02 18:51:44.972,6.587
2026-10-02 18:51:46.068,5.579
2026-10-02 18:51:47.134,6.503
2026-10-02 18:51:48.313,5.424
2026-10-02 18:51:49.428,4.943
2026-10-02 18:51:50.568,5.754
2026-10-02 18:51:51.690,6.577
2026-10-02 18:51:52.792,5.296
2026-10-02 18:51:53.922,6.569
2026-10-02 18:51:55.065,6.217
2026-10-02 18:51:56.136,6.450
2026-10-02 18:51:57.246,5.575
2026-10-02 18:51:58.320,6.223
2026-10-02 18:51:59.405,5.637
2026-10-02 18:52:00.517,5.671
2026-10-02 18:52:01.616,6.671
2026-10-02 18:52:02.751,6.505
2026-10-02 18:52:03.825,6.340
2026-10-02 18:52:04.900,6.629
2026-10-02 18:52:05.972,7.122
2026-10-02 18:52:07.212,6.385
2026-10-02 18:52:08.273,5.400
2026-10-02 18:52:09.355,5.697
2026-10-02 18:52:10.499,6.456
2026-10-02 18:52:11.640,6.408
2026-10-02 18:52:12.808,5.755
2026-10-02 18:52:13.891,6.023
2026-10-02 18:52:14.986,5.794
2026-10-02 18:52:16.071,6.579
2026-10-02 18:52:17.145,5.798
2026-10-02 18:52:18.213,5.951
2026-10-02 18:52:19.318,5.930
2026-10-02 18:52:20.403,6.803
2026-10-02 18:52:21.471,6.232
2026-10-02 18:52:22.648,5.624
2026-10-02 18:52:23.834,5.853
2026-10-02 18:52:25.033,5.179
2026-10-02 18:52:26.163,5.872
2026-10-02 18:52:27.230,6.468
2026-10-02 18:52:28.317,5.930
2026-10-02 18:52:29.426,5.884
2026-10-02 18:52:30.513,6.411
2026-10-02 18:52:31.595,5.655
2026-10-02 18:52:32.667,6.942
2026-10-02 18:52:33.743,5.772
2026-10-02 18:52:34.851,6.262
2026-10-02 18:52:35.930,7.126
2026-10-02 18:52:37.031,5.963
2026-10-02 18:52:38.105,6.982
2026-10-02 18:52:39.152,5.909
2026-10-02 18:52:40.247,5.990
2026-10-02 18:52:41.382,6.075
2026-10-02 18:52:42.452,6.587
2026-10-02 18:52:43.547,5.681
2026-10-02 18:52:44.617,5.899
2026-10-02 18:52:45.706,6.198
2026-10-02 18:52:46.821,6.804
2026-10-02 18:52:47.998,7.060
2026-10-02 18:52:49.122,5.765
2026-10-02 18:52:50.319,6.686
2026-10-02 18:52:51.415,6.420
2026-10-02 18:52:52.500,6.876
2026-10-02 18:52:53.596,6.009
2026-10-02 18:52:54.665,7.134
2026-10-02 18:52:55.736,6.750
2026-10-02 18:52:56.837,5.739
2026-10-02 18:52:57.939,6.734
2026-10-02 18:52:59.023,7.157
2026-10-02 18:53:00.114,5.256
2026-10-02 18:53:01.214,6.306
2026-10-02 18:53:02.304,6.409
2026-10-02 18:53:03.383,6.804
2026-10-02 18:53:04.495,5.833
2026-10-02 18:53:05.576,5.105
2026-10-02 18:53:06.645,5.502
2026-10-02 18:53:07.719,5.959
2026-10-02 18:53:08.843,5.938
2026-10-02 18:53:09.897,6.930
2026-10-02 18:53:10.972,6.413
2026-10-02 18:53:12.087,5.879
2026-10-02 18:53:13.182,5.855
2026-10-02 18:53:14.257,6.352
2026-10-02 18:53:15.354,6.262
2026-10-02 18:53:16.433,6.374
2026-10-02 18:53:17.502,6.153
2026-10-02 18:53:18.589,5.548
2026-10-02 18:53:19.680,7.118
2026-10-02 18:53:20.771,6.406
2026-10-02 18:53:21.892,5.866
2026-10-02 18:53:23.042,5.158
2026-10-02 18:53:24.159,5.847
2026-10-02 18:53:25.278,6.387
2026-10-02 18:53:26.427,5.637
2026-10-02 18:53:27.508,5.938
2026-10-02 18:53:28.642,6.203
2026-10-02 18:53:29.744,5.850
2026-10-02 18:53:30.853,5.219
2026-10-02 18:53:31.929,6.156
2026-10-02 18:53:33.025,5.938
2026-10-02 18:53:34.155,6.964
2026-10-02 18:53:35.277,6.776
2026-10-02 18:53:36.428,6.730
2026-10-02 18:53:37.508,5.212
2026-10-02 18:53:38.581,6.427
2026-10-02 18:53:39.648,6.369
2026-10-02 18:53:40.746,6.884
2026-10-02 18:53:41.810,5.907
2026-10-02 18:53:42.927,6.613
2026-10-02 18:53:44.120,5.970
2026-10-02 18:53:45.209,5.925
2026-10-02 18:53:46.304,5.823
2026-10-02 18:53:47.440,6.882
2026-10-02 18:53:48.543,6.422
2026-10-02 18:53:49.607,6.425
2026-10-02 18:53:50.706,6.281
2026-10-02 18:53:51.811,6.150
2026-10-02 18:53:52.879,6.868
2026-10-02 18:53:53.979,6.680
2026-10-02 18:53:55.077,6.534
2026-10-02 18:53:56.216,5.975
2026-10-02 18:53:57.286,5.902
2026-10-02 18:53:58.444,6.553
2026-10-02 18:53:59.534,6.884
2026-10-02 18:54:00.678,4.935
2026-10-02 18:54:01.820,7.033
2026-10-02 18:54:02.971,5.854
2026-10-02 18:54:04.147,6.618
2026-10-02 18:54:05.295,6.594
2026-10-02 18:54:06.497,5.209
2026-10-02 18:54:07.618,5.894
2026-10-02 18:54:08.730,5.944
2026-10-02 18:54:09.804,6.144
2026-10-02 18:54:10.866,5.248
2026-10-02 18:54:11.999,6.231
2026-10-02 18:54:13.080,5.491
2026-10-02 18:54:14.176,5.163
2026-10-02 18:54:15.248,6.126
2026-10-02 18:54:16.369,5.958
2026-10-02 18:54:17.497,5.844
2026-10-02 18:54:18.599,6.395
2026-10-02 18:54:19.729,6.798
2026-10-02 18:54:20.800,6.533
2026-10-02 18:54:21.924,7.035
2026-10-02 18:54:23.024,6.819
2026-10-02 18:54:24.173,5.391
2026-10-02 18:54:25.248,6.493
2026-10-02 18:54:26.342,6.224
2026-10-02 18:54:27.424,6.288
2026-10-02 18:54:28.527,6.959
2026-10-02 18:54:29.605,5.821
2026-10-02 18:54:30.702,6.894
2026-10-02 18:54:31.829,6.357
2026-10-02 18:54:33.051,5.561
2026-10-02 18:54:34.195,6.638
2026-10-02 18:54:35.324,4.919
2026-10-02 18:54:36.463,8.583
2026-10-02 18:54:37.575,7.217
2026-10-02 18:54:38.753,6.013
2026-10-02 18:54:39.894,6.494
2026-10-02 18:54:41.036,5.241
2026-10-02 18:54:42.096,5.232
2026-10-02 18:54:43.197,5.106
2026-10-02 18:54:44.274,7.117
2026-10-02 18:54:45.384,6.259
2026-10-02 18:54:46.538,5.085
2026-10-02 18:54:47.676,5.405
2026-10-02 18:54:48.751,5.676
2026-10-02 18:54:49.828,6.870
2026-10-02 18:54:50.938,5.716
2026-10-02 18:54:52.055,5.502
2026-10-02 18:54:53.149,5.404
2026-10-02 18:54:54.321,6.346
2026-10-02 18:54:55.468,6.275
2026-10-02 18:54:56.596,6.220
2026-10-02 18:54:57.678,5.532
2026-10-02 18:54:58.813,6.587
2026-10-02 18:54:59.932,6.667
2026-10-02 18:55:01.038,5.706
2026-10-02 18:55:02.102,6.067
2026-10-02 18:55:03.189,6.650
2026-10-02 18:55:04.278,7.307
2026-10-02 18:55:05.387,6.424
2026-10-02 18:55:06.538,6.474
2026-10-02 18:55:07.659,5.844
2026-10-02 18:55:08.778,5.552
2026-10-02 18:55:09.857,6.917
2026-10-02 18:55:10.928,5.885
2026-10-02 18:55:11.993,5.768
2026-10-02 18:55:13.089,6.536
2026-10-02 18:55:14.261,6.931
2026-10-02 18:55:15.441,5.325
2026-10-02 18:55:16.521,6.910
2026-10-02 18:55:17.619,6.133
2026-10-02 18:55:18.744,6.472
2026-10-02 18:55:19.818,5.898
2026-10-02 18:55:21.002,6.377
2026-10-02 18:55:22.086,6.653
2026-10-02 18:55:23.189,6.569
2026-10-02 18:55:24.352,5.985
2026-10-02 18:55:25.448,5.942
2026-10-02 18:55:26.524,6.500
2026-10-02 18:55:27.603,5.664
2026-10-02 18:55:28.715,5.626
2026-10-02 18:55:29.834,5.698
2026-10-02 18:55:30.958,5.039
2026-10-02 18:55:32.100,6.824
2026-10-02 18:55:33.173,5.861
2026-10-02 18:55:34.258,5.956
2026-10-02 18:55:35.387,5.314
2026-10-02 18:55:36.475,6.507
2026-10-02 18:55:37.571,5.245
2026-10-02 18:55:38.703,6.666
2026-10-02 18:55:39.885,6.335
2026-10-02 18:55:41.031,5.417
2026-10-02 18:55:42.268,6.011
2026-10-02 18:55:43.329,6.662
2026-10-02 18:55:44.423,5.379
2026-10-02 18:55:45.488,6.372
2026-10-02 18:55:46.563,6.624
2026-10-02 18:55:47.702,5.875
2026-10-02 18:55:48.785,6.381
2026-10-02 18:55:49.930,5.937
2026-10-02 18:55:51.060,6.395
2026-10-02 18:55:52.198,5.610
2026-10-02 18:55:53.312,6.606
2026-10-02 18:55:54.416,5.419
2026-10-02 18:55:55.537,5.634
2026-10-02 18:55:56.649,7.049
2026-10-02 18:55:57.738,6.761
2026-10-02 18:55:58.828,5.850
2026-10-02 18:55:59.895,6.736
2026-10-02 18:56:00.983,5.390
2026-10-02 18:56:02.072,6.703
2026-10-02 18:56:03.199,5.176
2026-10-02 18:56:04.296,6.511
2026-10-02 18:56:05.429,6.861
2026-10-02 18:56:06.507,6.518
2026-10-02 18:56:07.643,5.687
2026-10-02 18:56:08.722,5.942
2026-10-02 18:56:09.820,6.409
2026-10-02 18:56:10.997,5.014
2026-10-02 18:56:12.135,5.762
2026-10-02 18:56:13.260,6.228
2026-10-02 18:56:14.401,6.931
2026-10-02 18:56:15.490,5.688
2026-10-02 18:56:16.652,5.428
2026-10-02 18:56:17.731,6.326
2026-10-02 18:56:18.852,6.207
2026-10-02 18:56:19.950,6.017
2026-10-02 18:56:21.034,5.389
2026-10-02 18:56:22.138,6.438
2026-10-02 18:56:23.306,5.127
2026-10-02 18:56:24.484,6.658
2026-10-02 18:56:25.569,6.709
2026-10-02 18:56:26.660,5.029
2026-10-02 18:56:27.745,7.120
2026-10-02 18:56:28.852,6.309
2026-10-02 18:56:29.943,5.565
2026-10-02 18:56:31.064,7.131
2026-10-02 18:56:32.224,5.911
2026-10-02 18:56:33.416,6.229
2026-10-02 18:56:34.525,5.722
2026-10-02 18:56:35.608,6.486
2026-10-02 18:56:36.723,6.164
2026-10-02 18:56:37.824,6.618
2026-10-02 18:56:38.907,5.189
2026-10-02 18:56:40.017,7.302
2026-10-02 18:56:41.103,6.510
2026-10-02 18:56:42.171,5.247
2026-10-02 18:56:43.255,6.123
2026-10-02 18:56:44.316,6.823
2026-10-02 18:56:45.470,6.824
2026-10-02 18:56:46.578,5.684
2026-10-02 18:56:47.681,6.505
2026-10-02 18:56:48.780,5.339
2026-10-02 18:56:49.868,5.188
2026-10-02 18:56:51.014,6.258
2026-10-02 18:56:52.090,6.141
2026-10-02 18:56:53.158,6.699
2026-10-02 18:56:54.234,5.687
2026-10-02 18:56:55.336,5.582
2026-10-02 18:56:56.571,5.900
2026-10-02 18:56:57.686,6.184
2026-10-02 18:56:58.809,6.640
2026-10-02 18:56:59.879,5.967
2026-10-02 18:57:00.973,5.640
2026-10-02 18:57:02.047,6.373
2026-10-02 18:57:03.148,6.905
2026-10-02 18:57:04.219,5.923
2026-10-02 18:57:05.330,6.869
2026-10-02 18:57:06.411,4.915
2026-10-02 18:57:07.520,5.770
2026-10-02 18:57:08.613,6.227
2026-10-02 18:57:09.702,6.486
2026-10-02 18:57:10.868,6.697
2026-10-02 18:57:11.987,5.224
2026-10-02 18:57:13.054,6.590
2026-10-02 18:57:14.180,7.020
2026-10-02 18:57:15.236,6.551
2026-10-02 18:57:16.323,5.908
2026-10-02 18:57:17.410,5.860
2026-10-02 18:57:18.499,6.899
2026-10-02 18:57:19.623,5.203
2026-10-02 18:57:20.705,5.767
2026-10-02 18:57:21.955,5.653
2026-10-02 18:57:23.047,5.942
2026-10-02 18:57:24.119,6.899
2026-10-02 18:57:25.237,6.452
2026-10-02 18:57:26.351,6.061
2026-10-02 18:57:27.488,5.889
2026-10-02 18:57:28.578,6.107
2026-10-02 18:57:29.660,4.919
2026-10-02 18:57:30.796,6.295
2026-10-02 18:57:31.876,6.272
2026-10-02 18:57:33.003,5.272
2026-10-02 18:57:34.155,6.849
2026-10-02 18:57:35.244,5.727
2026-10-02 18:57:36.338,6.706
2026-10-02 18:57:37.430,6.590
2026-10-02 18:57:38.504,6.241
2026-10-02 18:57:39.632,5.471
2026-10-02 18:57:40.746,6.050
2026-10-02 18:57:42.127,5.231
2026-10-02 18:57:43.301,6.881
2026-10-02 18:57:44.393,5.946
2026-10-02 18:57:45.520,6.284
2026-10-02 18:57:46.629,6.379
2026-10-02 18:57:47.717,5.968
2026-10-02 18:57:48.848,7.304
2026-10-02 18:57:49.961,6.913
2026-10-02 18:57:51.052,6.364
2026-10-02 18:57:52.150,5.228
2026-10-02 18:57:53.228,5.749
2026-10-02 18:57:54.346,6.877
2026-10-02 18:57:55.462,7.267
2026-10-02 18:57:56.579,6.090
2026-10-02 18:57:57.661,5.884
2026-10-02 18:57:58.772,6.523
2026-10-02 18:57:59.889,6.392
2026-10-02 18:58:00.980,5.933
2026-10-02 18:58:02.169,5.694
2026-10-02 18:58:03.255,5.690
2026-10-02 18:58:04.387,5.766
2026-10-02 18:58:05.487,5.918
2026-10-02 18:58:06.557,6.661
2026-10-02 18:58:07.625,6.095
2026-10-02 18:58:08.701,5.741
2026-10-02 18:58:09.815,6.499
2026-10-02 18:58:10.969,6.599
2026-10-02 18:58:12.094,5.769
2026-10-02 18:58:13.212,4.984
2026-10-02 18:58:14.284,6.269
2026-10-02 18:58:15.360,5.272
2026-10-02 18:58:16.420,7.283
2026-10-02 18:58:17.552,5.888
2026-10-02 18:58:18.661,6.108
2026-10-02 18:58:19.778,5.206
2026-10-02 18:58:21.009,7.198
2026-10-02 18:58:22.134,6.355
2026-10-02 18:58:23.259,5.177
2026-10-02 18:58:24.327,6.196
2026-10-02 18:58:25.431,4.964
2026-10-02 18:58:26.561,6.320
2026-10-02 18:58:27.689,6.651
2026-10-02 18:58:28.782,6.727
2026-10-02 18:58:29.876,5.914
2026-10-02 18:58:30.970,5.727
2026-10-02 18:58:32.079,5.965
2026-10-02 18:58:33.157,7.075
2026-10-02 18:58:34.239,6.326
2026-10-02 18:58:35.306,6.318
2026-10-02 18:58:36.415,5.682
2026-10-02 18:58:37.530,6.283
2026-10-02 18:58:38.645,6.496
2026-10-02 18:58:39.774,5.669
2026-10-02 18:58:40.881,6.653
2026-10-02 18:58:41.946,5.498
2026-10-02 18:58:43.023,5.696
2026-10-02 18:58:44.117,6.774
2026-10-02 18:58:45.208,5.615
2026-10-02 18:58:46.292,5.420
2026-10-02 18:58:47.350,6.395
2026-10-02 18:58:48.464,5.801
2026-10-02 18:58:49.580,7.259
2026-10-02 18:58:50.721,5.751
2026-10-02 18:58:51.826,5.910
2026-10-02 18:58:52.932,6.690
2026-10-02 18:58:54.070,7.190
2026-10-02 18:58:55.175,5.768
2026-10-02 18:58:56.313,5.193
2026-10-02 18:58:57.457,6.439
2026-10-02 18:58:58.531,5.905
2026-10-02 18:58:59.631,6.181
2026-10-02 18:59:00.863,7.162
2026-10-02 18:59:01.958,5.487
2026-10-02 18:59:03.072,6.101
2026-10-02 18:59:04.182,6.945
2026-10-02 18:59:05.274,6.393
2026-10-02 18:59:06.408,5.494
2026-10-02 18:59:07.505,5.802
2026-10-02 18:59:08.611,6.528
2026-10-02 18:59:09.690,5.713
2026-10-02 18:59:10.848,6.749
2026-10-02 18:59:11.992,5.898
2026-10-02 18:59:13.143,6.387
2026-10-02 18:59:14.227,5.932
2026-10-02 18:59:15.300,5.090
2026-10-02 18:59:16.372,6.709
2026-10-02 18:59:17.510,6.795
2026-10-02 18:59:18.576,6.175
2026-10-02 18:59:19.668,6.537
2026-10-02 18:59:20.841,5.651
2026-10-02 18:59:21.974,7.090
2026-10-02 18:59:23.090,5.782
2026-10-02 18:59:24.174,5.717
2026-10-02 18:59:25.265,5.674
2026-10-02 18:59:26.357,6.188
2026-10-02 18:59:27.468,6.729
2026-10-02 18:59:28.585,6.474
2026-10-02 18:59:29.736,5.650
2026-10-02 18:59:30.836,6.500
2026-10-02 18:59:32.003,5.397
2026-10-02 18:59:33.130,6.627
2026-10-02 18:59:34.272,6.552
2026-10-02 18:59:35.393,6.381
2026-10-02 18:59:36.553,5.660
2026-10-02 18:59:37.717,7.013
2026-10-02 18:59:38.881,5.918
2026-10-02 18:59:40.045,6.194
2026-10-02 18:59:41.183,6.140
2026-10-02 18:59:42.338,5.687
2026-10-02 18:59:43.499,6.813
2026-10-02 18:59:44.944,6.367
2026-10-02 18:59:46.049,5.204
2026-10-02 18:59:47.178,5.518
2026-10-02 18:59:48.252,6.374
2026-10-02 18:59:49.315,6.982
2026-10-02 18:59:50.398,5.880
2026-10-02 18:59:51.495,4.975
2026-10-02 18:59:52.610,5.130
2026-10-02 18:59:53.711,5.319
2026-10-02 18:59:54.806,5.850
2026-10-02 18:59:55.885,7.015
2026-10-02 18:59:56.989,6.321
2026-10-02 18:59:58.068,5.378
2026-10-02 18:59:59.177,5.970
2026-10-02 19:00:00.248,5.677
2026-10-02 19:00:01.354,5.874
2026-10-02 19:00:02.443,5.918
2026-10-02 19:00:03.510,6.219
2026-10-02 19:00:04.585,5.892
2026-10-02 19:00:05.668,5.928
2026-10-02 19:00:06.740,5.700
2026-10-02 19:00:07.829,6.219
2026-10-02 19:00:08.924,6.235
2026-10-02 19:00:10.020,6.572
2026-10-02 19:00:11.169,5.935
2026-10-02 19:00:12.257,6.180
2026-10-02 19:00:13.438,5.778
2026-10-02 19:00:14.784,6.690
2026-10-02 19:00:15.969,5.155
2026-10-02 19:00:17.123,5.344
2026-10-02 19:00:18.216,5.906
2026-10-02 19:00:19.268,6.919
2026-10-02 19:00:20.379,6.737
2026-10-02 19:00:21.517,5.793
2026-10-02 19:00:22.669,6.408
2026-10-02 19:00:23.783,5.072
2026-10-02 19:00:24.875,6.246
2026-10-02 19:00:25.997,6.363
2026-10-02 19:00:27.071,5.618
2026-10-02 19:00:28.191,7.082
2026-10-02 19:00:29.319,6.639
2026-10-02 19:00:30.476,6.600
2026-10-02 19:00:31.586,6.610
2026-10-02 19:00:32.661,6.617
2026-10-02 19:00:33.779,7.231
2026-10-02 19:00:34.834,5.911
2026-10-02 19:00:35.969,6.061
2026-10-02 19:00:37.095,5.733
2026-10-02 19:00:38.252,6.838
2026-10-02 19:00:39.358,6.309
2026-10-02 19:00:40.416,5.507
2026-10-02 19:00:41.492,6.188
2026-10-02 19:00:42.582,5.944
2026-10-02 19:00:43.650,6.528
2026-10-02 19:00:44.733,5.157
2026-10-02 19:00:45.819,5.793
2026-10-02 19:00:47.010,6.589
2026-10-02 19:00:48.152,5.696
2026-10-02 19:00:49.261,5.231
2026-10-02 19:00:50.356,6.596
2026-10-02 19:00:51.535,6.706
2026-10-02 19:00:52.692,5.847
2026-10-02 19:00:53.779,5.327
2026-10-02 19:00:54.929,5.811
2026-10-02 19:00:56.040,6.013
2026-10-02 19:00:57.135,6.122
2026-10-02 19:00:58.222,6.412
2026-10-02 19:00:59.302,5.700
2026-10-02 19:01:00.393,6.134
2026-10-02 19:01:01.480,7.328
2026-10-02 19:01:02.580,4.832
2026-10-02 19:01:03.659,7.014
2026-10-02 19:01:04.772,5.504
2026-10-02 19:01:05.907,7.530
2026-10-02 19:01:06.998,5.292
2026-10-02 19:01:08.128,6.643
2026-10-02 19:01:09.260,5.491
2026-10-02 19:01:10.375,5.885
2026-10-02 19:01:11.478,5.134
2026-10-02 19:01:12.582,6.544
2026-10-02 19:01:13.658,5.993
2026-10-02 19:01:14.753,6.188
2026-10-02 19:01:15.876,6.458
2026-10-02 19:01:16.996,5.893
2026-10-02 19:01:18.108,7.032
2026-10-02 19:01:19.201,5.236
2026-10-02 19:01:20.337,6.589
2026-10-02 19:01:21.498,5.814
2026-10-02 19:01:22.593,6.858
2026-10-02 19:01:23.717,5.293
2026-10-02 19:01:24.905,7.022
2026-10-02 19:01:26.107,6.223
2026-10-02 19:01:27.242,5.745
2026-10-02 19:01:28.334,7.070
2026-10-02 19:01:29.426,6.195
2026-10-02 19:01:30.506,5.141
2026-10-02 19:01:31.566,6.757
2026-10-02 19:01:32.657,5.988
2026-10-02 19:01:33.804,7.366
2026-10-02 19:01:34.902,5.410
2026-10-02 19:01:35.991,6.261
2026-10-02 19:01:37.101,7.297
2026-10-02 19:01:38.193,6.863
2026-10-02 19:01:39.283,6.797
2026-10-02 19:01:40.393,5.005
2026-10-02 19:01:41.489,5.575
2026-10-02 19:01:42.637,6.659
2026-10-02 19:01:43.712,5.088
2026-10-02 19:01:44.793,6.358
2026-10-02 19:01:45.891,6.608
2026-10-02 19:01:47.007,6.010
2026-10-02 19:01:48.103,5.914
2026-10-02 19:01:49.188,6.964
2026-10-02 19:01:50.281,5.961
2026-10-02 19:01:51.336,6.168
2026-10-02 19:01:52.430,5.803
2026-10-02 19:01:53.533,6.948
2026-10-02 19:01:54.656,6.150
2026-10-02 19:01:55.731,6.483
2026-10-02 19:01:56.836,5.275
2026-10-02 19:01:57.952,7.072
2026-10-02 19:01:59.046,6.417
2026-10-02 19:02:00.150,6.402
2026-10-02 19:02:01.232,5.277
2026-10-02 19:02:02.458,5.271
2026-10-02 19:02:03.543,6.734
2026-10-02 19:02:04.643,5.507
2026-10-02 19:02:05.751,5.752
2026-10-02 19:02:06.985,5.899
2026-10-02 19:02:08.067,5.761
2026-10-02 19:02:09.186,6.944
2026-10-02 19:02:10.255,6.513
2026-10-02 19:02:11.324,6.019
2026-10-02 19:02:12.442,5.756
2026-10-02 19:02:13.590,5.723
2026-10-02 19:02:14.797,5.729
2026-10-02 19:02:15.897,5.214
2026-10-02 19:02:16.986,5.665
2026-10-02 19:02:18.114,5.775
2026-10-02 19:02:19.208,6.662
2026-10-02 19:02:20.311,6.046
2026-10-02 19:02:21.402,7.046
2026-10-02 19:02:22.455,6.622
2026-10-02 19:02:23.553,6.780
2026-10-02 19:02:24.650,5.714
2026-10-02 19:02:25.732,5.598
2026-10-02 19:02:26.820,6.238
2026-10-02 19:02:27.897,6.276
2026-10-02 19:02:28.982,6.189
2026-10-02 19:02:30.083,5.835
2026-10-02 19:02:31.184,6.237
2026-10-02 19:02:32.262,5.924
2026-10-02 19:02:33.352,5.986
2026-10-02 19:02:34.567,6.007
2026-10-02 19:02:35.716,5.786
2026-10-02 19:02:36.814,6.200
2026-10-02 19:02:37.924,6.984
2026-10-02 19:02:39.016,7.134
2026-10-02 19:02:40.114,5.829
2026-10-02 19:02:41.233,5.191
2026-10-02 19:02:42.380,6.586
2026-10-02 19:02:43.525,7.232
2026-10-02 19:02:44.600,5.847
2026-10-02 19:02:45.684,5.797
2026-10-02 19:02:46.764,5.490
2026-10-02 19:02:47.831,6.356
2026-10-02 19:02:48.931,7.179
2026-10-02 19:02:50.055,5.137
2026-10-02 19:02:51.125,6.468
2026-10-02 19:02:52.199,6.100
2026-10-02 19:02:53.269,5.260
2026-10-02 19:02:54.350,5.383
2026-10-02 19:02:55.479,6.269
2026-10-02 19:02:56.591,5.645
2026-10-02 19:02:57.692,5.618
2026-10-02 19:02:58.813,5.687
2026-10-02 19:02:59.884,6.674
2026-10-02 19:03:00.970,5.099
2026-10-02 19:03:02.075,6.456
2026-10-02 19:03:03.160,6.366
2026-10-02 19:03:04.270,6.134
2026-10-02 19:03:05.344,5.893
2026-10-02 19:03:06.416,5.799
2026-10-02 19:03:07.586,6.135
2026-10-02 19:03:08.702,6.693
2026-10-02 19:03:09.784,6.284
2026-10-02 19:03:10.860,6.483
2026-10-02 19:03:12.029,5.014
2026-10-02 19:03:13.134,7.099
2026-10-02 19:03:14.272,6.786
2026-10-02 19:03:15.409,6.852
2026-10-02 19:03:16.561,5.432
2026-10-02 19:03:17.694,6.432
2026-10-02 19:03:18.809,5.942
2026-10-02 19:03:19.926,5.613
2026-10-02 19:03:21.007,5.725
2026-10-02 19:03:22.095,6.219
2026-10-02 19:03:23.205,4.996
2026-10-02 19:03:24.263,7.104
2026-10-02 19:03:25.395,5.805
2026-10-02 19:03:26.515,6.283
2026-10-02 19:03:27.608,6.361
2026-10-02 19:03:28.752,5.521
2026-10-02 19:03:29.847,6.041
2026-10-02 19:03:30.942,5.501
2026-10-02 19:03:32.044,6.751
2026-10-02 19:03:33.154,6.415
2026-10-02 19:03:34.239,5.623
2026-10-02 19:03:35.331,5.324
2026-10-02 19:03:36.407,5.599
2026-10-02 19:03:37.514,6.803
2026-10-02 19:03:38.588,5.812
2026-10-02 19:03:39.713,5.480
2026-10-02 19:03:40.851,5.469
2026-10-02 19:03:41.923,5.678
2026-10-02 19:03:43.016,6.828
2026-10-02 19:03:44.105,6.436
2026-10-02 19:03:45.209,5.320
2026-10-02 19:03:46.284,6.522
2026-10-02 19:03:47.389,6.483
2026-10-02 19:03:48.553,5.149
2026-10-02 19:03:49.682,6.613
2026-10-02 19:03:50.772,6.416
2026-10-02 19:03:51.882,6.632
2026-10-02 19:03:53.048,5.728
2026-10-02 19:03:54.137,5.722
2026-10-02 19:03:55.233,6.752
2026-10-02 19:03:56.306,6.273
2026-10-02 19:03:57.406,5.969
2026-10-02 19:03:58.520,6.379
2026-10-02 19:03:59.604,6.993
2026-10-02 19:04:00.745,5.279
2026-10-02 19:04:01.861,6.454
2026-10-02 19:04:02.939,6.376
2026-10-02 19:04:04.040,4.906
2026-10-02 19:04:05.116,5.746
2026-10-02 19:04:06.221,5.161
2026-10-02 19:04:07.374,6.255
2026-10-02 19:04:08.495,5.973
2026-10-02 19:04:09.623,5.118
2026-10-02 19:04:10.714,6.337
2026-10-02 19:04:11.779,6.629
2026-10-02 19:04:12.927,6.355
2026-10-02 19:04:13.998,6.373
2026-10-02 19:04:15.152,5.550
2026-10-02 19:04:16.250,6.140
2026-10-02 19:04:17.328,5.254
2026-10-02 19:04:18.399,6.172
2026-10-02 19:04:19.527,5.706
2026-10-02 19:04:20.625,5.933
2026-10-02 19:04:21.755,6.463
2026-10-02 19:04:22.904,5.658
2026-10-02 19:04:24.140,5.898
2026-10-02 19:04:25.193,6.264
2026-10-02 19:04:26.335,5.373
2026-10-02 19:04:27.456,6.750
2026-10-02 19:04:28.565,6.874
2026-10-02 19:04:29.671,6.267
2026-10-02 19:04:30.785,5.889
2026-10-02 19:04:31.915,5.479
2026-10-02 19:04:33.030,5.638
2026-10-02 19:04:34.100,6.224
2026-10-02 19:04:35.200,5.792
2026-10-02 19:04:36.291,6.664
2026-10-02 19:04:37.424,6.640
2026-10-02 19:04:38.554,6.149
2026-10-02 19:04:39.668,6.990
2026-10-02 19:04:40.822,5.579
2026-10-02 19:04:41.899,5.256
2026-10-02 19:04:42.988,6.956
2026-10-02 19:04:44.080,5.786
2026-10-02 19:04:45.158,5.988
2026-10-02 19:04:46.278,5.271
2026-10-02 19:04:47.343,6.749
2026-10-02 19:04:48.415,6.545
2026-10-02 19:04:49.648,6.617
2026-10-02 19:04:50.797,5.822
2026-10-02 19:04:51.923,5.871
2026-10-02 19:04:52.998,5.886
2026-10-02 19:04:54.178,6.482
2026-10-02 19:04:55.288,5.511
2026-10-02 19:04:56.335,7.076
2026-10-02 19:04:57.436,5.872
2026-10-02 19:04:58.534,5.423
2026-10-02 19:04:59.678,5.769
2026-10-02 19:05:00.798,6.385
2026-10-02 19:05:01.939,6.080
2026-10-02 19:05:03.066,6.687
2026-10-02 19:05:04.209,5.690
2026-10-02 19:05:05.353,5.933
2026-10-02 19:05:06.439,6.470
2026-10-02 19:05:07.541,6.456
2026-10-02 19:05:08.664,5.944
2026-10-02 19:05:09.743,5.589
2026-10-02 19:05:10.861,6.282
2026-10-02 19:05:11.962,5.719
2026-10-02 19:05:13.032,6.337
2026-10-02 19:05:14.141,5.225
2026-10-02 19:05:15.255,5.955
2026-10-02 19:05:16.338,5.923
2026-10-02 19:05:17.421,5.171
2026-10-02 19:05:18.519,6.586
2026-10-02 19:05:19.608,6.350
2026-10-02 19:05:20.679,6.262
2026-10-02 19:05:21.814,5.752
2026-10-02 19:05:22.946,5.389
2026-10-02 19:05:24.064,6.462
2026-10-02 19:05:25.170,7.136
2026-10-02 19:05:26.260,6.394
2026-10-02 19:05:27.375,6.645
2026-10-02 19:05:28.491,5.649
2026-10-02 19:05:29.585,7.146
2026-10-02 19:05:30.673,7.040
2026-10-02 19:05:31.778,4.962
2026-10-02 19:05:32.905,5.991
2026-10-02 19:05:33.990,6.320
2026-10-02 19:05:35.122,6.108
2026-10-02 19:05:36.194,6.694
2026-10-02 19:05:37.285,5.183
2026-10-02 19:05:38.411,6.089
2026-10-02 19:05:39.528,7.102
2026-10-02 19:05:40.669,6.456
2026-10-02 19:05:41.808,6.731
2026-10-02 19:05:42.899,6.744
2026-10-02 19:05:44.084,5.253
2026-10-02 19:05:45.280,5.706
2026-10-02 19:05:46.453,6.376
2026-10-02 19:05:47.579,6.969
2026-10-02 19:05:48.713,5.959
2026-10-02 19:05:49.857,6.161
2026-10-02 19:05:51.005,5.411
2026-10-02 19:05:52.063,7.101
2026-10-02 19:05:53.222,6.633
2026-10-02 19:05:54.388,5.563
2026-10-02 19:05:55.519,5.701
2026-10-02 19:05:56.628,5.328
2026-10-02 19:05:57.828,7.595
2026-10-02 19:05:58.891,7.208
2026-10-02 19:05:59.973,5.887
2026-10-02 19:06:01.067,6.752
2026-10-02 19:06:02.219,5.741
2026-10-02 19:06:03.361,6.903
2026-10-02 19:06:04.457,6.212
2026-10-02 19:06:05.579,5.512
2026-10-02 19:06:06.654,5.785
2026-10-02 19:06:07.724,6.316
2026-10-02 19:06:08.830,6.638
2026-10-02 19:06:09.916,5.992
2026-10-02 19:06:11.022,5.303
2026-10-02 19:06:12.131,5.327
2026-10-02 19:06:13.245,6.737
2026-10-02 19:06:14.345,5.806
2026-10-02 19:06:15.474,6.159
2026-10-02 19:06:16.539,5.709
2026-10-02 19:06:17.659,5.606
2026-10-02 19:06:18.731,6.484
2026-10-02 19:06:19.873,5.512
2026-10-02 19:06:21.001,5.311
2026-10-02 19:06:22.127,5.813
2026-10-02 19:06:23.184,5.908
2026-10-02 19:06:24.290,6.344
2026-10-02 19:06:25.389,6.295
2026-10-02 19:06:26.474,6.182
2026-10-02 19:06:27.579,5.963
2026-10-02 19:06:28.689,5.250
2026-10-02 19:06:29.784,6.224
2026-10-02 19:06:30.875,6.640
2026-10-02 19:06:31.950,6.373
2026-10-02 19:06:33.059,5.320
2026-10-02 19:06:34.171,5.951
2026-10-02 19:06:35.318,5.837
2026-10-02 19:06:36.429,6.362
2026-10-02 19:06:37.543,5.724
2026-10-02 19:06:38.621,5.068
2026-10-02 19:06:39.715,5.775
2026-10-02 19:06:40.871,6.562
2026-10-02 19:06:42.032,5.865
2026-10-02 19:06:43.131,5.964
2026-10-02 19:06:44.243,5.867
2026-10-02 19:06:45.380,6.417
2026-10-02 19:06:46.496,5.473
2026-10-02 19:06:47.569,6.904
2026-10-02 19:06:48.720,6.538
2026-10-02 19:06:49.817,6.152
2026-10-02 19:06:50.935,6.228
2026-10-02 19:06:52.034,5.281
2026-10-02 19:06:53.128,5.705
2026-10-02 19:06:54.181,6.918
2026-10-02 19:06:55.366,6.171
2026-10-02 19:06:56.539,6.889
2026-10-02 19:06:57.659,5.426
2026-10-02 19:06:58.758,6.368
2026-10-02 19:06:59.874,5.233
2026-10-02 19:07:00.938,5.913
2026-10-02 19:07:02.012,6.705
2026-10-02 19:07:03.125,5.683
2026-10-02 19:07:04.214,6.509
2026-10-02 19:07:05.356,6.499
2026-10-02 19:07:06.507,5.874
2026-10-02 19:07:07.568,5.954
2026-10-02 19:07:08.653,5.248
2026-10-02 19:07:09.745,7.512
2026-10-02 19:07:10.818,5.759
2026-10-02 19:07:11.933,6.318
2026-10-02 19:07:13.024,5.621
2026-10-02 19:07:14.131,6.194
2026-10-02 19:07:15.214,6.141
2026-10-02 19:07:16.346,5.984
2026-10-02 19:07:17.451,6.654
2026-10-02 19:07:18.524,5.273
2026-10-02 19:07:19.592,6.788
2026-10-02 19:07:20.703,5.961
2026-10-02 19:07:21.801,5.818
2026-10-02 19:07:22.886,5.430
2026-10-02 19:07:24.003,5.696
2026-10-02 19:07:25.084,6.175
2026-10-02 19:07:26.163,5.860
2026-10-02 19:07:27.247,7.350
2026-10-02 19:07:28.345,5.156
2026-10-02 19:07:29.525,5.149
2026-10-02 19:07:30.641,6.202
2026-10-02 19:07:31.784,5.801
2026-10-02 19:07:32.892,7.013
2026-10-02 19:07:33.990,6.814
2026-10-02 19:07:35.066,6.197
2026-10-02 19:07:36.214,5.665
2026-10-02 19:07:37.356,6.309
2026-10-02 19:07:38.558,5.201
2026-10-02 19:07:39.676,6.332
2026-10-02 19:07:40.817,5.571
2026-10-02 19:07:41.921,6.105
2026-10-02 19:07:43.000,6.673
2026-10-02 19:07:44.074,6.387
2026-10-02 19:07:45.171,6.383
2026-10-02 19:07:46.267,6.491
2026-10-02 19:07:47.350,6.623
2026-10-02 19:07:48.419,6.665
2026-10-02 19:07:49.493,5.928
2026-10-02 19:07:50.589,5.986
2026-10-02 19:07:51.739,7.267
2026-10-02 19:07:52.817,5.860
2026-10-02 19:07:53.909,6.249
2026-10-02 19:07:54.969,6.200
2026-10-02 19:07:56.110,6.157
2026-10-02 19:07:57.343,5.676
2026-10-02 19:07:58.441,6.530
2026-10-02 19:07:59.555,6.916
2026-10-02 19:08:00.652,5.480
2026-10-02 19:08:01.750,6.810
2026-10-02 19:08:02.823,6.506
2026-10-02 19:08:03.915,5.575
2026-10-02 19:08:04.998,4.782
2026-10-02 19:08:06.107,6.391
2026-10-02 19:08:07.183,5.664
2026-10-02 19:08:08.260,6.414
2026-10-02 19:08:09.372,6.611
2026-10-02 19:08:10.447,6.022
2026-10-02 19:08:11.575,6.969
2026-10-02 19:08:12.699,6.777
2026-10-02 19:08:13.802,5.838
2026-10-02 19:08:14.887,6.466
2026-10-02 19:08:15.975,6.090
2026-10-02 19:08:17.099,5.584
2026-10-02 19:08:18.253,5.872
2026-10-02 19:08:19.428,5.460
2026-10-02 19:08:20.572,5.618
2026-10-02 19:08:21.657,5.927
2026-10-02 19:08:22.727,6.247
2026-10-02 19:08:23.794,5.989
2026-10-02 19:08:25.008,6.353
2026-10-02 19:08:26.077,5.888
2026-10-02 19:08:27.148,5.516
2026-10-02 19:08:28.272,5.648
2026-10-02 19:08:29.373,6.263
2026-10-02 19:08:30.478,6.131
2026-10-02 19:08:31.555,6.254
2026-10-02 19:08:32.635,6.359
2026-10-02 19:08:33.745,5.536
2026-10-02 19:08:34.858,6.566
2026-10-02 19:08:35.986,5.951
2026-10-02 19:08:37.072,7.050
2026-10-02 19:08:38.143,6.314
2026-10-02 19:08:39.215,6.287
2026-10-02 19:08:40.326,5.491
2026-10-02 19:08:41.390,6.660
2026-10-02 19:08:42.499,5.333
2026-10-02 19:08:43.618,6.549
2026-10-02 19:08:44.704,5.159
2026-10-02 19:08:45.780,5.955
2026-10-02 19:08:46.871,6.939
2026-10-02 19:08:47.977,5.933
2026-10-02 19:08:49.052,5.691
2026-10-02 19:08:50.130,6.605
2026-10-02 19:08:51.189,5.041
2026-10-02 19:08:52.353,5.866
2026-10-02 19:08:53.525,7.050
2026-10-02 19:08:54.634,6.930
2026-10-02 19:08:55.790,6.375
2026-10-02 19:08:56.850,5.304
2026-10-02 19:08:57.937,6.491
2026-10-02 19:08:59.083,7.159
2026-10-02 19:09:00.153,6.092
2026-10-02 19:09:01.354,5.670
2026-10-02 19:09:02.496,6.672
2026-10-02 19:09:03.602,5.485
2026-10-02 19:09:04.698,5.295
2026-10-02 19:09:05.794,7.164
2026-10-02 19:09:06.849,5.257
2026-10-02 19:09:07.951,6.646
2026-10-02 19:09:09.068,6.895
2026-10-02 19:09:10.209,6.903
2026-10-02 19:09:11.289,6.165
2026-10-02 19:09:12.350,5.615
2026-10-02 19:09:13.431,5.670
2026-10-02 19:09:14.528,6.291
2026-10-02 19:09:15.613,6.465
2026-10-02 19:09:16.694,6.706
2026-10-02 19:09:17.820,5.794
2026-10-02 19:09:18.923,7.011
2026-10-02 19:09:20.016,5.862
2026-10-02 19:09:21.141,6.458
2026-10-02 19:09:22.201,5.530
2026-10-02 19:09:23.328,6.304
2026-10-02 19:09:24.478,5.656
2026-10-02 19:09:25.608,6.315
2026-10-02 19:09:26.688,6.563
2026-10-02 19:09:27.799,5.118
2026-10-02 19:09:28.899,6.907
2026-10-02 19:09:29.988,6.600
2026-10-02 19:09:31.224,6.925
2026-10-02 19:09:32.348,6.865
2026-10-02 19:09:33.442,5.593
2026-10-02 19:09:34.562,5.913
2026-10-02 19:09:35.721,6.319
2026-10-02 19:09:36.876,6.230
2026-10-02 19:09:38.001,5.941
2026-10-02 19:09:39.095,6.666
2026-10-02 19:09:40.244,5.226
2026-10-02 19:09:41.422,6.449
2026-10-02 19:09:42.593,6.332
2026-10-02 19:09:43.664,6.321
2026-10-02 19:09:44.771,6.020
2026-10-02 19:09:45.870,5.249
2026-10-02 19:09:46.975,5.721
2026-10-02 19:09:48.212,5.177
2026-10-02 19:09:49.287,5.965
2026-10-02 19:09:50.420,5.765
2026-10-02 19:09:51.570,6.379
2026-10-02 19:09:52.625,6.624
2026-10-02 19:09:53.717,5.287
2026-10-02 19:09:54.855,5.780
2026-10-02 19:09:55.965,5.429
2026-10-02 19:09:57.123,6.469
2026-10-02 19:09:58.225,5.626
2026-10-02 19:09:59.350,5.865
2026-10-02 19:10:00.496,6.942
2026-10-02 19:10:01.676,5.231
2026-10-02 19:10:02.784,6.575
2026-10-02 19:10:03.855,7.580
2026-10-02 19:10:04.939,6.526
2026-10-02 19:10:06.029,6.062
2026-10-02 19:10:07.174,6.248
2026-10-02 19:10:08.284,6.386
2026-10-02 19:10:09.416,6.325
2026-10-02 19:10:10.550,5.256
2026-10-02 19:10:11.783,5.795
2026-10-02 19:10:12.876,7.326
2026-10-02 19:10:13.993,5.817
2026-10-02 19:10:15.183,5.976
2026-10-02 19:10:16.294,6.201
2026-10-02 19:10:17.419,5.505
2026-10-02 19:10:18.504,6.446
2026-10-02 19:10:19.602,5.542
2026-10-02 19:10:20.743,5.652
2026-10-02 19:10:21.886,6.106
2026-10-02 19:10:22.997,7.098
2026-10-02 19:10:24.049,6.877
2026-10-02 19:10:25.181,5.137
2026-10-02 19:10:26.272,6.882
2026-10-02 19:10:27.395,6.551
2026-10-02 19:10:28.513,5.646
2026-10-02 19:10:29.572,6.211
2026-10-02 19:10:30.673,5.925
2026-10-02 19:10:31.744,5.751
2026-10-02 19:10:32.840,6.411
2026-10-02 19:10:33.957,7.098
2026-10-02 19:10:35.025,5.902
2026-10-02 19:10:36.179,5.814
2026-10-02 19:10:37.288,5.982
2026-10-02 19:10:38.365,6.584
2026-10-02 19:10:39.436,6.574
2026-10-02 19:10:40.533,5.718
2026-10-02 19:10:41.598,6.413
2026-10-02 19:10:42.683,5.850
2026-10-02 19:10:43.778,6.661
2026-10-02 19:10:44.888,5.848
2026-10-02 19:10:46.019,5.812
2026-10-02 19:10:47.136,5.927
2026-10-02 19:10:48.218,6.384
2026-10-02 19:10:49.299,7.182
2026-10-02 19:10:50.492,6.373
2026-10-02 19:10:51.661,5.788
2026-10-02 19:10:52.827,5.858
2026-10-02 19:10:53.944,7.911
2026-10-02 19:10:55.046,6.103
2026-10-02 19:10:56.117,6.034
2026-10-02 19:10:57.274,6.023
2026-10-02 19:10:58.359,5.913
2026-10-02 19:10:59.438,6.638
2026-10-02 19:11:00.506,5.794
2026-10-02 19:11:01.648,6.196
2026-10-02 19:11:02.777,5.003
2026-10-02 19:11:03.901,5.764
2026-10-02 19:11:04.995,6.945
2026-10-02 19:11:06.066,6.802
2026-10-02 19:11:07.148,5.408
2026-10-02 19:11:08.229,6.056
2026-10-02 19:11:09.346,6.626
2026-10-02 19:11:10.430,6.555
2026-10-02 19:11:11.558,4.954
2026-10-02 19:11:12.637,6.668
2026-10-02 19:11:13.714,6.267
2026-10-02 19:11:14.789,6.192
2026-10-02 19:11:15.872,5.687
2026-10-02 19:11:16.967,6.019
2026-10-02 19:11:18.051,5.805
2026-10-02 19:11:19.133,6.292
2026-10-02 19:11:20.205,6.377
2026-10-02 19:11:21.415,6.392
2026-10-02 19:11:22.561,6.529
2026-10-02 19:11:23.698,5.511
2026-10-02 19:11:24.757,6.726
2026-10-02 19:11:25.844,6.648
2026-10-02 19:11:26.950,6.567
2026-10-02 19:11:28.025,6.860
2026-10-02 19:11:29.125,5.237
2026-10-02 19:11:30.211,5.820
2026-10-02 19:11:31.345,6.508
2026-10-02 19:11:32.438,5.730
2026-10-02 19:11:33.511,5.916
2026-10-02 19:11:34.607,6.146
2026-10-02 19:11:35.761,5.704
2026-10-02 19:11:36.871,7.052
2026-10-02 19:11:37.983,5.260
2026-10-02 19:11:39.085,5.616
2026-10-02 19:11:40.194,5.373
2026-10-02 19:11:41.286,5.907
2026-10-02 19:11:42.354,6.755
2026-10-02 19:11:43.499,6.379
2026-10-02 19:11:44.614,6.988
2026-10-02 19:11:45.683,5.653
2026-10-02 19:11:46.794,4.985
2026-10-02 19:11:47.902,6.495
2026-10-02 19:11:49.009,6.197
2026-10-02 19:11:50.182,6.449
2026-10-02 19:11:51.294,6.628
2026-10-02 19:11:52.428,6.809
2026-10-02 19:11:53.522,7.198
2026-10-02 19:11:54.623,5.824
2026-10-02 19:11:55.689,5.560
2026-10-02 19:11:56.828,6.809
2026-10-02 19:11:57.934,4.986
2026-10-02 19:11:59.027,5.670
2026-10-02 19:12:00.135,7.328
2026-10-02 19:12:01.245,5.113
2026-10-02 19:12:02.364,6.884
2026-10-02 19:12:03.458,6.519
2026-10-02 19:12:04.570,5.658
2026-10-02 19:12:05.733,7.042
2026-10-02 19:12:06.892,6.167
2026-10-02 19:12:08.074,5.023
2026-10-02 19:12:09.206,6.438
2026-10-02 19:12:10.351,5.173
2026-10-02 19:12:11.417,5.586
2026-10-02 19:12:12.489,6.523
2026-10-02 19:12:13.726,5.838
2026-10-02 19:12:14.880,7.067
2026-10-02 19:12:15.951,6.577
2026-10-02 19:12:17.024,6.972
2026-10-02 19:12:18.156,6.109
2026-10-02 19:12:19.263,6.238
2026-10-02 19:12:20.355,5.932
2026-10-02 19:12:21.465,5.670
2026-10-02 19:12:22.612,6.466
2026-10-02 19:12:23.696,5.908
2026-10-02 19:12:24.776,6.386
2026-10-02 19:12:25.850,5.280
2026-10-02 19:12:26.916,5.279
2026-10-02 19:12:28.035,6.793
2026-10-02 19:12:29.168,6.946
2026-10-02 19:12:30.272,6.680
2026-10-02 19:12:31.375,5.206
2026-10-02 19:12:32.456,6.316
2026-10-02 19:12:33.540,6.272
2026-10-02 19:12:34.674,6.624
2026-10-02 19:12:35.748,6.417
2026-10-02 19:12:36.842,5.410
2026-10-02 19:12:37.944,5.386
2026-10-02 19:12:39.054,6.837
2026-10-02 19:12:40.118,6.173
2026-10-02 19:12:41.203,5.317
2026-10-02 19:12:42.389,5.016
2026-10-02 19:12:43.558,6.833
2026-10-02 19:12:44.689,6.487
2026-10-02 19:12:45.822,6.332
2026-10-02 19:12:46.922,5.993
2026-10-02 19:12:48.052,5.844
2026-10-02 19:12:49.237,7.023
2026-10-02 19:12:50.351,5.988
2026-10-02 19:12:51.422,6.121
2026-10-02 19:12:52.572,6.635
2026-10-02 19:12:53.662,6.908
2026-10-02 19:12:54.746,5.016
2026-10-02 19:12:55.835,6.584
2026-10-02 19:12:56.905,5.912
2026-10-02 19:12:58.052,6.438
2026-10-02 19:12:59.182,5.353
2026-10-02 19:13:00.258,5.336
2026-10-02 19:13:01.400,6.285
2026-10-02 19:13:02.460,6.317
2026-10-02 19:13:03.553,5.691
2026-10-02 19:13:04.672,6.456
2026-10-02 19:13:05.784,5.619
2026-10-02 19:13:06.875,6.021
2026-10-02 19:13:07.966,7.023
2026-10-02 19:13:09.048,6.465
2026-10-02 19:13:10.110,6.657
2026-10-02 19:13:11.219,5.130
2026-10-02 19:13:12.279,6.079
2026-10-02 19:13:13.400,6.132
2026-10-02 19:13:14.515,6.131
2026-10-02 19:13:15.613,5.792
2026-10-02 19:13:16.716,5.636
2026-10-02 19:13:17.817,7.179
2026-10-02 19:13:18.914,6.172
2026-10-02 19:13:20.006,6.435
2026-10-02 19:13:21.073,6.044
2026-10-02 19:13:22.165,6.573
2026-10-02 19:13:23.297,5.871
2026-10-02 19:13:24.444,5.775
2026-10-02 19:13:25.567,4.868
2026-10-02 19:13:26.668,6.241
2026-10-02 19:13:27.740,6.192
2026-10-02 19:13:28.844,5.208
2026-10-02 19:13:29.903,6.204
2026-10-02 19:13:31.042,5.834
2026-10-02 19:13:32.155,5.638
2026-10-02 19:13:33.221,5.968
2026-10-02 19:13:34.301,6.042
2026-10-02 19:13:35.401,5.591
2026-10-02 19:13:36.540,6.264
2026-10-02 19:13:37.696,5.422
2026-10-02 19:13:38.845,5.742
2026-10-02 19:13:39.938,6.354
2026-10-02 19:13:41.031,6.150
2026-10-02 19:13:42.098,6.696
2026-10-02 19:13:43.166,6.540
2026-10-02 19:13:44.250,6.818
2026-10-02 19:13:45.349,6.513
2026-10-02 19:13:46.470,6.696
2026-10-02 19:13:47.560,5.665
2026-10-02 19:13:48.658,6.704
2026-10-02 19:13:49.727,6.338
2026-10-02 19:13:50.869,5.779
2026-10-02 19:13:51.944,7.205
2026-10-02 19:13:53.093,5.870
2026-10-02 19:13:54.165,5.860
2026-10-02 19:13:55.281,5.256
2026-10-02 19:13:56.425,6.036
2026-10-02 19:13:57.561,6.251
2026-10-02 19:13:58.672,6.260
2026-10-02 19:13:59.766,5.564
2026-10-02 19:14:00.862,5.651
2026-10-02 19:14:01.982,7.147
2026-10-02 19:14:03.071,5.568
2026-10-02 19:14:04.193,7.025
2026-10-02 19:14:05.291,6.043
2026-10-02 19:14:06.377,6.334
2026-10-02 19:14:07.463,6.411
2026-10-02 19:14:08.606,5.020
2026-10-02 19:14:09.687,5.694
2026-10-02 19:14:10.810,5.838
2026-10-02 19:14:11.903,6.695
2026-10-02 19:14:12.980,6.074
2026-10-02 19:14:14.036,5.976
2026-10-02 19:14:15.145,5.947
2026-10-02 19:14:16.220,5.558
2026-10-02 19:14:17.292,6.570
2026-10-02 19:14:18.366,6.528
2026-10-02 19:14:19.440,6.439
2026-10-02 19:14:20.577,6.273
2026-10-02 19:14:21.707,5.119
2026-10-02 19:14:22.815,6.046
2026-10-02 19:14:23.891,6.680
2026-10-02 19:14:25.014,6.468
2026-10-02 19:14:26.130,5.948
2026-10-02 19:14:27.253,5.914
2026-10-02 19:14:28.466,5.525
2026-10-02 19:14:29.591,6.450
2026-10-02 19:14:30.668,3.989
2026-10-02 19:14:33.702,2.216
2026-10-02 19:14:34.761,3.964
2026-10-02 19:14:35.831,3.834
2026-10-02 19:14:36.886,2.438
2026-10-02 19:14:37.946,2.400
2026-10-02 19:14:39.007,3.334
2026-10-02 19:14:40.056,3.572
2026-10-02 19:14:41.103,2.254
2026-10-02 19:14:42.841,2.337
2026-10-02 19:14:43.950,2.171
2026-10-02 19:14:44.976,2.239
2026-10-02 19:14:46.068,2.467
2026-10-02 19:14:47.112,2.428
2026-10-02 19:14:48.321,2.416
2026-10-02 19:14:49.431,2.475
2026-10-02 19:14:50.543,2.440
2026-10-02 19:14:51.603,2.218
2026-10-02 19:14:52.645,2.262
2026-10-02 19:14:53.683,2.225
2026-10-02 19:14:55.033,2.241
2026-10-02 19:14:56.809,2.451
2026-10-02 19:14:57.881,3.852
2026-10-02 19:14:58.951,3.813
2026-10-02 19:14:59.989,3.846
2026-10-02 19:15:01.040,3.729
2026-10-02 19:15:02.095,7.287
2026-10-02 19:15:03.228,6.318
2026-10-02 19:15:04.562,7.230
2026-10-02 19:15:05.658,6.560
2026-10-02 19:15:07.138,8.609
2026-10-02 19:15:08.271,5.878
2026-10-02 19:15:09.552,7.040
2026-10-02 19:15:10.641,6.252
2026-10-02 19:15:11.730,6.985
2026-10-02 19:15:12.841,6.409
2026-10-02 19:15:13.897,6.065
2026-10-02 19:15:14.940,6.664
2026-10-02 19:15:15.971,6.067
2026-10-02 19:15:17.073,6.720
2026-10-02 19:15:18.177,6.082
2026-10-02 19:15:19.250,6.093
2026-10-02 19:15:20.317,3.646
2026-10-02 19:15:21.505,2.428
2026-10-02 19:15:22.567,3.627
2026-10-02 19:15:23.654,3.964
2026-10-02 19:15:24.740,3.954
2026-10-02 19:15:25.781,3.017
2026-10-02 19:15:26.825,5.610
2026-10-02 19:15:27.868,4.167
2026-10-02 19:15:28.959,7.235
2026-10-02 19:15:30.070,7.524
2026-10-02 19:15:31.136,7.858
2026-10-02 19:15:32.242,7.387
2026-10-02 19:15:33.390,7.254
2026-10-02 19:15:34.485,7.911
2026-10-02 19:15:35.781,7.732
2026-10-02 19:15:36.912,7.543
2026-10-02 19:15:38.046,6.946
2026-10-02 19:15:39.149,7.566
2026-10-02 19:15:40.215,7.026
2026-10-02 19:15:41.335,7.484
2026-10-02 19:15:42.442,7.212
2026-10-02 19:15:43.522,7.061
2026-10-02 19:15:44.619,6.838
2026-10-02 19:15:45.706,6.481
2026-10-02 19:15:46.744,6.844
2026-10-02 19:15:47.790,7.275
2026-10-02 19:15:48.860,6.731
2026-10-02 19:15:49.916,7.068
2026-10-02 19:15:51.205,4.825
2026-10-02 19:15:52.300,7.308
2026-10-02 19:15:53.366,6.706
2026-10-02 19:15:54.466,6.964
2026-10-02 19:15:55.586,7.890
2026-10-02 19:15:56.702,6.974
2026-10-02 19:15:57.841,7.586
2026-10-02 19:15:58.942,5.645
2026-10-02 19:16:00.017,7.327
2026-10-02 19:16:01.076,6.685
2026-10-02 19:16:02.172,6.970
2026-10-02 19:16:03.275,7.324
2026-10-02 19:16:04.354,7.905
2026-10-02 19:16:05.440,8.044
2026-10-02 19:16:06.515,8.055
2026-10-02 19:16:07.581,7.300
2026-10-02 19:16:08.632,7.387
2026-10-02 19:16:09.772,7.754
2026-10-02 19:16:10.854,7.601
2026-10-02 19:16:12.017,4.045
2026-10-02 19:16:13.132,2.505
2026-10-02 19:16:14.208,3.045
2026-10-02 19:16:15.293,3.994
2026-10-02 19:16:16.385,3.888
2026-10-02 19:16:17.432,4.009
2026-10-02 19:16:18.499,3.633
2026-10-02 19:16:19.539,3.907
2026-10-02 19:16:20.672,6.144
2026-10-02 19:16:21.735,5.622
2026-10-02 19:16:22.819,5.447
2026-10-02 19:16:23.919,5.743
2026-10-02 19:16:25.039,6.916
2026-10-02 19:16:26.137,7.114
2026-10-02 19:16:27.218,6.804
2026-10-02 19:16:28.366,4.940
2026-10-02 19:16:29.528,5.232
2026-10-02 19:16:30.651,5.699
2026-10-02 19:16:31.729,5.441
2026-10-02 19:16:32.829,5.723
2026-10-02 19:16:33.900,6.796
2026-10-02 19:16:34.978,6.217
2026-10-02 19:16:36.107,6.297
2026-10-02 19:16:37.233,6.436
2026-10-02 19:16:38.368,6.219
2026-10-02 19:16:39.533,6.723
2026-10-02 19:16:40.606,6.276
2026-10-02 19:16:41.689,5.689
2026-10-02 19:16:42.844,6.329
2026-10-02 19:16:43.962,5.518
2026-10-02 19:16:45.095,6.752
2026-10-02 19:16:46.299,5.609
2026-10-02 19:16:47.485,6.678
2026-10-02 19:16:48.589,5.776
2026-10-02 19:16:49.753,6.293
2026-10-02 19:16:50.920,6.347
2026-10-02 19:16:52.082,6.828
2026-10-02 19:16:53.145,5.882
2026-10-02 19:16:54.314,6.146
2026-10-02 19:16:55.409,6.112
2026-10-02 19:16:56.487,6.310
2026-10-02 19:16:57.564,5.243
2026-10-02 19:16:58.683,6.849
2026-10-02 19:16:59.892,5.941
2026-10-02 19:17:01.045,5.733
2026-10-02 19:17:02.161,5.739
2026-10-02 19:17:03.257,6.423
2026-10-02 19:17:04.340,6.170
2026-10-02 19:17:05.437,5.616
2026-10-02 19:17:06.525,5.640
2026-10-02 19:17:07.802,6.391
2026-10-02 19:17:08.983,5.056
2026-10-02 19:17:10.112,6.848
2026-10-02 19:17:11.214,5.341
2026-10-02 19:17:12.287,6.934
2026-10-02 19:17:13.389,6.868
2026-10-02 19:17:14.532,6.847
2026-10-02 19:17:15.665,5.575
2026-10-02 19:17:16.798,4.860
2026-10-02 19:17:17.895,5.340
2026-10-02 19:17:19.034,6.303
2026-10-02 19:17:20.175,5.657
2026-10-02 19:17:21.301,5.173
2026-10-02 19:17:22.455,6.269
2026-10-02 19:17:23.516,6.543
2026-10-02 19:17:24.722,5.249
2026-10-02 19:17:25.848,6.044
2026-10-02 19:17:26.960,5.632
2026-10-02 19:17:28.124,5.111
2026-10-02 19:17:29.267,6.637
2026-10-02 19:17:30.397,6.852
2026-10-02 19:17:31.461,6.849
2026-10-02 19:17:32.555,5.642
2026-10-02 19:17:33.636,5.926
2026-10-02 19:17:34.718,6.794
2026-10-02 19:17:35.828,5.162
2026-10-02 19:17:36.940,6.303
2026-10-02 19:17:38.064,5.705
2026-10-02 19:17:39.134,4.861
2026-10-02 19:17:40.230,6.516
2026-10-02 19:17:41.335,5.888
2026-10-02 19:17:42.452,5.153
2026-10-02 19:17:43.558,5.399
2026-10-02 19:17:44.642,6.799
2026-10-02 19:17:45.794,5.216
2026-10-02 19:17:46.909,5.682
2026-10-02 19:17:48.003,6.760
2026-10-02 19:17:49.093,4.924
2026-10-02 19:17:50.180,6.773
2026-10-02 19:17:51.276,5.957
2026-10-02 19:17:52.354,5.200
2026-10-02 19:17:53.428,6.386
2026-10-02 19:17:54.529,5.721
2026-10-02 19:17:55.621,4.931
2026-10-02 19:17:56.741,6.780
2026-10-02 19:17:57.895,5.777
2026-10-02 19:17:59.020,5.744
2026-10-02 19:18:00.204,5.063
2026-10-02 19:18:01.306,4.974
2026-10-02 19:18:02.451,6.818
2026-10-02 19:18:03.556,5.157
2026-10-02 19:18:04.665,6.172
2026-10-02 19:18:05.841,6.246
2026-10-02 19:18:06.980,6.396
2026-10-02 19:18:08.114,6.414
2026-10-02 19:18:09.214,4.940
2026-10-02 19:18:10.370,6.479
2026-10-02 19:18:11.475,5.832
2026-10-02 19:18:12.555,5.560
2026-10-02 19:18:13.666,6.879
2026-10-02 19:18:14.757,6.285
2026-10-02 19:18:15.836,6.276
2026-10-02 19:18:16.978,6.069
2026-10-02 19:18:18.089,6.273
2026-10-02 19:18:19.169,5.066
2026-10-02 19:18:20.253,5.708
2026-10-02 19:18:21.393,6.233
2026-10-02 19:18:22.529,5.755
2026-10-02 19:18:23.638,5.257
2026-10-02 19:18:24.709,6.198
2026-10-02 19:18:25.806,5.538
2026-10-02 19:18:26.887,5.842
2026-10-02 19:18:28.002,5.102
2026-10-02 19:18:29.064,5.067
2026-10-02 19:18:30.141,6.058
2026-10-02 19:18:31.239,4.852
2026-10-02 19:18:32.360,6.660
2026-10-02 19:18:33.481,5.698
2026-10-02 19:18:34.579,4.857
2026-10-02 19:18:35.664,6.386
2026-10-02 19:18:36.780,5.428
2026-10-02 19:18:37.893,6.128
2026-10-02 19:18:38.999,5.764
2026-10-02 19:18:40.075,6.547
2026-10-02 19:18:41.277,5.817
2026-10-02 19:18:42.373,6.650
2026-10-02 19:18:43.529,5.662
2026-10-02 19:18:44.658,5.371
2026-10-02 19:18:45.744,6.408
2026-10-02 19:18:46.837,5.506
2026-10-02 19:18:48.033,5.304
2026-10-02 19:18:49.155,5.840
2026-10-02 19:18:50.308,6.412
2026-10-02 19:18:51.433,6.275
2026-10-02 19:18:52.521,7.086
2026-10-02 19:18:53.601,5.373
2026-10-02 19:18:54.685,6.165
2026-10-02 19:18:55.790,6.238
2026-10-02 19:18:56.902,5.646
2026-10-02 19:18:58.021,5.192
2026-10-02 19:18:59.138,5.941
2026-10-02 19:19:00.251,6.126
2026-10-02 19:19:01.374,5.304
2026-10-02 19:19:02.523,5.046
2026-10-02 19:19:03.615,7.031
2026-10-02 19:19:04.697,5.733
2026-10-02 19:19:05.785,5.636
2026-10-02 19:19:06.882,6.270
2026-10-02 19:19:07.967,5.622
2026-10-02 19:19:09.118,5.819
2026-10-02 19:19:10.287,5.066
2026-10-02 19:19:11.345,6.572
2026-10-02 19:19:12.452,5.853
2026-10-02 19:19:13.533,6.176
2026-10-02 19:19:14.628,5.480
2026-10-02 19:19:15.779,6.325
2026-10-02 19:19:16.909,5.066
2026-10-02 19:19:18.060,5.652
2026-10-02 19:19:19.141,4.814
2026-10-02 19:19:20.232,6.469
2026-10-02 19:19:21.286,6.530
2026-10-02 19:19:22.360,6.264
2026-10-02 19:19:23.449,6.138
2026-10-02 19:19:24.591,6.312
2026-10-02 19:19:25.690,5.618
2026-10-02 19:19:26.751,5.790
2026-10-02 19:19:27.844,5.641
2026-10-02 19:19:28.962,6.793
2026-10-02 19:19:30.091,5.046
2026-10-02 19:19:31.153,5.622
2026-10-02 19:19:32.300,6.913
2026-10-02 19:19:33.385,6.004
2026-10-02 19:19:34.481,5.753
2026-10-02 19:19:35.557,6.460
2026-10-02 19:19:36.677,5.505
2026-10-02 19:19:37.799,6.346
2026-10-02 19:19:38.874,5.538
2026-10-02 19:19:39.947,6.138
2026-10-02 19:19:41.024,6.508
2026-10-02 19:19:42.081,6.320
2026-10-02 19:19:43.231,5.845
2026-10-02 19:19:44.307,6.034
2026-10-02 19:19:45.421,6.991
2026-10-02 19:19:46.489,5.866
2026-10-02 19:19:47.578,5.622
2026-10-02 19:19:48.679,6.631
2026-10-02 19:19:49.823,5.633
2026-10-02 19:19:50.941,5.702
2026-10-02 19:19:52.022,5.519
2026-10-02 19:19:53.151,6.490
2026-10-02 19:19:54.268,6.932
2026-10-02 19:19:55.371,6.651
2026-10-02 19:19:56.514,5.824
2026-10-02 19:19:57.609,6.455
2026-10-02 19:19:58.681,6.157
2026-10-02 19:19:59.840,5.090
2026-10-02 19:20:00.972,5.261
2026-10-02 19:20:02.057,6.249
2026-10-02 19:20:03.164,5.855
2026-10-02 19:20:04.312,6.360
2026-10-02 19:20:05.509,6.179
2026-10-02 19:20:06.656,6.323
2026-10-02 19:20:07.713,5.443
2026-10-02 19:20:08.788,6.390
2026-10-02 19:20:09.867,6.027
2026-10-02 19:20:10.965,5.813
2026-10-02 19:20:12.040,6.444
2026-10-02 19:20:13.177,5.404
2026-10-02 19:20:14.293,5.922
2026-10-02 19:20:15.392,6.193
2026-10-02 19:20:16.485,6.340
2026-10-02 19:20:17.618,6.475
2026-10-02 19:20:18.733,5.860
2026-10-02 19:20:19.841,5.332
2026-10-02 19:20:20.916,5.408
2026-10-02 19:20:21.995,6.906
2026-10-02 19:20:23.136,5.564
2026-10-02 19:20:24.219,6.153
2026-10-02 19:20:25.318,6.222
2026-10-02 19:20:26.463,5.713
2026-10-02 19:20:27.592,5.844
2026-10-02 19:20:28.711,6.034
2026-10-02 19:20:29.836,6.703
2026-10-02 19:20:31.033,5.216
2026-10-02 19:20:32.217,6.185
2026-10-02 19:20:33.366,5.652
2026-10-02 19:20:34.483,5.611
2026-10-02 19:20:35.569,5.441
2026-10-02 19:20:36.669,6.263
2026-10-02 19:20:37.728,5.740
2026-10-02 19:20:38.843,5.047
2026-10-02 19:20:39.953,6.366
2026-10-02 19:20:41.108,6.446
2026-10-02 19:20:42.238,6.343
2026-10-02 19:20:43.343,6.402
2026-10-02 19:20:44.429,4.854
2026-10-02 19:20:45.577,6.657
2026-10-02 19:20:46.675,6.918
2026-10-02 19:20:47.772,5.880
2026-10-02 19:20:48.870,5.259
2026-10-02 19:20:49.994,6.489
2026-10-02 19:20:51.068,5.703
2026-10-02 19:20:52.177,5.668
2026-10-02 19:20:53.294,6.486
2026-10-02 19:20:54.389,6.132
2026-10-02 19:20:55.522,6.331
2026-10-02 19:20:56.636,6.241
2026-10-02 19:20:57.716,5.714
2026-10-02 19:20:58.856,5.324
2026-10-02 19:20:59.969,5.911
2026-10-02 19:21:01.126,6.470
2026-10-02 19:21:02.306,5.188
2026-10-02 19:21:03.456,7.036
2026-10-02 19:21:04.527,6.363
2026-10-02 19:21:05.594,6.416
2026-10-02 19:21:06.779,4.968
2026-10-02 19:21:07.958,5.634
2026-10-02 19:21:09.119,6.637
2026-10-02 19:21:10.215,5.797
2026-10-02 19:21:11.302,6.356
2026-10-02 19:21:12.394,5.974
2026-10-02 19:21:13.541,5.114
2026-10-02 19:21:14.665,6.337
2026-10-02 19:21:15.786,6.644
2026-10-02 19:21:16.911,6.355
2026-10-02 19:21:18.059,5.642
2026-10-02 19:21:19.163,6.116
2026-10-02 19:21:20.262,6.396
2026-10-02 19:21:21.346,6.434
2026-10-02 19:21:22.440,5.665
2026-10-02 19:21:23.525,5.122
2026-10-02 19:21:24.614,5.906
2026-10-02 19:21:25.689,7.083
2026-10-02 19:21:26.826,5.606
2026-10-02 19:21:27.907,5.587
2026-10-02 19:21:29.043,6.387
2026-10-02 19:21:30.145,5.653
2026-10-02 19:21:31.233,7.815
2026-10-02 19:21:32.545,6.978
2026-10-02 19:21:33.626,5.791
2026-10-02 19:21:34.738,5.695
2026-10-02 19:21:35.817,5.275
2026-10-02 19:21:36.881,6.568
2026-10-02 19:21:37.996,6.083
2026-10-02 19:21:39.094,5.601
2026-10-02 19:21:40.243,5.089
2026-10-02 19:21:41.364,6.604
2026-10-02 19:21:42.455,6.471
2026-10-02 19:21:43.638,5.687
2026-10-02 19:21:44.756,6.115
2026-10-02 19:21:45.899,6.297
2026-10-02 19:21:47.006,5.320
2026-10-02 19:21:48.119,5.904
2026-10-02 19:21:49.230,6.280
2026-10-02 19:21:50.315,6.478
2026-10-02 19:21:51.399,5.616
2026-10-02 19:21:52.539,5.637
2026-10-02 19:21:53.620,6.465
2026-10-02 19:21:54.707,5.904
2026-10-02 19:21:55.802,5.597
2026-10-02 19:21:56.905,7.385
2026-10-02 19:21:57.979,5.729
2026-10-02 19:21:59.063,5.141
2026-10-02 19:22:00.192,6.640
2026-10-02 19:22:01.355,5.091
2026-10-02 19:22:02.436,5.509
2026-10-02 19:22:03.575,6.213
2026-10-02 19:22:04.653,6.404
2026-10-02 19:22:05.775,5.672
2026-10-02 19:22:06.858,5.682
2026-10-02 19:22:07.976,6.074
2026-10-02 19:22:09.049,5.428
2026-10-02 19:22:10.109,5.790
2026-10-02 19:22:11.237,5.955
2026-10-02 19:22:12.331,5.631
2026-10-02 19:22:13.418,6.176
2026-10-02 19:22:14.512,6.278
2026-10-02 19:22:15.591,5.716
2026-10-02 19:22:16.683,6.454
2026-10-02 19:22:17.764,5.712
2026-10-02 19:22:18.836,5.701
2026-10-02 19:22:19.978,7.071
2026-10-02 19:22:21.132,6.319
2026-10-02 19:22:22.275,5.366
2026-10-02 19:22:23.437,5.592
2026-10-02 19:22:24.543,5.582
2026-10-02 19:22:25.647,5.668
2026-10-02 19:22:26.746,6.891
2026-10-02 19:22:27.855,5.553
2026-10-02 19:22:29.001,5.141
2026-10-02 19:22:30.165,6.431
2026-10-02 19:22:31.280,5.216
2026-10-02 19:22:32.416,5.919
2026-10-02 19:22:33.563,5.354
2026-10-02 19:22:34.674,6.157
2026-10-02 19:22:35.771,5.569
2026-10-02 19:22:36.848,5.646
2026-10-02 19:22:37.976,5.795
2026-10-02 19:22:39.137,5.248
2026-10-02 19:22:40.213,6.856
2026-10-02 19:22:41.274,5.712
2026-10-02 19:22:42.372,6.414
2026-10-02 19:22:43.475,6.477
2026-10-02 19:22:44.572,4.814
2026-10-02 19:22:45.727,6.284
2026-10-02 19:22:46.865,5.552
2026-10-02 19:22:47.967,6.269
2026-10-02 19:22:49.061,5.808
2026-10-02 19:22:50.163,5.771
2026-10-02 19:22:51.257,5.827
2026-10-02 19:22:52.410,5.830
2026-10-02 19:22:53.489,6.093
2026-10-02 19:22:54.569,5.555
2026-10-02 19:22:55.659,4.891
2026-10-02 19:22:56.752,6.239
2026-10-02 19:22:57.873,6.442
2026-10-02 19:22:59.013,5.640
2026-10-02 19:23:00.164,6.918
2026-10-02 19:23:01.265,6.619
2026-10-02 19:23:02.365,6.124
2026-10-02 19:23:03.465,5.928
2026-10-02 19:23:04.568,5.225
2026-10-02 19:23:05.648,6.754
2026-10-02 19:23:06.794,6.114
2026-10-02 19:23:07.911,5.601
2026-10-02 19:23:09.026,5.532
2026-10-02 19:23:10.120,5.382
2026-10-02 19:23:11.268,6.872
2026-10-02 19:23:12.401,5.866
2026-10-02 19:23:13.567,5.161
2026-10-02 19:23:14.707,5.927
2026-10-02 19:23:15.826,6.030
2026-10-02 19:23:16.968,6.113
2026-10-02 19:23:18.206,6.847
2026-10-02 19:23:19.407,5.404
2026-10-02 19:23:20.556,5.918
2026-10-02 19:23:21.687,6.434
2026-10-02 19:23:22.802,5.594
2026-10-02 19:23:23.930,6.351
2026-10-02 19:23:25.048,6.458
2026-10-02 19:23:26.152,5.678
2026-10-02 19:23:27.237,5.463
2026-10-02 19:23:28.319,5.078
2026-10-02 19:23:29.395,5.421
2026-10-02 19:23:30.495,6.231
2026-10-02 19:23:31.591,6.377
2026-10-02 19:23:32.671,6.987
2026-10-02 19:23:33.784,5.675
2026-10-02 19:23:34.858,6.524
2026-10-02 19:23:35.959,5.557
2026-10-02 19:23:37.078,5.806
2026-10-02 19:23:38.177,6.892
2026-10-02 19:23:39.316,4.929
2026-10-02 19:23:40.431,5.476
2026-10-02 19:23:41.545,6.313
2026-10-02 19:23:42.604,5.438
2026-10-02 19:23:43.713,7.027
2026-10-02 19:23:44.785,5.916
2026-10-02 19:23:45.906,5.634
2026-10-02 19:23:47.071,6.405
2026-10-02 19:23:48.168,6.476
2026-10-02 19:23:49.276,5.555
2026-10-02 19:23:50.353,5.504
2026-10-02 19:23:51.425,6.594
2026-10-02 19:23:52.575,4.919
2026-10-02 19:23:53.650,6.174
2026-10-02 19:23:54.737,6.228
2026-10-02 19:23:55.835,5.816
2026-10-02 19:23:56.972,6.373
2026-10-02 19:23:58.104,6.458
2026-10-02 19:23:59.238,5.568
2026-10-02 19:24:00.370,5.954
2026-10-02 19:24:01.476,6.156
2026-10-02 19:24:02.585,5.446
2026-10-02 19:24:03.762,6.198
2026-10-02 19:24:04.873,6.212
2026-10-02 19:24:05.950,5.779
2026-10-02 19:24:07.028,5.196
2026-10-02 19:24:08.163,7.216
2026-10-02 19:24:09.255,6.357
2026-10-02 19:24:10.359,6.524
2026-10-02 19:24:11.486,6.268
2026-10-02 19:24:12.620,5.405
2026-10-02 19:24:13.708,5.736
2026-10-02 19:24:14.833,5.552
2026-10-02 19:24:15.933,5.724
2026-10-02 19:24:17.044,6.810
2026-10-02 19:24:18.169,5.323
2026-10-02 19:24:19.280,6.362
2026-10-02 19:24:20.392,6.566
2026-10-02 19:24:21.474,5.815
2026-10-02 19:24:22.612,5.627
2026-10-02 19:24:23.726,6.101
2026-10-02 19:24:24.819,5.883
2026-10-02 19:24:25.979,5.476
2026-10-02 19:24:27.115,6.545
2026-10-02 19:24:28.199,5.835
2026-10-02 19:24:29.297,5.570
2026-10-02 19:24:30.403,6.716
2026-10-02 19:24:31.515,5.585
2026-10-02 19:24:32.618,5.389
2026-10-02 19:24:33.716,5.665
2026-10-02 19:24:34.796,5.848
2026-10-02 19:24:35.903,6.170
2026-10-02 19:24:37.072,5.643
2026-10-02 19:24:38.263,6.387
2026-10-02 19:24:39.376,5.530
2026-10-02 19:24:40.479,7.176
2026-10-02 19:24:41.568,5.652
2026-10-02 19:24:42.653,6.245
2026-10-02 19:24:43.709,6.389
2026-10-02 19:24:44.841,6.248
2026-10-02 19:24:45.951,4.802
2026-10-02 19:24:47.076,6.334
2026-10-02 19:24:48.199,6.274
2026-10-02 19:24:49.281,6.330
2026-10-02 19:24:50.403,6.563
2026-10-02 19:24:51.525,5.571
2026-10-02 19:24:52.606,6.217
2026-10-02 19:24:53.756,6.853
2026-10-02 19:24:54.865,6.413
2026-10-02 19:24:55.942,5.713
2026-10-02 19:24:57.073,6.315
2026-10-02 19:24:58.177,6.103
2026-10-02 19:24:59.321,5.874
2026-10-02 19:25:00.484,5.130
2026-10-02 19:25:01.589,6.510
2026-10-02 19:25:02.687,5.138
2026-10-02 19:25:03.764,6.830
2026-10-02 19:25:04.863,6.633
2026-10-02 19:25:05.949,5.059
2026-10-02 19:25:07.048,5.486
2026-10-02 19:25:08.146,5.070
2026-10-02 19:25:09.214,6.173
2026-10-02 19:25:10.305,5.053
2026-10-02 19:25:11.430,6.480
2026-10-02 19:25:12.533,6.356
2026-10-02 19:25:13.628,6.111
2026-10-02 19:25:14.694,5.175
2026-10-02 19:25:15.779,6.096
2026-10-02 19:25:16.898,5.756
2026-10-02 19:25:17.978,5.626
2026-10-02 19:25:19.082,5.006
2026-10-02 19:25:20.166,6.712
2026-10-02 19:25:21.251,5.641
2026-10-02 19:25:22.365,6.395
2026-10-02 19:25:23.506,6.777
2026-10-02 19:25:24.660,5.635
2026-10-02 19:25:25.892,5.208
2026-10-02 19:25:26.973,6.419
2026-10-02 19:25:28.054,6.235
2026-10-02 19:25:29.126,6.198
2026-10-02 19:25:30.234,6.262
2026-10-02 19:25:31.438,5.463
2026-10-02 19:25:32.546,7.507
2026-10-02 19:25:33.651,5.838
2026-10-02 19:25:34.775,6.862
2026-10-02 19:25:35.914,5.332
2026-10-02 19:25:37.044,5.628
2026-10-02 19:25:38.122,6.464
2026-10-02 19:25:39.216,6.530
2026-10-02 19:25:40.293,5.249
2026-10-02 19:25:41.364,5.954
2026-10-02 19:25:42.491,6.713
2026-10-02 19:25:43.652,5.178
2026-10-02 19:25:44.783,6.710
2026-10-02 19:25:45.923,5.986
2026-10-02 19:25:47.005,6.828
2026-10-02 19:25:48.084,6.480
2026-10-02 19:25:49.163,5.903
2026-10-02 19:25:50.312,5.149
2026-10-02 19:25:51.502,5.665
2026-10-02 19:25:52.639,6.329
2026-10-02 19:25:53.740,6.209
2026-10-02 19:25:54.881,5.347
2026-10-02 19:25:56.007,6.480
2026-10-02 19:25:57.207,5.873
2026-10-02 19:25:58.378,6.393
2026-10-02 19:25:59.506,5.622
2026-10-02 19:26:00.647,6.268
2026-10-02 19:26:01.756,5.596
2026-10-02 19:26:02.851,5.490
2026-10-02 19:26:03.961,6.164
2026-10-02 19:26:05.061,6.472
2026-10-02 19:26:06.173,5.060
2026-10-02 19:26:07.287,6.360
2026-10-02 19:26:08.436,6.332
2026-10-02 19:26:09.569,5.638
2026-10-02 19:26:10.660,6.440
2026-10-02 19:26:11.753,6.102
2026-10-02 19:26:12.831,6.182
2026-10-02 19:26:13.902,5.131
2026-10-02 19:26:15.001,5.767
2026-10-02 19:26:16.066,6.701
2026-10-02 19:26:17.179,5.260
2026-10-02 19:26:18.271,6.348
2026-10-02 19:26:19.367,6.864
2026-10-02 19:26:20.468,6.209
2026-10-02 19:26:21.557,5.248
2026-10-02 19:26:22.669,6.584
2026-10-02 19:26:23.855,5.372
2026-10-02 19:26:24.990,5.365
2026-10-02 19:26:26.125,5.675
2026-10-02 19:26:27.254,6.188
2026-10-02 19:26:28.420,5.112
2026-10-02 19:26:29.620,6.658
2026-10-02 19:26:30.857,5.513
2026-10-02 19:26:31.993,6.354
2026-10-02 19:26:33.214,5.897
2026-10-02 19:26:34.414,5.656
2026-10-02 19:26:35.490,6.249
2026-10-02 19:26:36.598,4.933
2026-10-02 19:26:37.691,4.941
2026-10-02 19:26:38.769,6.539
2026-10-02 19:26:39.867,6.358
2026-10-02 19:26:40.943,6.801
2026-10-02 19:26:42.028,5.674
2026-10-02 19:26:43.120,6.462
2026-10-02 19:26:44.340,6.891
2026-10-02 19:26:45.496,5.240
2026-10-02 19:26:46.564,5.441
2026-10-02 19:26:47.669,5.632
2026-10-02 19:26:48.769,5.209
2026-10-02 19:26:49.882,6.840
2026-10-02 19:26:51.018,6.191
2026-10-02 19:26:52.149,6.535
2026-10-02 19:26:53.235,6.865
2026-10-02 19:26:54.423,5.263
2026-10-02 19:26:55.563,5.874
2026-10-02 19:26:56.710,5.404
2026-10-02 19:26:57.833,6.632
2026-10-02 19:26:58.924,6.296
2026-10-02 19:27:00.047,5.703
2026-10-02 19:27:01.157,6.220
2026-10-02 19:27:02.243,6.457
2026-10-02 19:27:03.312,5.845
2026-10-02 19:27:04.388,5.793
2026-10-02 19:27:05.515,7.347
2026-10-02 19:27:06.593,6.613
2026-10-02 19:27:07.668,5.394
2026-10-02 19:27:08.792,6.579
2026-10-02 19:27:09.889,5.725
2026-10-02 19:27:10.993,4.884
2026-10-02 19:27:12.104,6.506
2026-10-02 19:27:13.209,5.993
2026-10-02 19:27:14.292,5.886
2026-10-02 19:27:15.379,6.528
2026-10-02 19:27:16.452,6.102
2026-10-02 19:27:17.520,5.200
2026-10-02 19:27:18.626,6.469
2026-10-02 19:27:19.725,6.674
2026-10-02 19:27:20.837,4.943
2026-10-02 19:27:21.950,6.330
2026-10-02 19:27:23.093,5.810
2026-10-02 19:27:24.179,5.723
2026-10-02 19:27:25.359,5.902
2026-10-02 19:27:26.580,6.876
2026-10-02 19:27:27.733,6.319
2026-10-02 19:27:28.924,5.408
2026-10-02 19:27:30.044,6.327
2026-10-02 19:27:31.119,6.655
2026-10-02 19:27:32.199,5.928
2026-10-02 19:27:33.266,4.978
2026-10-02 19:27:34.385,6.604
2026-10-02 19:27:35.503,6.849
2026-10-02 19:27:36.601,5.868
2026-10-02 19:27:37.717,6.338
2026-10-02 19:27:38.833,6.421
2026-10-02 19:27:39.917,6.344
2026-10-02 19:27:41.031,6.143
2026-10-02 19:27:42.188,6.332
2026-10-02 19:27:43.250,5.157
2026-10-02 19:27:44.331,4.896
2026-10-02 19:27:45.429,6.319
2026-10-02 19:27:46.531,5.988
2026-10-02 19:27:47.687,5.904
2026-10-02 19:27:48.828,6.860
2026-10-02 19:27:49.928,6.627
2026-10-02 19:27:51.015,5.473
2026-10-02 19:27:52.118,5.402
2026-10-02 19:27:53.179,5.668
2026-10-02 19:27:54.300,6.049
2026-10-02 19:27:55.376,6.371
2026-10-02 19:27:56.457,5.673
2026-10-02 19:27:57.553,6.115
2026-10-02 19:27:58.612,6.332
2026-10-02 19:27:59.726,5.921
2026-10-02 19:28:00.805,5.903
2026-10-02 19:28:01.877,6.635
2026-10-02 19:28:03.017,5.614
2026-10-02 19:28:04.173,6.148
2026-10-02 19:28:05.336,6.320
2026-10-02 19:28:06.459,5.423
2026-10-02 19:28:07.679,5.648
2026-10-02 19:28:08.746,5.820
2026-10-02 19:28:09.966,5.620
2026-10-02 19:28:11.172,6.863
2026-10-02 19:28:12.339,5.725
2026-10-02 19:28:13.404,5.062
2026-10-02 19:28:14.518,6.114
2026-10-02 19:28:15.618,5.858
2026-10-02 19:28:16.774,4.887
2026-10-02 19:28:17.906,5.675
2026-10-02 19:28:18.970,5.796
2026-10-02 19:28:20.163,5.235
2026-10-02 19:28:21.303,5.653
2026-10-02 19:28:22.456,6.408
2026-10-02 19:28:23.660,6.600
2026-10-02 19:28:24.738,7.417
2026-10-02 19:28:25.813,5.659
2026-10-02 19:28:26.978,5.138
2026-10-02 19:28:28.110,6.020
2026-10-02 19:28:29.177,5.437
2026-10-02 19:28:30.300,6.467
2026-10-02 19:28:31.388,5.722
2026-10-02 19:28:32.491,6.854
2026-10-02 19:28:33.659,6.673
2026-10-02 19:28:34.724,5.252
2026-10-02 19:28:35.808,4.870
2026-10-02 19:28:36.945,6.185
2026-10-02 19:28:38.023,5.648
2026-10-02 19:28:39.086,6.002
2026-10-02 19:28:40.171,5.336
2026-10-02 19:28:41.255,6.104
2026-10-02 19:28:42.351,6.356
2026-10-02 19:28:43.431,7.100
2026-10-02 19:28:44.487,5.173
2026-10-02 19:28:45.618,5.236
2026-10-02 19:28:46.792,5.037
2026-10-02 19:28:47.932,5.435
2026-10-02 19:28:49.112,6.433
2026-10-02 19:28:50.223,5.024
2026-10-02 19:28:51.299,6.409
2026-10-02 19:28:52.389,6.633
2026-10-02 19:28:53.543,5.158
2026-10-02 19:28:54.619,7.017
2026-10-02 19:28:55.714,5.752
2026-10-02 19:28:56.843,6.781
2026-10-02 19:28:57.951,5.445
2026-10-02 19:28:59.029,5.632
2026-10-02 19:29:00.098,6.537
2026-10-02 19:29:01.180,5.273
2026-10-02 19:29:02.296,5.446
2026-10-02 19:29:03.378,5.168
2026-10-02 19:29:04.621,5.867
2026-10-02 19:29:05.750,5.609
2026-10-02 19:29:06.829,6.486
2026-10-02 19:29:07.929,5.242
2026-10-02 19:29:09.064,4.976
2026-10-02 19:29:10.182,5.754
2026-10-02 19:29:11.290,4.869
2026-10-02 19:29:12.393,6.176
2026-10-02 19:29:13.476,5.756
2026-10-02 19:29:14.564,5.337
2026-10-02 19:29:15.618,6.932
2026-10-02 19:29:16.771,6.313
2026-10-02 19:29:17.882,5.579
2026-10-02 19:29:19.013,5.469
2026-10-02 19:29:20.087,6.449
2026-10-02 19:29:21.216,6.199
2026-10-02 19:29:22.330,5.702
2026-10-02 19:29:23.458,6.713
2026-10-02 19:29:24.585,5.321
2026-10-02 19:29:25.651,5.662
2026-10-02 19:29:26.770,5.896
2026-10-02 19:29:27.862,5.932
2026-10-02 19:29:28.963,6.412
2026-10-02 19:29:30.075,6.340
2026-10-02 19:29:31.175,5.382
2026-10-02 19:29:32.290,6.316
2026-10-02 19:29:33.457,6.177
2026-10-02 19:29:34.567,5.562
2026-10-02 19:29:35.683,6.330
2026-10-02 19:29:36.765,5.770
2026-10-02 19:29:37.843,6.540
2026-10-02 19:29:38.962,5.655
2026-10-02 19:29:40.053,5.724
2026-10-02 19:29:41.138,5.823
2026-10-02 19:29:42.212,5.745
2026-10-02 19:29:43.321,5.673
2026-10-02 19:29:44.452,5.307
2026-10-02 19:29:45.546,6.695
2026-10-02 19:29:46.638,5.781
2026-10-02 19:29:47.736,5.635
2026-10-02 19:29:48.853,6.890
2026-10-02 19:29:50.001,6.412
2026-10-02 19:29:51.100,5.794
2026-10-02 19:29:52.200,6.361
2026-10-02 19:29:53.277,5.814
2026-10-02 19:29:54.382,5.607
2026-10-02 19:29:55.482,6.176
2026-10-02 19:29:56.543,5.493
2026-10-02 19:29:57.672,6.104
2026-10-02 19:29:58.780,5.812
2026-10-02 19:29:59.894,5.952
2026-10-02 19:30:00.985,6.602
2026-10-02 19:30:02.087,5.903
2026-10-02 19:30:03.190,6.386
2026-10-02 19:30:04.311,5.011
2026-10-02 19:30:05.431,6.824
2026-10-02 19:30:06.506,5.763
2026-10-02 19:30:07.578,5.556
2026-10-02 19:30:08.696,6.573
2026-10-02 19:30:09.799,5.204
2026-10-02 19:30:10.949,6.488
2026-10-02 19:30:12.049,6.602
2026-10-02 19:30:13.140,5.729
2026-10-02 19:30:14.238,5.626
2026-10-02 19:30:15.336,5.382
2026-10-02 19:30:16.485,6.135
2026-10-02 19:30:17.582,5.520
2026-10-02 19:30:18.661,5.600
2026-10-02 19:30:19.757,5.692
2026-10-02 19:30:20.882,5.750
2026-10-02 19:30:21.962,5.640
2026-10-02 19:30:23.045,5.874
2026-10-02 19:30:24.154,6.344
2026-10-02 19:30:25.237,5.710
2026-10-02 19:30:26.336,6.946
2026-10-02 19:30:27.403,4.998
2026-10-02 19:30:28.553,5.879
2026-10-02 19:30:29.627,6.126
2026-10-02 19:30:30.766,6.568
2026-10-02 19:30:31.880,5.159
2026-10-02 19:30:32.976,5.599
2026-10-02 19:30:34.087,6.529
2026-10-02 19:30:35.209,5.859
2026-10-02 19:30:36.321,6.824
2026-10-02 19:30:37.470,6.383
2026-10-02 19:30:38.587,5.772
2026-10-02 19:30:39.819,6.074
2026-10-02 19:30:40.934,5.809
2026-10-02 19:30:42.054,5.312
2026-10-02 19:30:43.185,6.220
2026-10-02 19:30:44.301,6.780
2026-10-02 19:30:45.431,5.799
2026-10-02 19:30:46.510,5.845
2026-10-02 19:30:47.621,5.499
2026-10-02 19:30:48.751,5.199
2026-10-02 19:30:49.876,6.209
2026-10-02 19:30:51.006,6.903
2026-10-02 19:30:52.082,6.246
2026-10-02 19:30:53.170,7.134
2026-10-02 19:30:54.286,6.893
2026-10-02 19:30:55.381,5.783
2026-10-02 19:30:56.469,6.504
2026-10-02 19:30:57.537,5.729
2026-10-02 19:30:58.614,5.848
2026-10-02 19:30:59.726,6.649
2026-10-02 19:31:00.815,4.912
2026-10-02 19:31:01.961,7.092
2026-10-02 19:31:03.053,6.397
2026-10-02 19:31:04.140,5.616
2026-10-02 19:31:05.254,6.744
2026-10-02 19:31:06.362,5.424
2026-10-02 19:31:07.449,6.459
2026-10-02 19:31:08.535,6.370
2026-10-02 19:31:09.664,6.151
2026-10-02 19:31:10.783,4.987
2026-10-02 19:31:11.907,6.662
2026-10-02 19:31:13.103,6.194
2026-10-02 19:31:14.208,6.907
2026-10-02 19:31:15.322,5.866
2026-10-02 19:31:16.394,6.894
2026-10-02 19:31:17.506,5.193
2026-10-02 19:31:18.582,5.802
2026-10-02 19:31:19.671,7.135
2026-10-02 19:31:20.785,5.565
2026-10-02 19:31:21.916,4.960
2026-10-02 19:31:23.024,6.444
2026-10-02 19:31:24.141,6.389
2026-10-02 19:31:25.235,5.816
2026-10-02 19:31:26.340,6.414
2026-10-02 19:31:27.446,6.290
2026-10-02 19:31:28.509,5.887
2026-10-02 19:31:29.585,5.674
2026-10-02 19:31:30.677,6.996
2026-10-02 19:31:31.782,5.611
2026-10-02 19:31:32.853,6.121
2026-10-02 19:31:33.971,6.167
2026-10-02 19:31:35.074,5.404
2026-10-02 19:31:36.156,5.160
2026-10-02 19:31:37.248,6.892
2026-10-02 19:31:38.364,5.129
2026-10-02 19:31:39.460,6.802
2026-10-02 19:31:40.584,5.916
2026-10-02 19:31:41.663,6.249
2026-10-02 19:31:42.745,6.668
2026-10-02 19:31:43.861,6.608
2026-10-02 19:31:45.007,6.158
2026-10-02 19:31:46.127,6.180
2026-10-02 19:31:47.258,5.734
2026-10-02 19:31:48.352,5.658
2026-10-02 19:31:49.504,5.069
2026-10-02 19:31:50.626,6.900
2026-10-02 19:31:51.715,5.350
2026-10-02 19:31:52.813,5.243
2026-10-02 19:31:53.952,6.326
2026-10-02 19:31:55.053,6.095
2026-10-02 19:31:56.156,6.312
2026-10-02 19:31:57.284,6.293
2026-10-02 19:31:58.446,6.378
2026-10-02 19:31:59.504,6.546
2026-10-02 19:32:00.590,5.556
2026-10-02 19:32:01.664,7.285
2026-10-02 19:32:02.733,5.653
2026-10-02 19:32:03.830,6.316
2026-10-02 19:32:04.961,5.518
2026-10-02 19:32:06.168,6.099
2026-10-02 19:32:07.292,6.124
2026-10-02 19:32:08.371,6.484
2026-10-02 19:32:09.435,5.169
2026-10-02 19:32:10.550,6.110
2026-10-02 19:32:11.655,6.357
2026-10-02 19:32:12.758,6.910
2026-10-02 19:32:13.837,5.741
2026-10-02 19:32:14.898,7.038
2026-10-02 19:32:15.983,5.630
2026-10-02 19:32:17.108,4.854
2026-10-02 19:32:18.194,6.815
2026-10-02 19:32:19.255,6.627
2026-10-02 19:32:20.355,5.116
2026-10-02 19:32:21.459,6.120
2026-10-02 19:32:22.557,6.975
2026-10-02 19:32:23.795,6.275
2026-10-02 19:32:24.852,5.976
2026-10-02 19:32:25.952,6.492
2026-10-02 19:32:27.080,6.154
2026-10-02 19:32:28.155,5.270
2026-10-02 19:32:29.232,6.188
2026-10-02 19:32:30.288,6.052
2026-10-02 19:32:31.449,7.365
2026-10-02 19:32:32.593,5.090
2026-10-02 19:32:33.725,5.697
2026-10-02 19:32:34.815,6.777
2026-10-02 19:32:35.889,6.050
2026-10-02 19:32:36.975,5.586
2026-10-02 19:32:38.102,5.617
2026-10-02 19:32:39.204,6.188
2026-10-02 19:32:40.263,5.282
2026-10-02 19:32:41.346,6.697
2026-10-02 19:32:42.425,6.589
2026-10-02 19:32:43.518,5.797
2026-10-02 19:32:44.635,6.390
2026-10-02 19:32:45.766,6.945
2026-10-02 19:32:46.880,6.495
2026-10-02 19:32:47.989,5.217
2026-10-02 19:32:49.099,5.531
2026-10-02 19:32:50.164,5.507
2026-10-02 19:32:51.260,6.225
2026-10-02 19:32:52.385,5.502
2026-10-02 19:32:53.461,6.783
2026-10-02 19:32:54.555,6.460
2026-10-02 19:32:55.618,5.624
2026-10-02 19:32:56.699,6.367
2026-10-02 19:32:57.768,6.153
2026-10-02 19:32:58.886,5.594
2026-10-02 19:32:59.999,5.477
2026-10-02 19:33:01.138,5.690
2026-10-02 19:33:02.257,5.545
2026-10-02 19:33:03.395,5.073
2026-10-02 19:33:04.528,6.309
2026-10-02 19:33:05.645,5.621
2026-10-02 19:33:06.792,6.695
2026-10-02 19:33:07.870,6.498
2026-10-02 19:33:09.026,5.059
2026-10-02 19:33:10.123,6.879
2026-10-02 19:33:11.203,5.079
2026-10-02 19:33:12.295,5.544
2026-10-02 19:33:13.376,6.738
2026-10-02 19:33:14.485,5.459
2026-10-02 19:33:15.627,5.600
2026-10-02 19:33:16.728,6.388
2026-10-02 19:33:17.821,6.225
2026-10-02 19:33:18.903,5.085
2026-10-02 19:33:20.017,5.758
2026-10-02 19:33:21.119,5.875
2026-10-02 19:33:22.236,5.047
2026-10-02 19:33:23.327,6.744
2026-10-02 19:33:24.410,5.374
2026-10-02 19:33:25.506,5.607
2026-10-02 19:33:26.570,5.723
2026-10-02 19:33:27.704,5.823
2026-10-02 19:33:28.833,5.360
2026-10-02 19:33:29.949,5.845
2026-10-02 19:33:31.026,5.931
2026-10-02 19:33:32.104,6.656
2026-10-02 19:33:33.223,5.508
2026-10-02 19:33:34.347,5.688
2026-10-02 19:33:35.432,6.233
2026-10-02 19:33:36.564,4.814
2026-10-02 19:33:37.659,6.408
2026-10-02 19:33:38.737,5.674
2026-10-02 19:33:39.869,6.845
2026-10-02 19:33:41.034,5.888
2026-10-02 19:33:42.214,5.840
2026-10-02 19:33:43.435,6.389
2026-10-02 19:33:44.549,5.725
2026-10-02 19:33:45.627,5.506
2026-10-02 19:33:46.716,5.859
2026-10-02 19:33:47.794,5.138
2026-10-02 19:33:48.939,5.907
2026-10-02 19:33:50.040,6.511
2026-10-02 19:33:51.129,6.289
2026-10-02 19:33:52.216,5.165
2026-10-02 19:33:53.332,5.914
2026-10-02 19:33:54.444,5.834
2026-10-02 19:33:55.585,5.432
2026-10-02 19:33:56.643,7.036
2026-10-02 19:33:57.728,5.987
2026-10-02 19:33:58.805,5.684
2026-10-02 19:33:59.900,6.431
2026-10-02 19:34:01.029,5.867
2026-10-02 19:34:02.112,5.781
2026-10-02 19:34:03.234,5.550
2026-10-02 19:34:04.318,6.960
2026-10-02 19:34:05.394,5.226
2026-10-02 19:34:06.532,5.293
2026-10-02 19:34:07.628,5.617
2026-10-02 19:34:08.705,5.540
2026-10-02 19:34:09.780,6.706
2026-10-02 19:34:10.855,6.474
2026-10-02 19:34:11.985,5.163
2026-10-02 19:34:13.071,5.837
2026-10-02 19:34:14.263,6.702
2026-10-02 19:34:15.473,5.668
2026-10-02 19:34:16.615,6.568
2026-10-02 19:34:17.741,6.267
2026-10-02 19:34:18.845,5.479
2026-10-02 19:34:20.010,5.696
2026-10-02 19:34:21.137,5.647
2026-10-02 19:34:22.259,6.804
2026-10-02 19:34:23.397,5.823
2026-10-02 19:34:24.564,5.503
2026-10-02 19:34:25.702,5.796
2026-10-02 19:34:26.790,5.866
2026-10-02 19:34:27.856,5.836
2026-10-02 19:34:28.958,6.689
2026-10-02 19:34:30.039,6.188
2026-10-02 19:34:31.129,5.880
2026-10-02 19:34:32.246,6.629
2026-10-02 19:34:33.374,5.331
2026-10-02 19:34:34.495,5.834
2026-10-02 19:34:35.589,6.715
2026-10-02 19:34:36.727,5.134
2026-10-02 19:34:37.804,5.823
2026-10-02 19:34:38.887,6.417
2026-10-02 19:34:39.971,5.534
2026-10-02 19:34:41.082,5.704
2026-10-02 19:34:42.167,6.107
2026-10-02 19:34:43.319,6.242
2026-10-02 19:34:44.423,6.275
2026-10-02 19:34:45.508,5.751
2026-10-02 19:34:46.587,6.208
2026-10-02 19:34:47.725,5.866
2026-10-02 19:34:48.812,5.803
2026-10-02 19:34:49.899,5.635
2026-10-02 19:34:50.976,6.669
2026-10-02 19:34:52.110,6.145
2026-10-02 19:34:53.269,5.085
2026-10-02 19:34:54.394,7.771
2026-10-02 19:34:55.520,5.889
2026-10-02 19:34:56.665,5.747
2026-10-02 19:34:57.834,5.807
2026-10-02 19:34:58.966,5.277
2026-10-02 19:35:00.093,6.429
2026-10-02 19:35:01.248,5.521
2026-10-02 19:35:02.343,6.691
2026-10-02 19:35:03.504,6.105
2026-10-02 19:35:04.665,5.656
2026-10-02 19:35:05.785,5.860
2026-10-02 19:35:06.940,6.921
2026-10-02 19:35:08.048,5.275
2026-10-02 19:35:09.117,5.020
2026-10-02 19:35:10.191,6.744
2026-10-02 19:35:11.279,5.784
2026-10-02 19:35:12.365,4.994
2026-10-02 19:35:13.436,6.683
2026-10-02 19:35:14.541,6.204
2026-10-02 19:35:15.666,6.186
2026-10-02 19:35:16.821,5.106
2026-10-02 19:35:17.892,6.736
2026-10-02 19:35:18.979,5.644
2026-10-02 19:35:20.070,6.523
2026-10-02 19:35:21.147,5.839
2026-10-02 19:35:22.302,6.389
2026-10-02 19:35:23.389,4.993
2026-10-02 19:35:24.482,4.968
2026-10-02 19:35:25.591,6.180
2026-10-02 19:35:26.683,6.202
2026-10-02 19:35:27.777,5.222
2026-10-02 19:35:28.838,6.402
2026-10-02 19:35:29.955,5.688
2026-10-02 19:35:31.063,5.291
2026-10-02 19:35:32.175,5.904
2026-10-02 19:35:33.299,6.359
2026-10-02 19:35:34.388,5.360
2026-10-02 19:35:35.521,5.028
2026-10-02 19:35:36.595,6.531
2026-10-02 19:35:37.837,6.117
2026-10-02 19:35:38.922,6.255
2026-10-02 19:35:40.072,5.582
2026-10-02 19:35:41.178,7.063
2026-10-02 19:35:42.286,6.775
2026-10-02 19:35:43.415,5.743
2026-10-02 19:35:44.535,5.976
2026-10-02 19:35:45.665,6.134
2026-10-02 19:35:46.799,5.913
2026-10-02 19:35:47.907,5.857
2026-10-02 19:35:48.999,6.211
2026-10-02 19:35:50.081,6.941
2026-10-02 19:35:51.160,6.807
2026-10-02 19:35:52.298,5.153
2026-10-02 19:35:53.409,7.092
2026-10-02 19:35:54.549,5.710
2026-10-02 19:35:55.635,5.607
2026-10-02 19:35:56.785,6.160
2026-10-02 19:35:58.012,6.636
2026-10-02 19:35:59.109,5.491
2026-10-02 19:36:00.172,6.289
2026-10-02 19:36:01.317,5.207
2026-10-02 19:36:02.432,5.665
2026-10-02 19:36:03.506,6.623
2026-10-02 19:36:04.584,6.985
2026-10-02 19:36:05.671,5.829
2026-10-02 19:36:06.783,6.517
2026-10-02 19:36:07.985,6.137
2026-10-02 19:36:09.139,6.602
2026-10-02 19:36:10.298,5.076
2026-10-02 19:36:11.448,6.752
2026-10-02 19:36:12.642,6.633
2026-10-02 19:36:13.726,5.606
2026-10-02 19:36:14.865,5.848
2026-10-02 19:36:15.966,6.483
2026-10-02 19:36:17.086,5.783
2026-10-02 19:36:18.188,5.089
2026-10-02 19:36:19.333,6.231
2026-10-02 19:36:20.473,6.972
2026-10-02 19:36:21.560,5.496
2026-10-02 19:36:22.636,6.747
2026-10-02 19:36:23.754,7.353
2026-10-02 19:36:24.901,5.350
2026-10-02 19:36:25.981,6.825
2026-10-02 19:36:27.081,5.181
2026-10-02 19:36:28.205,6.293
2026-10-02 19:36:29.292,5.251
2026-10-02 19:36:30.366,5.069
2026-10-02 19:36:31.469,5.170
2026-10-02 19:36:32.560,6.789
2026-10-02 19:36:33.680,6.351
2026-10-02 19:36:34.803,5.897
2026-10-02 19:36:35.888,6.348
2026-10-02 19:36:36.978,6.976
2026-10-02 19:36:38.152,5.906
2026-10-02 19:36:39.301,5.287
2026-10-02 19:36:40.427,4.937
2026-10-02 19:36:41.557,6.901
2026-10-02 19:36:42.633,5.911
2026-10-02 19:36:43.700,6.132
2026-10-02 19:36:44.800,6.470
2026-10-02 19:36:45.883,6.425
2026-10-02 19:36:46.958,5.773
2026-10-02 19:36:48.047,5.160
2026-10-02 19:36:49.232,6.643
2026-10-02 19:36:50.411,6.891
2026-10-02 19:36:51.538,5.924
2026-10-02 19:36:52.704,4.929
2026-10-02 19:36:53.857,5.716
2026-10-02 19:36:54.984,5.360
2026-10-02 19:36:56.096,6.521
2026-10-02 19:36:57.225,5.891
2026-10-02 19:36:58.354,6.953
2026-10-02 19:36:59.545,5.228
2026-10-02 19:37:00.712,5.307
2026-10-02 19:37:01.823,5.772
2026-10-02 19:37:02.950,6.161
2026-10-02 19:37:04.032,6.067
2026-10-02 19:37:05.159,5.723
2026-10-02 19:37:06.238,6.990
2026-10-02 19:37:07.322,6.342
2026-10-02 19:37:08.420,5.856
2026-10-02 19:37:09.533,6.360
2026-10-02 19:37:10.657,6.202
2026-10-02 19:37:11.782,5.786
2026-10-02 19:37:12.915,6.675
2026-10-02 19:37:14.061,5.559
2026-10-02 19:37:15.219,5.972
2026-10-02 19:37:16.400,6.192
2026-10-02 19:37:17.536,6.954
2026-10-02 19:37:18.707,5.766
2026-10-02 19:37:19.875,5.571
2026-10-02 19:37:21.047,5.880
2026-10-02 19:37:22.193,6.857
2026-10-02 19:37:23.310,5.224
2026-10-02 19:37:24.417,6.818
2026-10-02 19:37:25.502,5.370
2026-10-02 19:37:26.596,5.504
2026-10-02 19:37:27.672,4.996
2026-10-02 19:37:28.752,5.741
2026-10-02 19:37:29.828,5.565
2026-10-02 19:37:31.019,5.525
2026-10-02 19:37:32.082,6.851
2026-10-02 19:37:33.266,6.879
2026-10-02 19:37:34.349,5.362
2026-10-02 19:37:35.465,6.224
2026-10-02 19:37:36.592,6.628
2026-10-02 19:37:37.691,6.164
2026-10-02 19:37:38.834,4.849
2026-10-02 19:37:39.946,7.076
2026-10-02 19:37:41.056,6.696
2026-10-02 19:37:42.159,5.675
2026-10-02 19:37:43.249,5.281
2026-10-02 19:37:44.364,6.414
2026-10-02 19:37:45.450,5.139
2026-10-02 19:37:46.583,6.569
2026-10-02 19:37:47.716,5.385
2026-10-02 19:37:48.791,6.213
2026-10-02 19:37:49.933,6.620
2026-10-02 19:37:51.044,6.381
2026-10-02 19:37:52.143,5.216
2026-10-02 19:37:53.239,6.295
2026-10-02 19:37:54.339,7.106
2026-10-02 19:37:55.427,5.608
2026-10-02 19:37:56.541,6.071
2026-10-02 19:37:57.681,5.673
2026-10-02 19:37:58.774,6.094
2026-10-02 19:37:59.875,5.391
2026-10-02 19:38:00.969,6.908
2026-10-02 19:38:02.045,5.850
2026-10-02 19:38:03.122,6.390
2026-10-02 19:38:04.205,5.283
2026-10-02 19:38:05.303,5.877
2026-10-02 19:38:06.405,6.894
2026-10-02 19:38:07.518,5.312
2026-10-02 19:38:08.821,4.912
2026-10-02 19:38:09.935,6.586
2026-10-02 19:38:11.036,5.589
2026-10-02 19:38:12.157,6.088
2026-10-02 19:38:13.293,5.761
2026-10-02 19:38:14.512,6.288
2026-10-02 19:38:15.683,5.628
2026-10-02 19:38:16.850,5.846
2026-10-02 19:38:17.988,5.135
2026-10-02 19:38:19.093,5.445
2026-10-02 19:38:20.221,5.061
2026-10-02 19:38:21.363,5.930
2026-10-02 19:38:22.479,6.286
2026-10-02 19:38:23.551,6.904
2026-10-02 19:38:24.666,5.717
2026-10-02 19:38:25.745,6.408
2026-10-02 19:38:26.811,6.450
2026-10-02 19:38:27.939,5.692
2026-10-02 19:38:29.071,6.168
2026-10-02 19:38:30.185,6.236
2026-10-02 19:38:31.293,5.657
2026-10-02 19:38:32.405,5.858
2026-10-02 19:38:33.464,5.657
2026-10-02 19:38:34.564,5.868
2026-10-02 19:38:35.653,5.106
2026-10-02 19:38:36.752,7.091
2026-10-02 19:38:37.836,6.134
2026-10-02 19:38:38.933,6.436
2026-10-02 19:38:40.000,6.263
2026-10-02 19:38:41.096,5.399
2026-10-02 19:38:42.251,6.084
2026-10-02 19:38:43.320,6.886
2026-10-02 19:38:44.450,5.133
2026-10-02 19:38:45.673,6.440
2026-10-02 19:38:46.780,5.761
2026-10-02 19:38:47.914,6.455
2026-10-02 19:38:49.071,6.909
2026-10-02 19:38:50.234,5.858
2026-10-02 19:38:51.337,6.255
2026-10-02 19:38:52.488,6.510
2026-10-02 19:38:53.589,5.935
2026-10-02 19:38:54.683,5.108
2026-10-02 19:38:55.773,6.402
2026-10-02 19:38:56.889,5.151
2026-10-02 19:38:58.011,6.978
2026-10-02 19:38:59.137,7.107
2026-10-02 19:39:00.287,5.189
2026-10-02 19:39:01.436,5.563
2026-10-02 19:39:02.512,5.684
2026-10-02 19:39:03.574,5.620
2026-10-02 19:39:04.690,6.218
2026-10-02 19:39:05.780,5.612
2026-10-02 19:39:06.888,6.369
2026-10-02 19:39:07.974,6.652
2026-10-02 19:39:09.099,5.657
2026-10-02 19:39:10.193,6.331
2026-10-02 19:39:11.305,6.616
2026-10-02 19:39:12.435,5.883
2026-10-02 19:39:13.563,6.634
2026-10-02 19:39:14.674,5.456
2026-10-02 19:39:15.763,6.171
2026-10-02 19:39:16.856,6.789
2026-10-02 19:39:17.966,5.686
2026-10-02 19:39:19.125,5.675
2026-10-02 19:39:20.234,6.521
2026-10-02 19:39:21.326,5.519
2026-10-02 19:39:22.547,6.762
2026-10-02 19:39:23.701,5.773
2026-10-02 19:39:24.840,6.233
2026-10-02 19:39:25.933,5.547
2026-10-02 19:39:27.095,5.655
2026-10-02 19:39:28.233,5.828
2026-10-02 19:39:29.323,5.299
2026-10-02 19:39:30.412,6.043
2026-10-02 19:39:31.514,5.494
2026-10-02 19:39:32.588,5.846
2026-10-02 19:39:33.667,6.654
2026-10-02 19:39:34.733,6.403
2026-10-02 19:39:35.880,4.984
2026-10-02 19:39:37.049,5.510
2026-10-02 19:39:38.120,6.798
2026-10-02 19:39:39.206,5.559
2026-10-02 19:39:40.288,5.510
2026-10-02 19:39:41.361,6.835
2026-10-02 19:39:42.483,5.863
2026-10-02 19:39:43.640,4.978
2026-10-02 19:39:44.755,5.739
2026-10-02 19:39:45.904,6.724
2026-10-02 19:39:47.006,5.681
2026-10-02 19:39:48.082,6.229
2026-10-02 19:39:49.180,4.919
2026-10-02 19:39:50.291,5.643
2026-10-02 19:39:51.362,6.866
2026-10-02 19:39:52.458,5.802
2026-10-02 19:39:53.601,6.517
2026-10-02 19:39:54.701,6.933
2026-10-02 19:39:55.807,5.548
2026-10-02 19:39:57.035,6.609
2026-10-02 19:39:58.116,5.288
2026-10-02 19:39:59.230,6.161
2026-10-02 19:40:00.369,5.580
2026-10-02 19:40:01.507,5.467
2026-10-02 19:40:02.662,5.846
2026-10-02 19:40:03.819,5.781
2026-10-02 19:40:04.963,5.930
2026-10-02 19:40:06.135,5.615
2026-10-02 19:40:07.277,6.279
2026-10-02 19:40:08.447,6.619
2026-10-02 19:40:09.547,4.956
2026-10-02 19:40:10.647,6.678
2026-10-02 19:40:11.752,6.183
2026-10-02 19:40:12.860,5.110
2026-10-02 19:40:13.936,5.912
2026-10-02 19:40:15.021,5.751
2026-10-02 19:40:16.105,5.314
2026-10-02 19:40:17.210,7.145
2026-10-02 19:40:18.345,5.575
2026-10-02 19:40:19.458,5.683
2026-10-02 19:40:20.548,5.845
2026-10-02 19:40:21.628,6.896
2026-10-02 19:40:22.731,5.589
2026-10-02 19:40:23.850,6.076
2026-10-02 19:40:24.978,5.598
2026-10-02 19:40:26.094,6.664
2026-10-02 19:40:27.199,6.355
2026-10-02 19:40:28.312,6.141
2026-10-02 19:40:29.477,5.807
2026-10-02 19:40:30.631,5.907
2026-10-02 19:40:31.744,6.267
2026-10-02 19:40:32.897,4.956
2026-10-02 19:40:34.023,5.660
2026-10-02 19:40:35.129,6.312
2026-10-02 19:40:36.191,5.607
2026-10-02 19:40:37.273,6.392
2026-10-02 19:40:38.352,6.959
2026-10-02 19:40:39.465,5.741
2026-10-02 19:40:40.579,7.224
2026-10-02 19:40:41.724,6.042
2026-10-02 19:40:42.902,6.211
2026-10-02 19:40:43.974,5.624
2026-10-02 19:40:45.063,5.143
2026-10-02 19:40:46.120,6.386
2026-10-02 19:40:47.264,6.364
2026-10-02 19:40:48.381,5.752
2026-10-02 19:40:49.480,6.634
2026-10-02 19:40:50.684,5.198
2026-10-02 19:40:51.795,5.834
2026-10-02 19:40:52.926,5.955
2026-10-02 19:40:54.071,6.632
2026-10-02 19:40:55.195,6.114
2026-10-02 19:40:56.276,6.124
2026-10-02 19:40:57.377,5.666
2026-10-02 19:40:58.456,5.847
2026-10-02 19:40:59.533,6.719
2026-10-02 19:41:00.621,6.898
2026-10-02 19:41:01.768,5.884
2026-10-02 19:41:02.927,6.418
2026-10-02 19:41:04.075,5.877
2026-10-02 19:41:05.159,6.211
2026-10-02 19:41:06.256,5.554
2026-10-02 19:41:07.368,4.870
2026-10-02 19:41:08.463,6.413
2026-10-02 19:41:09.572,5.129
2026-10-02 19:41:10.645,6.978
2026-10-02 19:41:11.786,6.004
2026-10-02 19:41:12.864,5.541
2026-10-02 19:41:14.003,6.350
2026-10-02 19:41:15.239,5.418
2026-10-02 19:41:16.364,6.097
2026-10-02 19:41:17.429,5.129
2026-10-02 19:41:18.564,6.892
2026-10-02 19:41:19.700,5.240
2026-10-02 19:41:20.859,6.192
2026-10-02 19:41:22.013,5.743
2026-10-02 19:41:23.140,5.612
2026-10-02 19:41:24.243,6.422
2026-10-02 19:41:25.319,6.484
2026-10-02 19:41:26.395,5.150
2026-10-02 19:41:27.477,6.353
2026-10-02 19:41:28.600,6.211
2026-10-02 19:41:29.686,5.810
2026-10-02 19:41:30.794,5.899
2026-10-02 19:41:31.886,6.343
2026-10-02 19:41:32.968,6.484
2026-10-02 19:41:34.091,5.238
2026-10-02 19:41:35.211,5.894
2026-10-02 19:41:36.364,5.657
2026-10-02 19:41:37.489,5.663
2026-10-02 19:41:38.567,5.941
2026-10-02 19:41:39.654,5.686
2026-10-02 19:41:40.736,6.427
2026-10-02 19:41:41.833,7.216
2026-10-02 19:41:42.928,6.910
2026-10-02 19:41:44.079,5.071
2026-10-02 19:41:45.197,6.558
2026-10-02 19:41:46.361,5.747
2026-10-02 19:41:47.439,5.634
2026-10-02 19:41:48.531,6.286
2026-10-02 19:41:49.631,6.150
2026-10-02 19:41:50.749,6.192
2026-10-02 19:41:51.895,5.395
2026-10-02 19:41:53.043,5.273
2026-10-02 19:41:54.154,6.207
2026-10-02 19:41:55.253,6.889
2026-10-02 19:41:56.342,6.430
2026-10-02 19:41:57.452,6.247
2026-10-02 19:41:58.551,6.344
2026-10-02 19:41:59.650,6.357
2026-10-02 19:42:00.729,6.043
2026-10-02 19:42:01.854,5.686
2026-10-02 19:42:02.936,6.122
2026-10-02 19:42:04.044,6.084
2026-10-02 19:42:05.133,6.382
2026-10-02 19:42:06.219,5.095
2026-10-02 19:42:07.301,6.364
2026-10-02 19:42:08.365,6.629
2026-10-02 19:42:09.513,5.434
2026-10-02 19:42:10.666,5.606
2026-10-02 19:42:11.742,5.709
2026-10-02 19:42:12.864,6.617
2026-10-02 19:42:13.991,6.026
2026-10-02 19:42:15.073,6.962
2026-10-02 19:42:16.183,5.962
2026-10-02 19:42:17.275,6.568
2026-10-02 19:42:18.345,5.276
2026-10-02 19:42:19.424,5.957
2026-10-02 19:42:20.517,5.580
2026-10-02 19:42:21.590,5.244
2026-10-02 19:42:22.687,6.687
2026-10-02 19:42:23.817,5.515
2026-10-02 19:42:24.907,7.236
2026-10-02 19:42:25.999,5.688
2026-10-02 19:42:27.077,5.800
2026-10-02 19:42:28.176,6.396
2026-10-02 19:42:29.254,6.340
2026-10-02 19:42:30.340,6.402
2026-10-02 19:42:31.531,5.031
2026-10-02 19:42:32.679,6.048
2026-10-02 19:42:33.790,5.084
2026-10-02 19:42:34.929,6.157
2026-10-02 19:42:36.179,5.838
2026-10-02 19:42:37.290,7.209
2026-10-02 19:42:38.405,5.498
2026-10-02 19:42:39.554,5.224
2026-10-02 19:42:40.658,6.254
2026-10-02 19:42:41.810,6.959
2026-10-02 19:42:42.888,5.599
2026-10-02 19:42:43.963,6.775
2026-10-02 19:42:45.067,6.702
2026-10-02 19:42:46.183,5.555
2026-10-02 19:42:47.270,5.312
2026-10-02 19:42:48.353,6.368
2026-10-02 19:42:49.423,5.138
2026-10-02 19:42:50.539,6.243
2026-10-02 19:42:51.624,6.892
2026-10-02 19:42:52.733,5.358
2026-10-02 19:42:53.829,6.340
2026-10-02 19:42:54.922,6.025
2026-10-02 19:42:56.014,6.043
2026-10-02 19:42:57.107,5.913
2026-10-02 19:42:58.224,5.973
2026-10-02 19:42:59.300,6.030
2026-10-02 19:43:00.371,6.198
2026-10-02 19:43:01.492,7.410
2026-10-02 19:43:02.590,5.520
2026-10-02 19:43:03.730,6.334
2026-10-02 19:43:04.828,5.779
2026-10-02 19:43:05.909,5.343
2026-10-02 19:43:07.032,6.028
2026-10-02 19:43:08.126,6.945
2026-10-02 19:43:09.240,5.805
2026-10-02 19:43:10.391,5.131
2026-10-02 19:43:11.535,6.309
2026-10-02 19:43:12.690,6.399
2026-10-02 19:43:13.797,5.728
2026-10-02 19:43:14.872,7.028
2026-10-02 19:43:15.990,6.222
2026-10-02 19:43:17.081,5.024
2026-10-02 19:43:18.329,5.187
2026-10-02 19:43:19.480,5.235
2026-10-02 19:43:20.589,7.088
2026-10-02 19:43:21.680,5.886
2026-10-02 19:43:22.774,6.924
2026-10-02 19:43:23.847,6.625
2026-10-02 19:43:24.929,5.729
2026-10-02 19:43:26.049,6.656
2026-10-02 19:43:27.190,5.504
2026-10-02 19:43:28.306,5.379
2026-10-02 19:43:29.417,5.962
2026-10-02 19:43:30.516,5.757
2026-10-02 19:43:31.652,5.079
2026-10-02 19:43:32.744,6.437
2026-10-02 19:43:33.818,6.928
2026-10-02 19:43:34.902,5.584
2026-10-02 19:43:36.059,5.831
2026-10-02 19:43:37.167,4.987
2026-10-02 19:43:38.264,5.854
2026-10-02 19:43:39.358,6.050
2026-10-02 19:43:40.435,5.597
2026-10-02 19:43:41.537,5.061
2026-10-02 19:43:42.636,5.621
2026-10-02 19:43:43.761,6.413
2026-10-02 19:43:44.835,6.017
2026-10-02 19:43:45.911,6.869
2026-10-02 19:43:47.020,6.004
2026-10-02 19:43:48.142,5.089
2026-10-02 19:43:49.224,5.049
2026-10-02 19:43:50.283,6.295
2026-10-02 19:43:51.452,6.190
2026-10-02 19:43:52.572,5.243
2026-10-02 19:43:53.721,6.414
2026-10-02 19:43:54.857,5.706
2026-10-02 19:43:55.977,7.131
2026-10-02 19:43:57.147,5.246
2026-10-02 19:43:58.307,6.241
2026-10-02 19:43:59.415,6.599
2026-10-02 19:44:00.596,4.874
2026-10-02 19:44:01.791,6.424
2026-10-02 19:44:02.907,5.055
2026-10-02 19:44:04.123,5.148
2026-10-02 19:44:05.191,6.810
2026-10-02 19:44:06.266,6.335
2026-10-02 19:44:07.375,5.113
2026-10-02 19:44:08.446,7.164
2026-10-02 19:44:09.604,5.699
2026-10-02 19:44:10.718,5.412
2026-10-02 19:44:11.792,6.421
2026-10-02 19:44:12.910,6.109
2026-10-02 19:44:14.011,5.414
2026-10-02 19:44:15.103,5.914
2026-10-02 19:44:16.196,5.620
2026-10-02 19:44:17.281,5.684
2026-10-02 19:44:18.379,6.185
2026-10-02 19:44:19.457,5.740
2026-10-02 19:44:20.532,6.348
2026-10-02 19:44:21.587,5.356
2026-10-02 19:44:22.752,5.602
2026-10-02 19:44:23.928,2.456
2026-10-02 19:44:27.017,2.835
2026-10-02 19:44:28.060,3.795
2026-10-02 19:44:29.108,3.642
2026-10-02 19:44:30.238,2.542
2026-10-02 19:44:31.389,2.481
2026-10-02 19:44:32.431,3.102
2026-10-02 19:44:33.497,3.643
2026-10-02 19:44:34.581,2.896
2026-10-02 19:44:35.694,2.698
2026-10-02 19:44:36.817,2.492
2026-10-02 19:44:37.856,2.477
2026-10-02 19:44:38.921,2.466
