timestamp,power_w
2026-10-01 13:51:37.032,2.812
2026-10-01 13:51:38.091,2.452
2026-10-01 13:51:39.125,3.351
2026-10-01 13:51:40.159,2.950
2026-10-01 13:51:41.193,2.526
2026-10-01 13:51:42.227,3.108
2026-10-01 13:51:43.260,3.285
2026-10-01 13:51:44.294,3.254
2026-10-01 13:51:45.328,3.403
2026-10-01 13:51:46.371,3.479
2026-10-01 13:51:47.412,3.428
2026-10-01 13:51:48.454,3.403
2026-10-01 13:51:49.494,3.441
2026-10-01 13:51:50.529,3.523
2026-10-01 13:51:51.563,3.332
2026-10-01 13:51:52.596,3.263
2026-10-01 13:51:53.621,3.298
2026-10-01 13:51:54.654,3.323
2026-10-01 13:51:55.688,3.517
2026-10-01 13:51:56.721,3.458
2026-10-01 13:51:57.754,3.569
2026-10-01 13:51:58.779,3.401
2026-10-01 13:51:59.813,3.480
2026-10-01 13:52:00.847,3.540
2026-10-01 13:52:01.883,3.472
2026-10-01 13:52:02.918,3.326
2026-10-01 13:52:03.943,3.200
2026-10-01 13:52:04.983,3.311
2026-10-01 13:52:06.024,3.233
2026-10-01 13:52:07.065,3.456
2026-10-01 13:52:08.099,3.452
2026-10-01 13:52:09.123,3.532
2026-10-01 13:52:10.166,3.434
2026-10-01 13:52:11.206,3.548
2026-10-01 13:52:12.240,3.468
2026-10-01 13:52:13.280,3.268
2026-10-01 13:52:14.305,3.341
2026-10-01 13:52:15.339,3.222
2026-10-01 13:52:16.373,3.296
2026-10-01 13:52:17.407,3.250
2026-10-01 13:52:18.440,3.471
2026-10-01 13:52:19.465,3.558
2026-10-01 13:52:20.499,3.757
2026-10-01 13:52:21.549,3.512
2026-10-01 13:52:22.592,3.508
2026-10-01 13:52:23.635,3.480
2026-10-01 13:52:24.660,3.349
2026-10-01 13:52:25.704,3.211
2026-10-01 13:52:26.748,3.248
2026-10-01 13:52:27.795,3.300
2026-10-01 13:52:28.844,3.403
2026-10-01 13:52:29.869,3.462
2026-10-01 13:52:30.907,3.835
2026-10-01 13:52:31.951,3.823
2026-10-01 13:52:32.985,3.442
2026-10-01 13:52:34.018,3.615
2026-10-01 13:52:35.043,3.484
2026-10-01 13:52:36.077,3.361
2026-10-01 13:52:37.110,3.273
2026-10-01 13:52:38.144,3.336
2026-10-01 13:52:39.180,3.188
2026-10-01 13:52:40.204,3.550
2026-10-01 13:52:41.240,3.469
2026-10-01 13:52:42.273,3.463
2026-10-01 13:52:43.306,3.604
2026-10-01 13:52:44.340,3.486
2026-10-01 13:52:45.365,3.441
2026-10-01 13:52:46.398,3.282
2026-10-01 13:52:47.433,3.275
2026-10-01 13:52:48.467,3.357
2026-10-01 13:52:49.500,3.246
2026-10-01 13:52:50.525,3.445
2026-10-01 13:52:51.558,3.523
2026-10-01 13:52:52.595,3.453
2026-10-01 13:52:53.629,3.545
2026-10-01 13:52:54.664,3.476
2026-10-01 13:52:55.689,3.453
2026-10-01 13:52:56.722,3.515
2026-10-01 13:52:57.756,3.355
2026-10-01 13:52:58.789,3.299
2026-10-01 13:52:59.822,3.196
2026-10-01 13:53:00.847,3.357
2026-10-01 13:53:01.885,3.432
2026-10-01 13:53:02.919,3.572
2026-10-01 13:53:03.952,3.406
2026-10-01 13:53:04.983,3.459
2026-10-01 13:53:06.017,3.458
2026-10-01 13:53:07.051,3.579
2026-10-01 13:53:08.084,3.222
2026-10-01 13:53:09.125,3.240
2026-10-01 13:53:10.150,3.271
2026-10-01 13:53:11.183,3.295
2026-10-01 13:53:12.234,3.429
2026-10-01 13:53:13.278,3.622
2026-10-01 13:53:14.322,3.539
2026-10-01 13:53:15.347,3.378
2026-10-01 13:53:16.390,3.528
2026-10-01 13:53:17.434,3.583
2026-10-01 13:53:18.478,3.530
2026-10-01 13:53:19.524,3.324
2026-10-01 13:53:20.549,3.320
2026-10-01 13:53:21.582,3.260
2026-10-01 13:53:22.615,3.253
2026-10-01 13:53:23.649,3.474
2026-10-01 13:53:24.692,3.460
2026-10-01 13:53:25.717,3.503
2026-10-01 13:53:26.750,3.408
2026-10-01 13:53:27.785,3.496
2026-10-01 13:53:28.818,3.448
2026-10-01 13:53:29.852,3.235
2026-10-01 13:53:30.877,3.255
2026-10-01 13:53:31.910,3.260
2026-10-01 13:53:32.944,3.253
2026-10-01 13:53:33.977,3.339
2026-10-01 13:53:35.012,3.570
2026-10-01 13:53:36.037,3.403
2026-10-01 13:53:37.072,3.485
2026-10-01 13:53:38.108,3.456
2026-10-01 13:53:39.142,3.494
2026-10-01 13:53:40.184,3.491
2026-10-01 13:53:41.209,3.289
2026-10-01 13:53:42.242,3.250
2026-10-01 13:53:43.281,3.302
2026-10-01 13:53:44.315,3.253
2026-10-01 13:53:45.349,3.501
2026-10-01 13:53:46.474,3.441
2026-10-01 13:53:47.508,3.450
2026-10-01 13:53:48.542,3.451
2026-10-01 13:53:49.576,3.557
2026-10-01 13:53:50.617,3.458
2026-10-01 13:53:51.743,3.303
2026-10-01 13:53:52.776,3.319
2026-10-01 13:53:53.813,3.253
2026-10-01 13:53:54.848,3.288
2026-10-01 13:53:55.883,3.446
2026-10-01 13:53:57.010,3.464
2026-10-01 13:53:58.144,3.506
2026-10-01 13:53:59.178,3.485
2026-10-01 13:54:00.211,3.538
2026-10-01 13:54:01.245,3.483
2026-10-01 13:54:02.370,4.300
2026-10-01 13:54:03.415,3.282
2026-10-01 13:54:04.460,3.274
2026-10-01 13:54:05.502,3.228
2026-10-01 13:54:06.527,3.278
2026-10-01 13:54:07.570,3.574
2026-10-01 13:54:08.724,3.505
2026-10-01 13:54:09.758,3.404
2026-10-01 13:54:10.791,3.475
2026-10-01 13:54:11.816,3.461
2026-10-01 13:54:12.849,3.531
2026-10-01 13:54:13.885,3.279
2026-10-01 13:54:14.918,3.226
2026-10-01 13:54:15.954,3.275
2026-10-01 13:54:16.978,3.331
2026-10-01 13:54:18.015,3.491
2026-10-01 13:54:19.048,3.472
2026-10-01 13:54:20.083,3.445
2026-10-01 13:54:21.117,3.447
2026-10-01 13:54:22.143,3.536
2026-10-01 13:54:23.178,4.462
2026-10-01 13:54:24.214,3.413
2026-10-01 13:54:25.248,3.385
2026-10-01 13:54:26.283,3.242
2026-10-01 13:54:27.308,3.271
2026-10-01 13:54:28.343,3.262
2026-10-01 13:54:29.376,3.538
2026-10-01 13:54:30.411,3.497
2026-10-01 13:54:31.445,3.388
2026-10-01 13:54:32.471,3.408
2026-10-01 13:54:33.505,3.489
2026-10-01 13:54:34.538,3.449
2026-10-01 13:54:36.328,3.186
2026-10-01 13:54:37.353,3.285
2026-10-01 13:54:38.398,3.241
2026-10-01 13:54:39.443,3.317
2026-10-01 13:54:40.478,3.488
2026-10-01 13:54:41.512,3.526
2026-10-01 13:54:42.537,3.511
2026-10-01 13:54:43.571,3.487
2026-10-01 13:54:44.609,3.492
2026-10-01 13:54:45.643,3.457
2026-10-01 13:54:46.679,3.332
2026-10-01 13:54:47.704,3.300
2026-10-01 13:54:48.737,3.248
2026-10-01 13:54:49.771,3.315
2026-10-01 13:54:50.812,3.413
2026-10-01 13:54:51.846,3.479
2026-10-01 13:54:52.871,3.896
2026-10-01 13:54:53.904,3.358
2026-10-01 13:54:54.940,3.450
2026-10-01 13:54:55.973,3.473
2026-10-01 13:54:57.006,3.480
2026-10-01 13:54:58.031,3.270
2026-10-01 13:54:59.069,3.249
2026-10-01 13:55:00.282,3.293
2026-10-01 13:55:01.318,3.229
2026-10-01 13:55:02.351,3.456
2026-10-01 13:55:03.376,3.495
2026-10-01 13:55:04.410,3.454
2026-10-01 13:55:05.443,3.438
2026-10-01 13:55:06.479,3.557
2026-10-01 13:55:07.512,3.503
2026-10-01 13:55:08.537,3.228
2026-10-01 13:55:09.570,3.214
2026-10-01 13:55:10.613,3.248
2026-10-01 13:55:11.662,3.248
2026-10-01 13:55:12.695,3.635
2026-10-01 13:55:13.719,3.517
2026-10-01 13:55:14.752,3.512
2026-10-01 13:55:15.786,3.389
2026-10-01 13:55:16.819,3.428
2026-10-01 13:55:17.852,3.427
2026-10-01 13:55:18.877,3.458
2026-10-01 13:55:19.910,3.268
2026-10-01 13:55:20.951,3.245
2026-10-01 13:55:21.984,3.335
2026-10-01 13:55:23.018,3.259
2026-10-01 13:55:24.043,3.450
2026-10-01 13:55:25.076,3.499
2026-10-01 13:55:26.109,3.467
2026-10-01 13:55:27.142,3.881
2026-10-01 13:55:28.175,3.488
2026-10-01 13:55:29.200,3.521
2026-10-01 13:55:30.235,3.199
2026-10-01 13:55:31.269,3.303
2026-10-01 13:55:32.304,3.262
2026-10-01 13:55:33.337,3.271
2026-10-01 13:55:34.362,3.406
2026-10-01 13:55:35.395,3.532
2026-10-01 13:55:36.439,3.445
2026-10-01 13:55:37.473,4.094
2026-10-01 13:55:38.506,3.571
2026-10-01 13:55:39.531,3.609
2026-10-01 13:55:40.566,3.500
2026-10-01 13:55:41.598,3.227
2026-10-01 13:55:42.642,3.281
2026-10-01 13:55:43.676,3.316
2026-10-01 13:55:44.708,3.444
2026-10-01 13:55:45.744,3.506
2026-10-01 13:55:46.777,3.495
2026-10-01 13:55:47.817,3.432
2026-10-01 13:55:48.842,3.509
2026-10-01 13:55:49.891,3.499
2026-10-01 13:55:50.936,3.477
2026-10-01 13:55:51.979,3.294
2026-10-01 13:55:53.022,3.199
2026-10-01 13:55:54.047,3.261
2026-10-01 13:55:55.091,3.310
2026-10-01 13:55:56.134,3.518
2026-10-01 13:55:57.177,3.523
2026-10-01 13:55:58.229,3.532
2026-10-01 13:55:59.254,3.475
2026-10-01 13:56:00.292,3.509
2026-10-01 13:56:01.327,3.570
2026-10-01 13:56:02.362,3.511
2026-10-01 13:56:03.397,3.333
2026-10-01 13:56:04.422,3.284
2026-10-01 13:56:05.462,3.253
2026-10-01 13:56:06.497,3.279
2026-10-01 13:56:07.532,3.499
2026-10-01 13:56:08.565,3.494
2026-10-01 13:56:09.589,3.440
2026-10-01 13:56:10.627,3.426
2026-10-01 13:56:11.662,3.582
2026-10-01 13:56:12.695,3.782
2026-10-01 13:56:13.728,3.711
2026-10-01 13:56:14.754,3.660
2026-10-01 13:56:18.386,3.377
2026-10-01 13:56:19.431,3.642
2026-10-01 13:56:20.464,3.322
2026-10-01 13:56:21.540,3.834
2026-10-01 13:56:22.574,3.123
2026-10-01 13:56:23.608,3.157
2026-10-01 13:56:24.643,3.321
2026-10-01 13:56:25.679,3.489
2026-10-01 13:56:26.715,3.288
2026-10-01 13:56:27.752,3.350
2026-10-01 13:56:28.788,4.473
2026-10-01 13:56:29.831,3.496
2026-10-01 13:56:30.868,3.435
2026-10-01 13:56:31.902,3.562
2026-10-01 13:56:32.937,3.673
2026-10-01 13:56:33.974,3.570
2026-10-01 13:56:35.019,3.482
2026-10-01 13:56:36.052,3.430
2026-10-01 13:56:37.085,3.280
2026-10-01 13:56:38.119,3.291
2026-10-01 13:56:39.152,3.421
2026-10-01 13:56:40.184,3.487
2026-10-01 13:56:41.217,3.508
2026-10-01 13:56:42.253,3.575
2026-10-01 13:56:43.286,3.785
2026-10-01 13:56:44.319,3.469
2026-10-01 13:56:45.343,3.732
2026-10-01 13:56:46.385,3.637
2026-10-01 13:56:47.429,3.281
2026-10-01 13:56:48.472,3.371
2026-10-01 13:56:49.533,3.242
2026-10-01 13:56:50.588,3.433
2026-10-01 13:56:51.642,3.615
2026-10-01 13:56:52.705,3.481
2026-10-01 13:56:53.754,3.561
2026-10-01 13:56:54.800,3.403
2026-10-01 13:56:55.854,3.756
2026-10-01 13:56:56.914,3.728
2026-10-01 13:56:57.966,3.308
2026-10-01 13:56:59.004,3.524
2026-10-01 13:57:00.040,3.559
2026-10-01 13:57:01.076,3.571
2026-10-01 13:57:02.112,3.467
2026-10-01 13:57:03.149,3.497
2026-10-01 13:57:04.183,3.522
2026-10-01 13:57:05.318,3.496
2026-10-01 13:57:06.356,3.517
2026-10-01 13:57:07.396,3.466
2026-10-01 13:57:08.431,3.275
2026-10-01 13:57:09.466,3.224
2026-10-01 13:57:10.501,3.333
2026-10-01 13:57:11.538,3.293
2026-10-01 13:57:12.581,3.639
2026-10-01 13:57:13.619,3.549
2026-10-01 13:57:14.660,3.759
2026-10-01 13:57:15.693,3.719
2026-10-01 13:57:16.718,3.539
2026-10-01 13:57:17.753,3.449
2026-10-01 13:57:18.786,3.536
2026-10-01 13:57:19.820,3.556
2026-10-01 13:57:20.856,3.327
2026-10-01 13:57:21.882,3.297
2026-10-01 13:57:22.916,3.810
2026-10-01 13:57:23.953,3.395
2026-10-01 13:57:24.992,3.451
2026-10-01 13:57:26.027,3.502
2026-10-01 13:57:27.052,3.405
2026-10-01 13:57:28.085,3.468
2026-10-01 13:57:29.118,3.519
2026-10-01 13:57:30.158,3.257
2026-10-01 13:57:31.191,3.338
2026-10-01 13:57:32.224,3.299
2026-10-01 13:57:33.258,3.347
2026-10-01 13:57:34.291,3.822
2026-10-01 13:57:35.323,3.480
2026-10-01 13:57:36.348,3.495
2026-10-01 13:57:37.389,3.487
2026-10-01 13:57:38.422,3.474
2026-10-01 13:57:39.457,3.508
2026-10-01 13:57:40.491,3.793
2026-10-01 13:57:41.517,3.314
2026-10-01 13:57:42.551,3.297
2026-10-01 13:57:43.590,3.711
2026-10-01 13:57:44.633,3.268
2026-10-01 13:57:45.667,3.544
2026-10-01 13:57:46.691,3.451
2026-10-01 13:57:47.738,3.685
2026-10-01 13:57:48.782,3.554
2026-10-01 13:57:49.832,3.635
2026-10-01 13:57:50.877,3.829
2026-10-01 13:57:51.923,3.222
2026-10-01 13:57:52.967,3.291
2026-10-01 13:57:54.014,3.257
2026-10-01 13:57:55.058,3.245
2026-10-01 13:57:56.108,3.555
2026-10-01 13:57:57.149,3.484
2026-10-01 13:57:58.190,3.637
2026-10-01 13:57:59.223,3.613
2026-10-01 13:58:00.258,3.518
2026-10-01 13:58:01.296,3.605
2026-10-01 13:58:02.322,3.456
2026-10-01 13:58:03.365,3.317
2026-10-01 13:58:04.404,3.232
2026-10-01 13:58:05.440,3.549
2026-10-01 13:58:06.484,3.577
2026-10-01 13:58:07.509,3.450
2026-10-01 13:58:08.549,3.740
2026-10-01 13:58:09.583,3.493
2026-10-01 13:58:10.616,3.753
2026-10-01 13:58:11.650,3.760
2026-10-01 13:58:12.684,3.494
2026-10-01 13:58:13.719,3.442
2026-10-01 13:58:14.754,3.367
2026-10-01 13:58:15.788,3.319
2026-10-01 13:58:16.832,3.327
2026-10-01 13:58:17.856,3.633
2026-10-01 13:58:18.891,3.524
2026-10-01 13:58:19.926,3.475
2026-10-01 13:58:20.962,3.585
2026-10-01 13:58:21.997,3.746
2026-10-01 13:58:23.022,3.779
2026-10-01 13:58:24.062,3.411
2026-10-01 13:58:25.099,3.274
2026-10-01 13:58:26.133,3.437
2026-10-01 13:58:27.173,3.304
2026-10-01 13:58:28.198,3.257
2026-10-01 13:58:29.232,3.722
2026-10-01 13:58:30.265,3.654
2026-10-01 13:58:31.299,3.538
2026-10-01 13:58:32.339,3.530
2026-10-01 13:58:33.375,3.715
2026-10-01 13:58:34.418,3.502
2026-10-01 13:58:35.458,3.462
2026-10-01 13:58:36.493,3.245
2026-10-01 13:58:37.538,3.226
2026-10-01 13:58:38.575,3.286
2026-10-01 13:58:39.610,3.435
2026-10-01 13:58:40.648,3.782
2026-10-01 13:58:41.683,3.749
2026-10-01 13:58:42.771,3.714
2026-10-01 13:58:43.805,3.512
2026-10-01 13:58:44.839,3.532
2026-10-01 13:58:45.884,3.481
2026-10-01 13:58:46.932,3.288
2026-10-01 13:58:47.984,3.223
2026-10-01 13:58:49.032,3.238
2026-10-01 13:58:50.076,3.323
2026-10-01 13:58:51.121,3.440
2026-10-01 13:58:52.264,3.793
2026-10-01 13:58:53.315,3.421
2026-10-01 13:58:54.359,3.402
2026-10-01 13:58:55.416,3.470
2026-10-01 13:58:56.452,3.494
2026-10-01 13:58:57.485,3.632
2026-10-01 13:58:58.510,3.239
2026-10-01 13:58:59.545,3.397
2026-10-01 13:59:00.585,3.311
2026-10-01 13:59:01.621,3.560
2026-10-01 13:59:02.659,3.524
2026-10-01 13:59:03.694,3.818
2026-10-01 13:59:04.729,3.567
2026-10-01 13:59:05.772,3.641
2026-10-01 13:59:06.806,3.603
2026-10-01 13:59:07.839,3.450
2026-10-01 13:59:08.876,3.316
2026-10-01 13:59:09.915,3.245
2026-10-01 13:59:10.949,3.607
2026-10-01 13:59:13.003,2.838
2026-10-01 13:59:14.051,2.581
2026-10-01 13:59:15.086,3.277
2026-10-01 13:59:16.126,3.344
2026-10-01 13:59:17.163,2.795
2026-10-01 13:59:18.202,4.159
2026-10-01 13:59:19.240,4.660
2026-10-01 13:59:20.278,3.359
2026-10-01 13:59:21.314,3.343
2026-10-01 13:59:22.350,3.232
2026-10-01 13:59:23.386,3.229
2026-10-01 13:59:24.423,3.526
2026-10-01 13:59:25.462,3.474
2026-10-01 13:59:26.506,4.150
2026-10-01 13:59:27.543,3.551
2026-10-01 13:59:28.577,3.560
2026-10-01 13:59:29.603,3.443
2026-10-01 13:59:30.637,3.281
2026-10-01 13:59:31.671,3.295
2026-10-01 13:59:32.712,3.392
2026-10-01 13:59:33.746,3.417
2026-10-01 13:59:34.781,3.666
2026-10-01 13:59:35.819,3.537
2026-10-01 13:59:36.855,3.528
2026-10-01 13:59:37.897,3.742
2026-10-01 13:59:38.932,3.696
2026-10-01 13:59:39.966,3.632
2026-10-01 13:59:40.999,3.504
2026-10-01 13:59:42.034,3.623
2026-10-01 13:59:43.090,3.419
2026-10-01 13:59:44.145,3.410
2026-10-01 13:59:45.171,3.288
2026-10-01 13:59:46.215,3.550
2026-10-01 13:59:47.263,3.515
2026-10-01 13:59:48.308,3.465
2026-10-01 13:59:49.353,3.601
2026-10-01 13:59:50.380,3.664
2026-10-01 13:59:51.425,4.024
2026-10-01 13:59:52.470,3.414
2026-10-01 13:59:53.515,3.431
2026-10-01 13:59:54.550,3.368
2026-10-01 13:59:55.585,3.270
2026-10-01 13:59:56.624,3.800
2026-10-01 13:59:57.659,3.477
2026-10-01 13:59:58.695,3.516
2026-10-01 13:59:59.722,3.549
2026-10-01 14:00:00.757,3.638
2026-10-01 14:00:01.792,3.516
2026-10-01 14:00:02.827,3.521
2026-10-01 14:00:03.864,3.443
2026-10-01 14:00:04.899,3.360
2026-10-01 14:00:05.935,3.575
2026-10-01 14:00:06.970,3.418
2026-10-01 14:00:08.010,3.823
2026-10-01 14:00:09.048,3.670
2026-10-01 14:00:10.082,3.615
2026-10-01 14:00:11.118,3.557
2026-10-01 14:00:12.154,3.633
2026-10-01 14:00:13.198,3.626
2026-10-01 14:00:14.236,3.641
2026-10-01 14:00:15.263,3.423
2026-10-01 14:00:16.300,3.578
2026-10-01 14:00:17.336,3.484
2026-10-01 14:00:18.372,3.574
2026-10-01 14:00:19.409,3.804
2026-10-01 14:00:20.436,3.623
2026-10-01 14:00:21.473,3.504
2026-10-01 14:00:22.509,3.548
2026-10-01 14:00:23.546,3.860
2026-10-01 14:00:24.582,3.637
2026-10-01 14:00:25.610,3.456
2026-10-01 14:00:26.647,3.475
2026-10-01 14:00:27.686,3.441
2026-10-01 14:00:28.734,3.367
2026-10-01 14:00:29.771,3.612
2026-10-01 14:00:30.797,3.625
2026-10-01 14:00:31.831,3.681
2026-10-01 14:00:32.867,3.529
2026-10-01 14:00:33.901,3.502
2026-10-01 14:00:34.937,3.801
2026-10-01 14:00:35.963,2.406
2026-10-01 14:00:36.997,3.736
2026-10-01 14:00:38.053,3.042
2026-10-01 14:00:39.089,3.696
2026-10-01 14:00:40.122,3.825
2026-10-01 14:00:41.147,3.939
2026-10-01 14:00:42.209,3.840
2026-10-01 14:00:43.268,3.890
2026-10-01 14:00:44.319,3.917
2026-10-01 14:00:45.368,3.929
2026-10-01 14:00:46.433,3.907
2026-10-01 14:00:47.495,3.741
2026-10-01 14:00:48.551,3.743
2026-10-01 14:00:49.615,3.656
2026-10-01 14:00:50.672,3.712
2026-10-01 14:00:51.746,3.974
2026-10-01 14:00:52.795,3.940
2026-10-01 14:00:53.828,3.919
2026-10-01 14:00:54.862,3.901
2026-10-01 14:00:55.896,3.879
2026-10-01 14:00:56.921,3.875
2026-10-01 14:00:57.957,3.706
2026-10-01 14:00:58.994,3.733
2026-10-01 14:01:00.030,3.646
2026-10-01 14:01:01.069,3.673
2026-10-01 14:01:02.094,3.869
2026-10-01 14:01:03.128,4.058
2026-10-01 14:01:04.161,3.968
2026-10-01 14:01:05.195,4.019
2026-10-01 14:01:06.229,4.096
2026-10-01 14:01:07.263,4.119
2026-10-01 14:01:08.297,2.583
2026-10-01 14:01:09.334,3.791
2026-10-01 14:01:10.367,3.728
2026-10-01 14:01:11.392,3.869
2026-10-01 14:01:12.435,3.748
2026-10-01 14:01:13.471,2.583
2026-10-01 14:01:14.513,3.907
2026-10-01 14:01:15.550,3.810
2026-10-01 14:01:16.575,3.835
2026-10-01 14:01:17.608,3.898
2026-10-01 14:01:18.642,3.889
2026-10-01 14:01:19.676,3.698
2026-10-01 14:01:20.710,3.674
2026-10-01 14:01:21.744,3.699
2026-10-01 14:01:22.779,3.672
2026-10-01 14:01:23.812,3.855
2026-10-01 14:01:24.850,3.918
2026-10-01 14:01:25.885,3.916
2026-10-01 14:01:26.920,3.838
2026-10-01 14:01:27.962,3.979
2026-10-01 14:01:28.997,3.929
2026-10-01 14:01:30.035,3.898
2026-10-01 14:01:31.069,3.715
2026-10-01 14:01:32.103,3.676
2026-10-01 14:01:33.137,3.682
2026-10-01 14:01:34.171,3.720
2026-10-01 14:01:35.209,4.011
2026-10-01 14:01:36.244,3.905
2026-10-01 14:01:37.287,3.827
2026-10-01 14:01:38.322,3.858
2026-10-01 14:01:39.357,3.941
2026-10-01 14:01:40.399,4.050
2026-10-01 14:01:41.448,3.703
2026-10-01 14:01:42.492,3.713
2026-10-01 14:01:43.536,3.772
2026-10-01 14:01:44.579,3.767
2026-10-01 14:01:45.622,3.859
2026-10-01 14:01:46.666,3.919
2026-10-01 14:01:47.691,3.901
2026-10-01 14:01:48.736,3.892
2026-10-01 14:01:49.780,4.125
2026-10-01 14:01:50.817,3.895
2026-10-01 14:01:51.850,3.930
2026-10-01 14:01:52.883,3.730
2026-10-01 14:01:53.924,3.677
2026-10-01 14:01:54.962,3.724
2026-10-01 14:01:55.999,3.729
2026-10-01 14:01:57.036,3.845
2026-10-01 14:01:58.072,3.905
2026-10-01 14:01:59.111,3.819
2026-10-01 14:02:00.146,3.851
2026-10-01 14:02:01.180,3.945
2026-10-01 14:02:02.214,3.948
2026-10-01 14:02:03.248,3.703
2026-10-01 14:02:04.282,3.718
2026-10-01 14:02:05.320,3.642
2026-10-01 14:02:06.354,3.657
2026-10-01 14:02:07.389,3.644
2026-10-01 14:02:08.423,3.940
2026-10-01 14:02:09.460,3.889
2026-10-01 14:02:10.494,3.843
2026-10-01 14:02:11.528,3.642
2026-10-01 14:02:12.566,3.879
2026-10-01 14:02:13.601,3.939
2026-10-01 14:02:14.635,3.688
2026-10-01 14:02:15.670,3.699
2026-10-01 14:02:16.705,3.673
2026-10-01 14:02:17.740,3.773
2026-10-01 14:02:18.766,3.816
2026-10-01 14:02:19.800,3.832
2026-10-01 14:02:20.835,3.916
2026-10-01 14:02:21.869,3.922
2026-10-01 14:02:22.905,4.472
2026-10-01 14:02:23.941,3.954
2026-10-01 14:02:24.977,3.701
2026-10-01 14:02:26.012,3.530
2026-10-01 14:02:27.052,3.147
2026-10-01 14:02:28.087,3.633
2026-10-01 14:02:29.125,3.715
2026-10-01 14:02:30.159,3.960
2026-10-01 14:02:31.193,3.928
2026-10-01 14:02:32.228,3.923
2026-10-01 14:02:33.263,3.966
2026-10-01 14:02:34.298,3.908
2026-10-01 14:02:35.333,3.943
2026-10-01 14:02:36.371,3.764
2026-10-01 14:02:37.420,3.719
2026-10-01 14:02:38.465,3.714
2026-10-01 14:02:39.509,3.728
2026-10-01 14:02:40.553,3.959
2026-10-01 14:02:41.598,4.021
2026-10-01 14:02:42.642,3.964
2026-10-01 14:02:43.686,3.893
2026-10-01 14:02:44.731,4.020
2026-10-01 14:02:45.777,3.967
2026-10-01 14:02:46.824,3.732
2026-10-01 14:02:47.859,3.812
2026-10-01 14:02:48.885,4.309
2026-10-01 14:02:49.918,3.716
2026-10-01 14:02:50.952,3.707
2026-10-01 14:02:51.986,3.931
2026-10-01 14:02:53.021,3.948
2026-10-01 14:02:54.056,4.113
2026-10-01 14:02:55.091,3.910
2026-10-01 14:02:56.135,4.020
2026-10-01 14:02:57.171,3.965
2026-10-01 14:02:58.205,3.766
2026-10-01 14:02:59.241,3.647
2026-10-01 14:03:00.275,3.721
2026-10-01 14:03:01.309,3.764
2026-10-01 14:03:02.345,3.893
2026-10-01 14:03:03.380,3.976
2026-10-01 14:03:04.419,3.907
2026-10-01 14:03:05.455,3.940
2026-10-01 14:03:06.491,3.951
2026-10-01 14:03:07.543,3.964
2026-10-01 14:03:08.576,3.928
2026-10-01 14:03:09.611,3.723
2026-10-01 14:03:10.646,3.779
2026-10-01 14:03:11.681,3.672
2026-10-01 14:03:12.721,3.748
2026-10-01 14:03:13.755,3.960
2026-10-01 14:03:14.890,3.906
2026-10-01 14:03:15.926,3.895
2026-10-01 14:03:16.963,3.949
2026-10-01 14:03:18.002,3.957
2026-10-01 14:03:19.038,3.915
2026-10-01 14:03:20.064,3.711
2026-10-01 14:03:21.098,3.765
2026-10-01 14:03:22.136,3.718
2026-10-01 14:03:23.170,3.729
2026-10-01 14:03:24.205,3.913
2026-10-01 14:03:25.239,3.939
2026-10-01 14:03:26.273,3.962
2026-10-01 14:03:27.307,3.902
2026-10-01 14:03:28.341,3.955
2026-10-01 14:03:29.375,3.947
2026-10-01 14:03:30.409,3.970
2026-10-01 14:03:31.443,3.773
2026-10-01 14:03:32.480,3.741
2026-10-01 14:03:33.528,3.725
2026-10-01 14:03:34.576,3.770
2026-10-01 14:03:35.620,3.983
2026-10-01 14:03:36.665,3.964
2026-10-01 14:03:37.713,3.857
2026-10-01 14:03:38.758,3.984
2026-10-01 14:03:39.806,3.969
2026-10-01 14:03:40.850,3.967
2026-10-01 14:03:41.897,3.673
2026-10-01 14:03:42.944,3.742
2026-10-01 14:03:43.982,3.759
2026-10-01 14:03:45.016,3.756
2026-10-01 14:03:46.050,3.903
2026-10-01 14:03:47.085,3.979
2026-10-01 14:03:48.121,3.976
2026-10-01 14:03:49.155,3.934
2026-10-01 14:03:50.181,3.993
2026-10-01 14:03:51.216,3.923
2026-10-01 14:03:52.251,3.951
2026-10-01 14:03:53.287,3.728
2026-10-01 14:03:54.321,3.747
2026-10-01 14:03:55.355,3.763
2026-10-01 14:03:56.389,3.691
2026-10-01 14:03:57.422,3.983
2026-10-01 14:03:58.457,4.037
2026-10-01 14:03:59.491,3.859
2026-10-01 14:04:00.526,3.883
2026-10-01 14:04:01.569,3.951
2026-10-01 14:04:02.610,3.953
2026-10-01 14:04:03.647,3.783
2026-10-01 14:04:04.681,3.686
2026-10-01 14:04:05.714,3.733
2026-10-01 14:04:06.751,3.772
2026-10-01 14:04:07.785,3.894
2026-10-01 14:04:08.819,3.957
2026-10-01 14:04:09.863,4.556
2026-10-01 14:04:10.889,3.945
2026-10-01 14:04:11.924,4.028
2026-10-01 14:04:12.962,4.085
2026-10-01 14:04:13.995,3.965
2026-10-01 14:04:15.030,3.804
2026-10-01 14:04:16.064,3.760
2026-10-01 14:04:17.099,3.742
2026-10-01 14:04:18.133,3.724
2026-10-01 14:04:19.175,3.946
2026-10-01 14:04:20.210,3.989
2026-10-01 14:04:21.246,3.907
2026-10-01 14:04:22.280,3.922
2026-10-01 14:04:23.382,3.970
2026-10-01 14:04:24.417,3.951
2026-10-01 14:04:25.452,3.724
2026-10-01 14:04:26.486,3.699
2026-10-01 14:04:27.522,3.709
2026-10-01 14:04:28.563,3.742
2026-10-01 14:04:29.598,3.924
2026-10-01 14:04:30.633,3.989
2026-10-01 14:04:31.679,3.969
2026-10-01 14:04:32.722,3.981
2026-10-01 14:04:33.766,3.955
2026-10-01 14:04:34.811,3.996
2026-10-01 14:04:35.855,3.932
2026-10-01 14:04:36.901,3.895
2026-10-01 14:04:37.945,3.723
2026-10-01 14:04:38.990,3.706
2026-10-01 14:04:40.035,3.739
2026-10-01 14:04:41.081,3.940
2026-10-01 14:04:42.107,3.914
2026-10-01 14:04:43.142,3.915
2026-10-01 14:04:44.178,3.960
2026-10-01 14:04:45.213,4.021
2026-10-01 14:04:46.248,3.941
2026-10-01 14:04:47.281,3.720
2026-10-01 14:04:48.316,3.743
2026-10-01 14:04:49.351,3.713
2026-10-01 14:04:50.386,3.772
2026-10-01 14:04:51.424,3.893
2026-10-01 14:04:52.458,3.926
2026-10-01 14:04:53.498,3.959
2026-10-01 14:04:54.533,3.925
2026-10-01 14:04:55.568,3.981
2026-10-01 14:04:56.607,3.978
2026-10-01 14:04:57.641,3.978
2026-10-01 14:04:58.676,3.712
2026-10-01 14:04:59.711,3.778
2026-10-01 14:05:00.746,3.760
2026-10-01 14:05:01.781,3.729
2026-10-01 14:05:02.816,3.959
2026-10-01 14:05:03.855,3.935
2026-10-01 14:05:04.889,3.957
2026-10-01 14:05:05.926,3.916
2026-10-01 14:05:06.962,4.023
2026-10-01 14:05:07.996,3.994
2026-10-01 14:05:09.031,3.790
2026-10-01 14:05:10.067,3.743
2026-10-01 14:05:11.106,3.765
2026-10-01 14:05:12.132,3.747
2026-10-01 14:05:13.167,4.421
2026-10-01 14:05:14.202,3.990
2026-10-01 14:05:15.235,3.945
2026-10-01 14:05:16.270,3.946
2026-10-01 14:05:17.305,3.942
2026-10-01 14:05:18.340,3.942
2026-10-01 14:05:19.377,3.946
2026-10-01 14:05:20.413,3.710
2026-10-01 14:05:21.448,3.766
2026-10-01 14:05:22.483,3.739
2026-10-01 14:05:23.516,3.730
2026-10-01 14:05:24.559,3.882
2026-10-01 14:05:25.594,4.151
2026-10-01 14:05:26.628,3.902
2026-10-01 14:05:27.663,3.899
2026-10-01 14:05:28.707,4.733
2026-10-01 14:05:29.752,4.040
2026-10-01 14:05:30.799,3.768
2026-10-01 14:05:31.846,3.736
2026-10-01 14:05:32.891,3.685
2026-10-01 14:05:33.937,3.706
2026-10-01 14:05:34.983,3.895
2026-10-01 14:05:36.108,4.218
2026-10-01 14:05:37.157,4.408
2026-10-01 14:05:38.195,4.082
2026-10-01 14:05:39.230,4.208
2026-10-01 14:05:40.266,3.792
2026-10-01 14:05:41.301,4.080
2026-10-01 14:05:42.336,3.972
2026-10-01 14:05:43.362,4.008
2026-10-01 14:05:44.404,4.281
2026-10-01 14:05:45.437,4.080
2026-10-01 14:05:46.476,4.206
2026-10-01 14:05:47.510,4.159
2026-10-01 14:05:48.544,4.001
2026-10-01 14:05:49.579,4.175
2026-10-01 14:05:50.615,4.327
2026-10-01 14:05:51.658,3.877
2026-10-01 14:05:52.702,4.069
2026-10-01 14:05:53.747,4.077
2026-10-01 14:05:54.784,4.013
2026-10-01 14:05:55.823,3.987
2026-10-01 14:05:56.861,3.787
2026-10-01 14:05:57.896,3.951
2026-10-01 14:05:58.930,4.412
2026-10-01 14:05:59.974,4.117
2026-10-01 14:06:01.008,4.174
2026-10-01 14:06:02.041,4.177
2026-10-01 14:06:03.076,4.320
2026-10-01 14:06:04.110,3.714
2026-10-01 14:06:05.155,4.050
2026-10-01 14:06:06.199,3.599
2026-10-01 14:06:07.240,3.689
2026-10-01 14:06:08.280,3.856
2026-10-01 14:06:09.320,3.907
2026-10-01 14:06:10.353,3.820
2026-10-01 14:06:11.387,3.847
2026-10-01 14:06:12.420,3.897
2026-10-01 14:06:13.456,3.866
2026-10-01 14:06:14.491,3.706
2026-10-01 14:06:15.526,3.675
2026-10-01 14:06:16.559,3.662
2026-10-01 14:06:17.596,3.690
2026-10-01 14:06:18.629,3.659
2026-10-01 14:06:19.662,3.893
2026-10-01 14:06:20.703,3.871
2026-10-01 14:06:21.738,3.820
2026-10-01 14:06:22.771,3.859
2026-10-01 14:06:23.796,3.843
2026-10-01 14:06:24.830,3.938
2026-10-01 14:06:25.863,3.683
2026-10-01 14:06:26.903,3.660
2026-10-01 14:06:27.950,3.670
2026-10-01 14:06:28.975,3.669
2026-10-01 14:06:30.018,3.837
2026-10-01 14:06:31.061,3.900
2026-10-01 14:06:32.112,3.893
2026-10-01 14:06:33.156,3.816
2026-10-01 14:06:34.181,3.941
2026-10-01 14:06:35.224,3.892
2026-10-01 14:06:36.273,3.705
2026-10-01 14:06:37.325,3.682
2026-10-01 14:06:38.358,3.657
2026-10-01 14:06:39.383,3.685
2026-10-01 14:06:40.416,3.659
2026-10-01 14:06:41.457,3.871
2026-10-01 14:06:42.491,3.887
2026-10-01 14:06:43.525,3.819
2026-10-01 14:06:44.550,3.903
2026-10-01 14:06:45.599,3.880
2026-10-01 14:06:46.634,3.880
2026-10-01 14:06:47.671,3.672
2026-10-01 14:06:48.711,3.665
2026-10-01 14:06:49.736,3.642
2026-10-01 14:06:50.770,3.661
2026-10-01 14:06:51.803,3.831
2026-10-01 14:06:52.836,3.886
2026-10-01 14:06:53.871,3.902
2026-10-01 14:06:54.896,3.873
2026-10-01 14:06:55.930,3.920
2026-10-01 14:06:56.963,4.048
2026-10-01 14:06:57.997,4.039
2026-10-01 14:06:59.032,3.654
2026-10-01 14:07:00.057,3.639
2026-10-01 14:07:01.090,3.686
2026-10-01 14:07:02.122,3.676
2026-10-01 14:07:03.156,3.890
2026-10-01 14:07:04.188,3.905
2026-10-01 14:07:05.213,3.889
2026-10-01 14:07:06.247,3.824
2026-10-01 14:07:07.288,3.890
2026-10-01 14:07:08.322,3.851
2026-10-01 14:07:09.355,3.641
2026-10-01 14:07:10.380,3.638
2026-10-01 14:07:11.414,3.660
2026-10-01 14:07:12.447,3.632
2026-10-01 14:07:13.480,3.828
2026-10-01 14:07:14.516,3.874
2026-10-01 14:07:15.541,3.849
2026-10-01 14:07:16.576,3.860
2026-10-01 14:07:17.610,3.868
2026-10-01 14:07:18.646,3.835
2026-10-01 14:07:19.681,3.873
2026-10-01 14:07:20.706,3.811
2026-10-01 14:07:21.742,3.648
2026-10-01 14:07:22.777,3.686
2026-10-01 14:07:23.812,3.666
2026-10-01 14:07:24.848,3.907
2026-10-01 14:07:25.873,3.893
2026-10-01 14:07:26.908,3.820
2026-10-01 14:07:27.943,3.798
2026-10-01 14:07:28.980,3.884
2026-10-01 14:07:30.026,3.893
2026-10-01 14:07:31.052,3.654
2026-10-01 14:07:32.104,3.810
2026-10-01 14:07:33.147,3.663
2026-10-01 14:07:34.191,3.662
2026-10-01 14:07:35.235,3.905
2026-10-01 14:07:36.261,3.923
2026-10-01 14:07:37.306,3.873
2026-10-01 14:07:38.352,3.846
2026-10-01 14:07:39.396,3.887
2026-10-01 14:07:40.444,3.891
2026-10-01 14:07:41.469,3.914
2026-10-01 14:07:42.509,3.625
2026-10-01 14:07:43.542,3.801
2026-10-01 14:07:44.580,3.700
2026-10-01 14:07:45.615,3.657
2026-10-01 14:07:46.651,3.870
2026-10-01 14:07:47.685,3.913
2026-10-01 14:07:48.719,3.824
2026-10-01 14:07:49.756,3.844
2026-10-01 14:07:50.782,3.893
2026-10-01 14:07:51.821,3.926
2026-10-01 14:07:52.854,3.728
2026-10-01 14:07:53.887,3.657
2026-10-01 14:07:54.922,3.699
2026-10-01 14:07:55.948,3.708
2026-10-01 14:07:56.983,3.865
2026-10-01 14:07:58.018,3.910
2026-10-01 14:07:59.051,3.886
2026-10-01 14:08:00.088,3.810
2026-10-01 14:08:01.113,3.868
2026-10-01 14:08:02.148,3.872
2026-10-01 14:08:03.188,3.908
2026-10-01 14:08:04.221,3.664
2026-10-01 14:08:05.260,3.663
2026-10-01 14:08:06.285,3.693
2026-10-01 14:08:07.318,3.634
2026-10-01 14:08:08.351,4.777
2026-10-01 14:08:09.393,3.897
2026-10-01 14:08:10.426,3.850
2026-10-01 14:08:11.450,3.900
2026-10-01 14:08:12.484,3.870
2026-10-01 14:08:13.527,3.889
2026-10-01 14:08:14.562,3.673
2026-10-01 14:08:15.596,3.703
2026-10-01 14:08:16.621,3.676
2026-10-01 14:08:17.654,3.683
2026-10-01 14:08:18.689,3.646
2026-10-01 14:08:19.724,3.886
2026-10-01 14:08:20.760,3.859
2026-10-01 14:08:21.806,3.872
2026-10-01 14:08:22.857,3.877
2026-10-01 14:08:23.902,3.853
2026-10-01 14:08:24.946,3.867
2026-10-01 14:08:25.998,3.752
2026-10-01 14:08:27.042,3.688
2026-10-01 14:08:28.093,3.685
2026-10-01 14:08:29.136,3.634
2026-10-01 14:08:30.179,3.850
2026-10-01 14:08:31.229,3.902
2026-10-01 14:08:32.254,3.913
2026-10-01 14:08:33.297,3.874
2026-10-01 14:08:34.349,3.876
2026-10-01 14:08:35.392,3.870
2026-10-01 14:08:36.435,3.651
2026-10-01 14:08:37.459,3.701
2026-10-01 14:08:38.507,3.641
2026-10-01 14:08:39.565,3.652
2026-10-01 14:08:40.612,3.679
2026-10-01 14:08:41.659,3.925
2026-10-01 14:08:42.684,3.898
2026-10-01 14:08:43.733,3.876
2026-10-01 14:08:44.770,3.939
2026-10-01 14:08:45.816,4.221
2026-10-01 14:08:46.954,3.877
2026-10-01 14:08:47.988,3.654
2026-10-01 14:08:49.028,3.695
2026-10-01 14:08:50.069,3.643
2026-10-01 14:08:51.103,3.644
2026-10-01 14:08:52.137,3.882
2026-10-01 14:08:53.173,3.907
2026-10-01 14:08:54.208,3.845
2026-10-01 14:08:55.243,3.829
2026-10-01 14:08:56.287,3.880
2026-10-01 14:08:57.323,3.854
2026-10-01 14:08:58.363,3.666
2026-10-01 14:08:59.406,3.650
2026-10-01 14:09:00.441,3.675
2026-10-01 14:09:01.475,3.667
2026-10-01 14:09:02.512,3.882
2026-10-01 14:09:03.549,3.921
2026-10-01 14:09:04.584,3.877
2026-10-01 14:09:05.623,3.848
2026-10-01 14:09:06.668,3.886
2026-10-01 14:09:07.693,3.897
2026-10-01 14:09:08.726,4.033
2026-10-01 14:09:09.760,3.653
2026-10-01 14:09:10.794,3.679
2026-10-01 14:09:11.830,3.723
2026-10-01 14:09:12.856,3.695
2026-10-01 14:09:13.892,3.832
2026-10-01 14:09:14.927,3.911
2026-10-01 14:09:15.962,3.872
2026-10-01 14:09:17.003,3.838
2026-10-01 14:09:18.028,3.868
2026-10-01 14:09:19.068,3.862
2026-10-01 14:09:20.102,3.684
2026-10-01 14:09:21.136,3.649
2026-10-01 14:09:22.171,3.673
2026-10-01 14:09:23.196,3.708
2026-10-01 14:09:24.231,3.654
2026-10-01 14:09:25.272,3.901
2026-10-01 14:09:26.314,3.906
2026-10-01 14:09:27.349,3.877
2026-10-01 14:09:28.375,3.921
2026-10-01 14:09:29.411,3.896
2026-10-01 14:09:30.448,3.874
2026-10-01 14:09:31.490,3.690
2026-10-01 14:09:32.525,3.662
2026-10-01 14:09:33.558,3.664
2026-10-01 14:09:34.603,3.662
2026-10-01 14:09:35.655,3.829
2026-10-01 14:09:36.698,3.851
2026-10-01 14:09:37.744,3.903
2026-10-01 14:09:38.794,3.832
2026-10-01 14:09:39.847,3.914
2026-10-01 14:09:40.891,3.863
2026-10-01 14:09:41.946,3.664
2026-10-01 14:09:42.999,3.643
2026-10-01 14:09:44.034,3.663
2026-10-01 14:09:45.069,3.648
2026-10-01 14:09:46.112,3.651
2026-10-01 14:09:47.147,3.906
2026-10-01 14:09:48.183,3.876
2026-10-01 14:09:49.217,3.836
2026-10-01 14:09:50.251,3.894
2026-10-01 14:09:51.291,3.848
2026-10-01 14:09:52.324,3.908
2026-10-01 14:09:53.358,3.668
2026-10-01 14:09:54.399,3.718
2026-10-01 14:09:55.433,3.683
2026-10-01 14:09:56.471,3.637
2026-10-01 14:09:57.512,3.828
2026-10-01 14:09:58.602,3.895
2026-10-01 14:09:59.627,3.936
2026-10-01 14:10:00.668,3.893
2026-10-01 14:10:01.700,3.881
2026-10-01 14:10:02.734,3.871
2026-10-01 14:10:03.770,3.660
2026-10-01 14:10:04.796,3.701
2026-10-01 14:10:05.831,3.634
2026-10-01 14:10:06.865,3.658
2026-10-01 14:10:07.899,3.680
2026-10-01 14:10:08.934,3.872
2026-10-01 14:10:09.971,3.873
2026-10-01 14:10:11.007,3.867
2026-10-01 14:10:12.045,3.952
2026-10-01 14:10:13.084,3.922
2026-10-01 14:10:14.119,3.863
2026-10-01 14:10:15.165,3.696
2026-10-01 14:10:16.199,3.762
2026-10-01 14:10:17.234,3.651
2026-10-01 14:10:18.268,3.641
2026-10-01 14:10:19.303,3.887
2026-10-01 14:10:20.348,3.893
2026-10-01 14:10:21.382,3.894
2026-10-01 14:10:22.424,3.870
2026-10-01 14:10:23.458,3.887
2026-10-01 14:10:24.496,4.017
2026-10-01 14:10:25.531,3.631
2026-10-01 14:10:26.567,3.660
2026-10-01 14:10:27.603,3.672
2026-10-01 14:10:28.638,3.674
2026-10-01 14:10:29.674,3.675
2026-10-01 14:10:30.747,3.860
2026-10-01 14:10:31.791,3.941
2026-10-01 14:10:32.834,3.873
2026-10-01 14:10:33.877,3.887
2026-10-01 14:10:34.902,3.871
2026-10-01 14:10:35.947,3.851
2026-10-01 14:10:36.992,3.613
2026-10-01 14:10:38.044,3.665
2026-10-01 14:10:39.088,4.402
2026-10-01 14:10:40.141,3.631
2026-10-01 14:10:41.188,3.816
2026-10-01 14:10:42.223,3.921
2026-10-01 14:10:43.258,3.854
2026-10-01 14:10:44.295,3.855
2026-10-01 14:10:45.329,3.914
2026-10-01 14:10:46.364,3.882
2026-10-01 14:10:47.407,3.675
2026-10-01 14:10:48.441,3.648
2026-10-01 14:10:49.486,3.657
2026-10-01 14:10:50.521,3.654
2026-10-01 14:10:51.658,3.614
2026-10-01 14:10:52.692,3.863
2026-10-01 14:10:53.727,3.848
2026-10-01 14:10:54.764,3.830
2026-10-01 14:10:55.799,4.111
2026-10-01 14:10:56.833,3.890
2026-10-01 14:10:57.868,3.852
2026-10-01 14:10:58.910,3.811
2026-10-01 14:10:59.945,3.630
2026-10-01 14:11:00.971,3.671
2026-10-01 14:11:02.005,3.669
2026-10-01 14:11:03.040,3.810
2026-10-01 14:11:04.073,3.938
2026-10-01 14:11:05.109,3.898
2026-10-01 14:11:06.135,3.885
2026-10-01 14:11:07.170,4.034
2026-10-01 14:11:08.204,3.948
2026-10-01 14:11:09.239,3.681
2026-10-01 14:11:10.274,3.706
2026-10-01 14:11:11.300,4.064
2026-10-01 14:11:12.334,3.677
2026-10-01 14:11:13.368,3.683
2026-10-01 14:11:14.402,3.882
2026-10-01 14:11:15.444,3.876
2026-10-01 14:11:16.470,3.814
2026-10-01 14:11:17.505,3.874
2026-10-01 14:11:18.541,3.920
2026-10-01 14:11:19.575,3.847
2026-10-01 14:11:20.619,4.317
2026-10-01 14:11:21.653,3.699
2026-10-01 14:11:22.688,3.661
2026-10-01 14:11:23.723,3.662
2026-10-01 14:11:24.759,3.837
2026-10-01 14:11:25.795,3.852
2026-10-01 14:11:26.830,3.880
2026-10-01 14:11:27.865,3.850
2026-10-01 14:11:28.900,3.888
2026-10-01 14:11:29.944,4.011
2026-10-01 14:11:30.990,3.951
2026-10-01 14:11:32.033,3.634
2026-10-01 14:11:33.077,3.690
2026-10-01 14:11:34.120,3.690
2026-10-01 14:11:35.175,3.678
2026-10-01 14:11:36.219,3.969
2026-10-01 14:11:37.263,3.848
2026-10-01 14:11:38.308,3.814
2026-10-01 14:11:39.354,3.902
2026-10-01 14:11:40.388,3.846
2026-10-01 14:11:41.423,3.992
2026-10-01 14:11:42.456,3.673
2026-10-01 14:11:43.497,3.654
2026-10-01 14:11:44.538,3.637
2026-10-01 14:11:45.573,3.660
2026-10-01 14:11:46.599,3.937
2026-10-01 14:11:47.633,3.903
2026-10-01 14:11:48.669,3.896
2026-10-01 14:11:49.704,3.798
2026-10-01 14:11:50.740,3.886
2026-10-01 14:11:51.782,3.864
2026-10-01 14:11:52.818,3.907
2026-10-01 14:11:53.858,3.628
2026-10-01 14:11:54.895,3.650
2026-10-01 14:11:55.932,3.667
2026-10-01 14:11:56.974,3.676
2026-10-01 14:11:58.022,3.844
2026-10-01 14:11:59.056,3.907
2026-10-01 14:12:00.090,3.928
2026-10-01 14:12:01.135,3.838
2026-10-01 14:12:02.170,3.915
2026-10-01 14:12:03.204,3.872
2026-10-01 14:12:04.238,3.682
2026-10-01 14:12:05.272,3.760
2026-10-01 14:12:06.307,3.626
2026-10-01 14:12:07.340,3.650
2026-10-01 14:12:08.409,3.807
2026-10-01 14:12:09.444,3.866
2026-10-01 14:12:10.479,3.877
2026-10-01 14:12:11.513,3.785
2026-10-01 14:12:12.547,3.846
2026-10-01 14:12:13.580,3.878
2026-10-01 14:12:14.614,3.891
2026-10-01 14:12:15.658,3.668
2026-10-01 14:12:16.695,3.723
2026-10-01 14:12:17.721,3.780
2026-10-01 14:12:18.755,3.678
2026-10-01 14:12:19.789,3.904
2026-10-01 14:12:20.823,3.846
2026-10-01 14:12:21.860,3.841
2026-10-01 14:12:22.902,3.841
2026-10-01 14:12:23.937,3.931
2026-10-01 14:12:24.976,4.422
2026-10-01 14:12:26.011,3.630
2026-10-01 14:12:27.045,3.654
2026-10-01 14:12:28.079,3.693
2026-10-01 14:12:29.123,3.643
2026-10-01 14:12:30.168,3.841
2026-10-01 14:12:31.211,3.960
2026-10-01 14:12:32.257,3.928
2026-10-01 14:12:33.300,3.842
2026-10-01 14:12:34.344,3.885
2026-10-01 14:12:35.388,3.901
2026-10-01 14:12:36.440,3.905
2026-10-01 14:12:37.493,3.695
2026-10-01 14:12:38.540,3.691
2026-10-01 14:12:39.578,3.639
2026-10-01 14:12:40.612,3.644
2026-10-01 14:12:41.646,3.875
2026-10-01 14:12:42.679,3.884
2026-10-01 14:12:43.713,3.829
2026-10-01 14:12:44.754,3.860
2026-10-01 14:12:45.788,3.890
2026-10-01 14:12:46.823,3.861
2026-10-01 14:12:47.849,3.658
2026-10-01 14:12:48.883,3.648
2026-10-01 14:12:49.918,3.667
2026-10-01 14:12:50.953,3.671
2026-10-01 14:12:51.999,3.805
2026-10-01 14:12:53.041,3.888
2026-10-01 14:12:54.075,3.919
2026-10-01 14:12:55.111,3.815
2026-10-01 14:12:56.148,3.892
2026-10-01 14:12:57.184,3.856
2026-10-01 14:12:58.219,3.895
2026-10-01 14:12:59.261,3.696
2026-10-01 14:13:00.301,3.643
2026-10-01 14:13:01.336,3.662
2026-10-01 14:13:02.371,3.808
2026-10-01 14:13:03.407,3.859
2026-10-01 14:13:04.441,3.948
2026-10-01 14:13:05.476,3.814
2026-10-01 14:13:06.512,3.859
2026-10-01 14:13:07.548,3.849
2026-10-01 14:13:08.582,3.854
2026-10-01 14:13:09.624,3.683
2026-10-01 14:13:10.659,3.637
2026-10-01 14:13:11.694,3.667
2026-10-01 14:13:12.728,3.693
2026-10-01 14:13:13.771,3.924
2026-10-01 14:13:14.805,3.872
2026-10-01 14:13:15.840,4.004
2026-10-01 14:13:16.873,3.853
2026-10-01 14:13:17.910,3.973
2026-10-01 14:13:18.935,3.877
2026-10-01 14:13:19.970,3.889
2026-10-01 14:13:21.014,4.286
2026-10-01 14:13:22.049,3.666
2026-10-01 14:13:23.087,3.655
2026-10-01 14:13:24.123,3.633
2026-10-01 14:13:25.160,3.833
2026-10-01 14:13:26.195,3.900
2026-10-01 14:13:27.229,3.829
2026-10-01 14:13:28.274,3.804
2026-10-01 14:13:29.319,3.903
2026-10-01 14:13:30.364,3.867
2026-10-01 14:13:31.408,3.757
2026-10-01 14:13:32.451,3.695
2026-10-01 14:13:33.503,3.631
2026-10-01 14:13:34.657,3.668
2026-10-01 14:13:35.703,3.822
2026-10-01 14:13:36.749,3.916
2026-10-01 14:13:37.794,3.875
2026-10-01 14:13:38.832,3.826
2026-10-01 14:13:39.870,3.879
2026-10-01 14:13:40.903,3.923
2026-10-01 14:13:41.936,3.860
2026-10-01 14:13:42.977,3.630
2026-10-01 14:13:44.019,3.707
2026-10-01 14:13:45.060,3.634
2026-10-01 14:13:46.094,3.677
2026-10-01 14:13:47.128,3.885
2026-10-01 14:13:48.161,3.886
2026-10-01 14:13:49.186,3.815
2026-10-01 14:13:50.221,3.785
2026-10-01 14:13:51.263,3.955
2026-10-01 14:13:52.304,3.876
2026-10-01 14:13:53.339,3.670
2026-10-01 14:13:54.374,3.616
2026-10-01 14:13:55.407,3.621
2026-10-01 14:13:56.441,3.656
2026-10-01 14:13:57.476,3.832
2026-10-01 14:13:58.511,3.900
2026-10-01 14:13:59.546,3.832
2026-10-01 14:14:00.589,3.882
2026-10-01 14:14:01.643,3.980
2026-10-01 14:14:02.688,3.866
2026-10-01 14:14:03.743,3.847
2026-10-01 14:14:04.769,3.653
2026-10-01 14:14:05.814,3.708
2026-10-01 14:14:06.857,3.712
2026-10-01 14:14:07.902,3.671
2026-10-01 14:14:08.958,3.893
2026-10-01 14:14:09.984,3.828
2026-10-01 14:14:11.028,3.809
2026-10-01 14:14:12.071,3.809
2026-10-01 14:14:13.114,3.871
2026-10-01 14:14:14.150,3.874
2026-10-01 14:14:15.183,3.679
2026-10-01 14:14:16.224,3.674
2026-10-01 14:14:17.258,3.674
2026-10-01 14:14:18.293,3.692
2026-10-01 14:14:19.326,3.897
2026-10-01 14:14:20.367,3.909
2026-10-01 14:14:21.409,3.927
2026-10-01 14:14:22.443,3.760
2026-10-01 14:14:23.477,3.928
2026-10-01 14:14:24.516,3.897
2026-10-01 14:14:25.556,3.862
2026-10-01 14:14:26.600,3.804
2026-10-01 14:14:27.644,3.548
2026-10-01 14:14:28.688,3.507
2026-10-01 14:14:29.731,3.836
2026-10-01 14:14:30.777,3.981
2026-10-01 14:14:31.829,4.170
2026-10-01 14:14:32.888,3.739
2026-10-01 14:14:33.933,4.041
2026-10-01 14:14:34.978,4.385
2026-10-01 14:14:36.022,4.120
2026-10-01 14:14:37.058,3.986
2026-10-01 14:14:38.095,3.633
2026-10-01 14:14:39.132,3.715
2026-10-01 14:14:40.266,3.839
2026-10-01 14:14:41.392,3.939
2026-10-01 14:14:42.427,4.062
2026-10-01 14:14:43.461,3.913
2026-10-01 14:14:44.495,2.554
2026-10-01 14:14:45.531,2.505
2026-10-01 14:14:46.565,3.923
2026-10-01 14:14:47.607,3.909
2026-10-01 14:14:48.651,3.533
2026-10-01 14:14:49.686,3.538
2026-10-01 14:14:50.728,3.583
2026-10-01 14:14:51.762,3.552
2026-10-01 14:14:52.797,3.789
2026-10-01 14:14:53.839,3.758
2026-10-01 14:14:54.923,3.732
2026-10-01 14:14:55.956,3.769
2026-10-01 14:14:56.990,3.780
2026-10-01 14:14:58.023,3.889
2026-10-01 14:14:59.164,3.710
2026-10-01 14:15:00.198,3.584
2026-10-01 14:15:01.236,3.449
2026-10-01 14:15:02.274,3.575
2026-10-01 14:15:03.309,3.626
2026-10-01 14:15:04.346,2.727
2026-10-01 14:15:05.381,3.460
2026-10-01 14:15:06.418,3.281
2026-10-01 14:15:07.462,3.378
2026-10-01 14:15:08.496,4.108
2026-10-01 14:15:09.599,3.777
2026-10-01 14:15:10.638,3.782
2026-10-01 14:15:11.663,3.739
2026-10-01 14:15:12.699,4.073
2026-10-01 14:15:13.750,3.823
2026-10-01 14:15:14.801,4.123
2026-10-01 14:15:15.828,2.614
2026-10-01 14:15:16.853,2.808
2026-10-01 14:15:17.880,2.640
2026-10-01 14:15:18.905,2.698
2026-10-01 14:15:19.931,2.729
2026-10-01 14:15:20.957,2.841
2026-10-01 14:15:21.985,2.415
2026-10-01 14:15:23.014,2.536
2026-10-01 14:15:24.039,2.397
2026-10-01 14:15:25.067,2.665
2026-10-01 14:15:26.093,2.989
2026-10-01 14:15:27.119,2.620
2026-10-01 14:15:28.145,2.607
2026-10-01 14:15:29.171,2.650
2026-10-01 14:15:30.206,2.620
2026-10-01 14:15:31.232,2.569
2026-10-01 14:15:32.258,2.381
2026-10-01 14:15:33.284,2.385
2026-10-01 14:15:34.310,2.416
2026-10-01 14:15:35.335,2.344
2026-10-01 14:15:36.364,2.591
2026-10-01 14:15:37.390,2.759
2026-10-01 14:15:38.416,2.680
2026-10-01 14:15:39.458,2.519
2026-10-01 14:15:40.484,2.530
2026-10-01 14:15:41.510,2.610
2026-10-01 14:15:42.536,2.492
2026-10-01 14:15:43.562,2.352
2026-10-01 14:15:44.631,2.295
2026-10-01 14:15:45.659,2.451
2026-10-01 14:15:46.685,2.639
2026-10-01 14:15:47.713,2.631
2026-10-01 14:15:48.739,2.650
2026-10-01 14:15:49.779,2.535
2026-10-01 14:15:50.809,2.638
2026-10-01 14:15:51.837,2.639
2026-10-01 14:15:52.863,2.618
2026-10-01 14:15:53.889,2.339
2026-10-01 14:15:54.915,2.299
2026-10-01 14:15:55.942,3.101
2026-10-01 14:15:56.968,2.345
2026-10-01 14:15:57.996,3.470
2026-10-01 14:15:59.021,2.566
2026-10-01 14:16:00.049,2.501
2026-10-01 14:16:01.075,2.527
2026-10-01 14:16:02.101,2.547
2026-10-01 14:16:03.127,2.487
2026-10-01 14:16:04.153,2.338
2026-10-01 14:16:05.197,2.361
2026-10-01 14:16:06.223,2.522
2026-10-01 14:16:07.249,2.379
2026-10-01 14:16:08.275,2.469
2026-10-01 14:16:09.301,2.595
2026-10-01 14:16:10.327,2.589
2026-10-01 14:16:11.353,2.685
2026-10-01 14:16:12.380,2.633
2026-10-01 14:16:13.406,2.508
2026-10-01 14:16:14.450,2.478
2026-10-01 14:16:15.498,2.414
2026-10-01 14:16:16.524,2.285
2026-10-01 14:16:17.550,2.334
2026-10-01 14:16:18.576,2.293
2026-10-01 14:16:19.669,2.646
2026-10-01 14:16:20.695,2.729
2026-10-01 14:16:21.721,2.954
2026-10-01 14:16:22.746,2.567
2026-10-01 14:16:23.773,2.638
2026-10-01 14:16:24.801,2.614
2026-10-01 14:16:25.828,2.630
2026-10-01 14:16:26.855,2.465
2026-10-01 14:16:27.882,2.404
2026-10-01 14:16:28.909,2.299
2026-10-01 14:16:29.936,2.462
2026-10-01 14:16:30.962,2.582
2026-10-01 14:16:31.988,2.565
2026-10-01 14:16:33.015,2.594
2026-10-01 14:16:34.041,2.528
2026-10-01 14:16:35.069,3.111
2026-10-01 14:16:36.095,3.236
2026-10-01 14:16:37.123,2.365
2026-10-01 14:16:38.149,2.351
2026-10-01 14:16:39.175,2.366
2026-10-01 14:16:40.201,2.617
2026-10-01 14:16:41.227,2.623
2026-10-01 14:16:42.254,2.553
2026-10-01 14:16:43.280,2.539
2026-10-01 14:16:44.307,3.069
2026-10-01 14:16:45.332,2.796
2026-10-01 14:16:46.361,2.567
2026-10-01 14:16:47.387,2.623
2026-10-01 14:16:48.414,2.518
2026-10-01 14:16:49.441,2.420
2026-10-01 14:16:50.487,2.373
2026-10-01 14:16:51.519,2.330
2026-10-01 14:16:52.548,2.656
2026-10-01 14:16:53.574,2.660
2026-10-01 14:16:54.601,2.696
2026-10-01 14:16:55.627,3.021
2026-10-01 14:16:56.653,2.565
2026-10-01 14:16:57.679,4.629
2026-10-01 14:16:58.724,2.414
2026-10-01 14:16:59.770,2.299
2026-10-01 14:17:00.817,3.472
2026-10-01 14:17:01.864,3.301
2026-10-01 14:17:02.890,3.261
2026-10-01 14:17:03.938,3.536
2026-10-01 14:17:04.984,3.515
2026-10-01 14:17:06.033,3.464
2026-10-01 14:17:07.072,3.536
2026-10-01 14:17:08.099,3.661
2026-10-01 14:17:09.137,3.619
2026-10-01 14:17:10.174,3.337
2026-10-01 14:17:11.211,3.358
2026-10-01 14:17:12.245,3.326
2026-10-01 14:17:13.272,3.970
2026-10-01 14:17:14.308,3.990
2026-10-01 14:17:15.342,3.999
2026-10-01 14:17:16.384,4.230
2026-10-01 14:17:17.429,3.879
2026-10-01 14:17:18.455,4.381
2026-10-01 14:17:19.492,3.950
2026-10-01 14:17:20.528,4.084
2026-10-01 14:17:21.569,3.428
2026-10-01 14:17:22.609,3.536
2026-10-01 14:17:23.647,3.346
2026-10-01 14:17:24.685,3.491
2026-10-01 14:17:25.721,3.655
2026-10-01 14:17:26.757,3.644
2026-10-01 14:17:27.800,3.602
2026-10-01 14:17:28.839,3.680
2026-10-01 14:17:29.884,3.549
2026-10-01 14:17:30.929,3.685
2026-10-01 14:17:31.967,3.504
2026-10-01 14:17:32.993,4.174
2026-10-01 14:17:34.035,3.853
2026-10-01 14:17:35.076,3.762
2026-10-01 14:17:36.118,4.902
2026-10-01 14:17:37.152,3.672
2026-10-01 14:17:38.177,3.965
2026-10-01 14:17:39.212,4.045
2026-10-01 14:17:40.246,4.086
2026-10-01 14:17:41.298,5.333
2026-10-01 14:17:42.333,3.846
2026-10-01 14:17:43.378,3.994
2026-10-01 14:17:44.415,4.115
2026-10-01 14:17:45.459,4.758
2026-10-01 14:17:46.501,4.003
2026-10-01 14:17:47.541,4.280
2026-10-01 14:17:48.626,3.984
2026-10-01 14:17:49.677,3.992
2026-10-01 14:17:50.729,4.020
2026-10-01 14:17:51.779,3.813
2026-10-01 14:17:52.829,4.154
2026-10-01 14:17:53.884,4.134
2026-10-01 14:17:54.936,3.974
2026-10-01 14:17:56.005,4.335
2026-10-01 14:17:57.062,3.953
2026-10-01 14:17:58.114,4.179
2026-10-01 14:17:59.167,4.147
2026-10-01 14:18:00.204,4.410
2026-10-01 14:18:01.245,4.379
2026-10-01 14:18:02.286,4.052
2026-10-01 14:18:03.326,4.203
2026-10-01 14:18:04.367,5.034
2026-10-01 14:18:05.412,4.987
2026-10-01 14:18:06.455,4.845
2026-10-01 14:18:07.498,4.319
2026-10-01 14:18:08.545,4.980
2026-10-01 14:18:09.571,4.523
2026-10-01 14:18:10.612,3.888
2026-10-01 14:18:11.647,3.053
2026-10-01 14:18:12.688,2.817
2026-10-01 14:18:13.723,2.673
2026-10-01 14:18:14.758,3.713
2026-10-01 14:18:15.792,3.634
2026-10-01 14:18:16.826,2.547
2026-10-01 14:18:17.862,3.783
2026-10-01 14:18:18.896,3.403
2026-10-01 14:18:19.929,3.989
2026-10-01 14:18:20.963,3.883
2026-10-01 14:18:21.996,3.506
2026-10-01 14:18:23.031,3.798
2026-10-01 14:18:24.065,3.508
2026-10-01 14:18:25.100,3.510
2026-10-01 14:18:26.136,3.311
2026-10-01 14:18:27.170,3.341
2026-10-01 14:18:28.204,3.304
2026-10-01 14:18:29.237,3.329
2026-10-01 14:18:30.273,3.313
2026-10-01 14:18:31.314,3.529
2026-10-01 14:18:32.347,3.584
2026-10-01 14:18:33.381,3.461
2026-10-01 14:18:34.405,3.457
2026-10-01 14:18:35.439,3.522
2026-10-01 14:18:36.472,3.468
2026-10-01 14:18:37.505,3.326
2026-10-01 14:18:38.539,3.238
2026-10-01 14:18:39.564,3.302
2026-10-01 14:18:40.609,3.248
2026-10-01 14:18:41.659,3.495
2026-10-01 14:18:42.703,3.507
2026-10-01 14:18:43.746,3.417
2026-10-01 14:18:44.789,3.424
2026-10-01 14:18:45.832,3.490
2026-10-01 14:18:46.876,3.533
2026-10-01 14:18:47.933,3.507
2026-10-01 14:18:48.966,3.270
2026-10-01 14:18:50.000,3.243
2026-10-01 14:18:51.041,3.245
2026-10-01 14:18:52.075,3.321
2026-10-01 14:18:53.109,3.517
2026-10-01 14:18:54.143,3.473
2026-10-01 14:18:55.178,3.502
2026-10-01 14:18:56.240,3.481
2026-10-01 14:18:57.274,3.473
2026-10-01 14:18:58.307,3.519
2026-10-01 14:18:59.341,3.282
2026-10-01 14:19:00.376,3.259
2026-10-01 14:19:01.455,3.263
2026-10-01 14:19:02.495,3.260
2026-10-01 14:19:03.528,3.416
2026-10-01 14:19:04.562,3.501
2026-10-01 14:19:05.595,3.468
2026-10-01 14:19:06.643,3.397
2026-10-01 14:19:07.676,3.589
2026-10-01 14:19:08.716,3.479
2026-10-01 14:19:09.778,3.552
2026-10-01 14:19:10.803,3.301
2026-10-01 14:19:11.837,3.288
2026-10-01 14:19:12.870,3.297
2026-10-01 14:19:13.903,3.228
2026-10-01 14:19:14.935,3.553
2026-10-01 14:19:15.969,3.450
2026-10-01 14:19:17.002,3.463
2026-10-01 14:19:18.035,3.421
2026-10-01 14:19:19.072,3.533
2026-10-01 14:19:20.106,3.488
2026-10-01 14:19:21.140,3.240
2026-10-01 14:19:22.173,3.234
2026-10-01 14:19:23.277,3.276
2026-10-01 14:19:24.311,3.229
2026-10-01 14:19:25.345,3.492
2026-10-01 14:19:26.378,3.471
2026-10-01 14:19:27.413,3.494
2026-10-01 14:19:28.448,3.417
2026-10-01 14:19:29.502,3.567
2026-10-01 14:19:30.547,3.515
2026-10-01 14:19:31.624,3.551
2026-10-01 14:19:32.667,3.255
2026-10-01 14:19:33.710,3.333
2026-10-01 14:19:34.753,3.310
2026-10-01 14:19:35.797,3.280
2026-10-01 14:19:36.848,3.473
2026-10-01 14:19:37.899,3.481
2026-10-01 14:19:38.933,3.410
2026-10-01 14:19:39.981,3.441
2026-10-01 14:19:41.006,3.540
2026-10-01 14:19:42.042,3.491
2026-10-01 14:19:43.076,3.203
2026-10-01 14:19:44.108,3.328
2026-10-01 14:19:45.142,3.417
2026-10-01 14:19:46.177,3.310
2026-10-01 14:19:47.210,3.591
2026-10-01 14:19:48.243,3.613
2026-10-01 14:19:49.278,3.558
2026-10-01 14:19:50.311,3.588
2026-10-01 14:19:51.345,3.467
2026-10-01 14:19:52.378,3.448
2026-10-01 14:19:53.412,3.450
2026-10-01 14:19:54.445,3.291
2026-10-01 14:19:55.479,3.256
2026-10-01 14:19:56.512,3.282
2026-10-01 14:19:57.548,3.245
2026-10-01 14:19:58.582,3.443
2026-10-01 14:19:59.624,3.522
2026-10-01 14:20:00.666,3.427
2026-10-01 14:20:01.711,3.454
2026-10-01 14:20:02.745,3.503
2026-10-01 14:20:03.808,3.438
2026-10-01 14:20:04.943,3.247
2026-10-01 14:20:05.977,3.238
2026-10-01 14:20:07.022,3.297
2026-10-01 14:20:08.057,3.212
2026-10-01 14:20:09.095,3.424
2026-10-01 14:20:10.129,3.500
2026-10-01 14:20:11.170,3.565
2026-10-01 14:20:12.195,3.436
2026-10-01 14:20:13.231,3.483
2026-10-01 14:20:14.264,3.510
2026-10-01 14:20:15.298,3.575
2026-10-01 14:20:16.338,3.195
2026-10-01 14:20:17.378,3.250
2026-10-01 14:20:18.418,3.279
2026-10-01 14:20:19.519,3.235
2026-10-01 14:20:20.563,3.485
2026-10-01 14:20:21.605,3.442
2026-10-01 14:20:22.648,3.405
2026-10-01 14:20:23.691,3.533
2026-10-01 14:20:24.735,3.460
2026-10-01 14:20:25.779,3.504
2026-10-01 14:20:26.823,3.216
2026-10-01 14:20:27.866,3.252
2026-10-01 14:20:28.905,3.335
2026-10-01 14:20:29.938,3.274
2026-10-01 14:20:30.972,3.460
2026-10-01 14:20:32.005,3.491
2026-10-01 14:20:33.042,3.504
2026-10-01 14:20:34.076,3.449
2026-10-01 14:20:35.109,3.480
2026-10-01 14:20:36.142,3.544
2026-10-01 14:20:37.176,3.480
2026-10-01 14:20:38.209,3.232
2026-10-01 14:20:39.244,3.222
2026-10-01 14:20:40.276,3.257
2026-10-01 14:20:41.309,3.275
2026-10-01 14:20:42.334,3.503
2026-10-01 14:20:43.386,3.558
2026-10-01 14:20:44.420,3.532
2026-10-01 14:20:45.456,3.661
2026-10-01 14:20:46.496,3.555
2026-10-01 14:20:47.531,3.457
2026-10-01 14:20:48.566,3.303
2026-10-01 14:20:49.599,3.283
2026-10-01 14:20:50.633,3.224
2026-10-01 14:20:51.667,3.284
2026-10-01 14:20:52.702,3.428
2026-10-01 14:20:53.738,3.504
2026-10-01 14:20:54.772,3.510
2026-10-01 14:20:55.806,3.474
2026-10-01 14:20:56.843,3.499
2026-10-01 14:20:57.876,3.557
2026-10-01 14:20:58.910,3.480
2026-10-01 14:20:59.944,3.211
2026-10-01 14:21:00.978,3.291
2026-10-01 14:21:02.011,3.236
2026-10-01 14:21:03.044,3.308
2026-10-01 14:21:04.121,3.552
2026-10-01 14:21:05.156,3.638
2026-10-01 14:21:06.196,3.394
2026-10-01 14:21:07.230,3.418
2026-10-01 14:21:08.271,3.473
2026-10-01 14:21:09.305,3.593
2026-10-01 14:21:10.342,3.241
2026-10-01 14:21:11.386,3.319
2026-10-01 14:21:12.429,3.311
2026-10-01 14:21:13.455,3.277
2026-10-01 14:21:14.504,3.446
2026-10-01 14:21:15.547,3.503
2026-10-01 14:21:16.596,3.509
2026-10-01 14:21:17.644,3.485
2026-10-01 14:21:18.755,3.527
2026-10-01 14:21:19.834,3.503
2026-10-01 14:21:20.902,3.213
2026-10-01 14:21:21.979,3.269
2026-10-01 14:21:23.051,3.238
2026-10-01 14:21:24.098,3.206
2026-10-01 14:21:25.168,3.224
2026-10-01 14:21:26.239,3.462
2026-10-01 14:21:27.287,3.488
2026-10-01 14:21:34.593,3.353
2026-10-01 14:21:35.641,3.269
2026-10-01 14:21:36.680,3.510
2026-10-01 14:21:37.753,3.425
2026-10-01 14:21:38.812,3.399
2026-10-01 14:21:39.897,3.435
2026-10-01 14:21:40.979,3.494
2026-10-01 14:21:42.058,4.456
2026-10-01 14:21:43.135,3.250
2026-10-01 14:21:44.160,3.348
2026-10-01 14:21:45.194,3.280
2026-10-01 14:21:46.245,3.285
2026-10-01 14:21:50.774,3.385
2026-10-01 14:21:54.501,3.306
2026-10-01 14:21:55.538,3.363
2026-10-01 14:21:56.584,3.250
2026-10-01 14:21:57.619,3.340
2026-10-01 14:21:58.652,3.458
2026-10-01 14:21:59.693,3.487
2026-10-01 14:22:00.734,3.397
2026-10-01 14:22:01.806,3.467
2026-10-01 14:22:04.772,3.349
2026-10-01 14:22:07.540,3.308
2026-10-01 14:22:10.328,3.533
2026-10-01 14:22:11.668,3.427
2026-10-01 14:22:12.706,3.463
2026-10-01 14:22:13.792,3.567
2026-10-01 14:22:14.876,3.469
2026-10-01 14:22:16.019,3.267
2026-10-01 14:22:17.095,3.278
2026-10-01 14:22:18.132,3.306
2026-10-01 14:22:19.204,3.393
2026-10-01 14:22:20.313,3.454
2026-10-01 14:22:21.375,3.455
2026-10-01 14:22:22.409,3.493
2026-10-01 14:22:23.470,3.471
2026-10-01 14:22:25.282,3.588
2026-10-01 14:22:28.731,2.847
2026-10-01 14:22:33.178,3.472
2026-10-01 14:22:34.219,3.449
2026-10-01 14:22:35.384,3.503
2026-10-01 14:22:36.463,3.460
2026-10-01 14:22:37.506,3.279
2026-10-01 14:22:38.612,3.338
2026-10-01 14:22:39.681,3.263
2026-10-01 14:22:40.765,3.352
2026-10-01 14:22:41.830,3.458
2026-10-01 14:22:42.922,3.453
2026-10-01 14:22:43.966,4.147
2026-10-01 14:22:45.008,3.440
2026-10-01 14:22:52.074,3.244
2026-10-01 14:22:53.113,3.462
2026-10-01 14:22:54.150,3.444
2026-10-01 14:22:55.304,3.425
2026-10-01 14:22:56.329,3.518
2026-10-01 14:22:57.388,3.496
2026-10-01 14:22:58.430,3.500
2026-10-01 14:22:59.504,3.531
2026-10-01 14:23:00.551,3.281
2026-10-01 14:23:01.606,3.278
2026-10-01 14:23:02.677,3.282
2026-10-01 14:23:03.724,4.362
2026-10-01 14:23:04.773,3.494
2026-10-01 14:23:05.838,3.567
2026-10-01 14:23:06.913,3.499
2026-10-01 14:23:07.975,3.597
2026-10-01 14:23:09.036,3.584
2026-10-01 14:23:10.094,3.501
2026-10-01 14:23:11.159,3.221
2026-10-01 14:23:12.219,3.300
2026-10-01 14:23:13.268,3.313
2026-10-01 14:23:14.318,3.262
2026-10-01 14:23:15.378,3.472
2026-10-01 14:23:16.428,3.604
2026-10-01 14:23:17.466,3.483
2026-10-01 14:23:18.502,2.761
2026-10-01 14:23:19.538,3.810
2026-10-01 14:23:20.583,3.842
2026-10-01 14:23:21.694,2.606
2026-10-01 14:23:26.409,2.879
2026-10-01 14:23:27.437,2.555
2026-10-01 14:23:28.477,3.295
2026-10-01 14:23:29.521,3.091
2026-10-01 14:23:30.559,3.421
2026-10-01 14:23:31.603,3.647
2026-10-01 14:23:32.638,3.228
2026-10-01 14:23:33.674,3.254
2026-10-01 14:23:34.710,3.310
2026-10-01 14:23:35.745,3.373
2026-10-01 14:23:36.779,4.712
2026-10-01 14:23:37.811,3.598
2026-10-01 14:23:38.845,3.358
2026-10-01 14:23:39.883,3.542
2026-10-01 14:23:40.917,3.844
2026-10-01 14:23:41.954,3.572
2026-10-01 14:23:42.992,3.528
2026-10-01 14:23:44.034,3.235
2026-10-01 14:23:45.119,3.485
2026-10-01 14:23:46.153,3.226
2026-10-01 14:23:47.186,3.563
2026-10-01 14:23:48.223,3.489
2026-10-01 14:23:49.258,3.764
2026-10-01 14:23:50.298,4.455
2026-10-01 14:23:51.334,3.652
2026-10-01 14:23:52.383,3.929
2026-10-01 14:23:53.418,3.559
2026-10-01 14:23:54.454,3.573
2026-10-01 14:23:55.489,3.559
2026-10-01 14:23:56.523,3.346
2026-10-01 14:23:57.548,3.574
2026-10-01 14:23:58.581,3.432
2026-10-01 14:23:59.614,3.499
2026-10-01 14:24:00.648,3.678
2026-10-01 14:24:01.681,3.476
2026-10-01 14:24:02.715,3.744
2026-10-01 14:24:03.749,3.491
2026-10-01 14:24:04.782,3.266
2026-10-01 14:24:05.825,3.252
2026-10-01 14:24:06.868,3.331
2026-10-01 14:24:07.913,3.266
2026-10-01 14:24:08.965,3.199
2026-10-01 14:24:10.020,3.774
2026-10-01 14:24:11.078,3.778
2026-10-01 14:24:12.133,3.441
2026-10-01 14:24:13.190,3.478
2026-10-01 14:24:14.241,3.603
2026-10-01 14:24:15.285,3.508
2026-10-01 14:24:16.321,3.284
2026-10-01 14:24:17.354,3.332
2026-10-01 14:24:18.389,3.364
2026-10-01 14:24:19.422,3.590
2026-10-01 14:24:20.456,4.530
2026-10-01 14:24:21.520,3.559
2026-10-01 14:24:22.553,3.470
2026-10-01 14:24:23.586,3.493
2026-10-01 14:24:24.619,3.989
2026-10-01 14:24:25.653,3.818
2026-10-01 14:24:26.690,3.270
2026-10-01 14:24:27.729,3.565
2026-10-01 14:24:28.754,3.299
2026-10-01 14:24:29.786,3.420
2026-10-01 14:24:30.819,3.298
2026-10-01 14:24:31.855,3.749
2026-10-01 14:24:32.889,3.517
2026-10-01 14:24:33.922,3.730
2026-10-01 14:24:35.058,3.462
2026-10-01 14:24:36.125,3.781
2026-10-01 14:24:37.159,3.440
2026-10-01 14:24:38.194,3.834
2026-10-01 14:24:39.228,3.255
2026-10-01 14:24:40.262,3.281
2026-10-01 14:24:41.300,3.415
2026-10-01 14:24:42.337,3.468
2026-10-01 14:24:43.371,3.494
2026-10-01 14:24:44.406,3.468
2026-10-01 14:24:45.448,3.437
2026-10-01 14:24:46.485,3.809
2026-10-01 14:24:47.527,3.472
2026-10-01 14:24:48.561,3.243
2026-10-01 14:24:49.595,3.317
2026-10-01 14:24:50.628,3.542
2026-10-01 14:24:51.668,3.558
2026-10-01 14:24:52.701,3.347
2026-10-01 14:24:53.735,3.490
2026-10-01 14:24:54.768,3.514
2026-10-01 14:24:55.801,3.406
2026-10-01 14:24:56.838,3.466
2026-10-01 14:24:57.972,3.742
2026-10-01 14:24:58.997,3.750
2026-10-01 14:25:00.036,3.450
2026-10-01 14:25:01.069,3.273
2026-10-01 14:25:02.113,3.596
2026-10-01 14:25:03.156,3.224
2026-10-01 14:25:04.200,3.640
2026-10-01 14:25:05.243,3.759
2026-10-01 14:25:06.286,3.467
2026-10-01 14:25:07.363,3.540
2026-10-01 14:25:08.408,3.563
2026-10-01 14:25:09.433,3.763
2026-10-01 14:25:10.476,3.343
2026-10-01 14:25:11.511,3.600
2026-10-01 14:25:12.544,3.421
2026-10-01 14:25:13.585,3.293
2026-10-01 14:25:14.610,3.599
2026-10-01 14:25:15.643,3.566
2026-10-01 14:25:16.677,3.708
2026-10-01 14:25:17.711,3.579
2026-10-01 14:25:18.746,3.535
2026-10-01 14:25:19.785,3.535
2026-10-01 14:25:20.819,3.803
2026-10-01 14:25:21.853,3.582
2026-10-01 14:25:22.898,3.320
2026-10-01 14:25:23.939,3.547
2026-10-01 14:25:24.973,3.395
2026-10-01 14:25:26.006,3.714
2026-10-01 14:25:27.039,3.544
2026-10-01 14:25:28.072,3.444
2026-10-01 14:25:29.106,3.481
2026-10-01 14:25:30.140,3.506
2026-10-01 14:25:31.173,3.505
2026-10-01 14:25:32.206,3.240
2026-10-01 14:25:33.241,3.256
2026-10-01 14:25:34.275,3.338
2026-10-01 14:25:35.320,3.543
2026-10-01 14:25:36.355,3.591
2026-10-01 14:25:37.390,3.508
2026-10-01 14:25:38.429,3.421
2026-10-01 14:25:39.463,3.519
2026-10-01 14:25:40.497,3.526
2026-10-01 14:25:41.530,3.584
2026-10-01 14:25:42.568,3.540
2026-10-01 14:25:43.602,3.239
2026-10-01 14:25:44.635,3.543
2026-10-01 14:25:45.660,3.247
2026-10-01 14:25:46.694,3.267
2026-10-01 14:25:47.728,4.495
2026-10-01 14:25:48.765,3.535
2026-10-01 14:25:49.799,3.792
2026-10-01 14:25:50.834,3.601
2026-10-01 14:25:51.869,3.409
2026-10-01 14:25:52.912,3.625
2026-10-01 14:25:53.950,3.584
2026-10-01 14:25:54.985,3.565
2026-10-01 14:25:56.028,3.513
2026-10-01 14:25:57.061,3.298
2026-10-01 14:25:58.094,3.312
2026-10-01 14:25:59.131,3.575
2026-10-01 14:26:00.174,3.497
2026-10-01 14:26:01.218,3.387
2026-10-01 14:26:02.264,3.510
2026-10-01 14:26:03.307,3.502
2026-10-01 14:26:04.350,3.444
2026-10-01 14:26:05.400,3.214
2026-10-01 14:26:06.444,3.274
2026-10-01 14:26:07.487,3.303
2026-10-01 14:26:08.632,3.229
2026-10-01 14:26:09.675,3.358
2026-10-01 14:26:10.708,3.838
2026-10-01 14:26:11.743,3.454
2026-10-01 14:26:12.777,3.489
2026-10-01 14:26:13.819,3.789
2026-10-01 14:26:14.853,3.786
2026-10-01 14:26:15.877,3.343
2026-10-01 14:26:16.913,3.234
2026-10-01 14:26:17.951,3.242
2026-10-01 14:26:18.989,3.562
2026-10-01 14:26:20.030,3.272
2026-10-01 14:26:21.071,3.671
2026-10-01 14:26:22.133,3.825
2026-10-01 14:26:23.167,3.751
2026-10-01 14:26:24.274,2.561
2026-10-01 14:26:25.828,2.466
2026-10-01 14:26:26.888,2.496
2026-10-01 14:26:27.936,3.584
2026-10-01 14:26:28.999,2.707
2026-10-01 14:26:30.035,2.584
2026-10-01 14:26:31.070,4.011
2026-10-01 14:26:32.114,3.728
2026-10-01 14:26:33.148,3.526
2026-10-01 14:26:34.191,3.435
2026-10-01 14:26:35.227,3.490
2026-10-01 14:26:36.264,3.485
2026-10-01 14:26:37.298,3.592
2026-10-01 14:26:38.333,3.384
2026-10-01 14:26:39.367,3.368
2026-10-01 14:26:40.410,3.210
2026-10-01 14:26:41.443,3.292
2026-10-01 14:26:42.477,3.399
2026-10-01 14:26:43.513,3.373
2026-10-01 14:26:44.548,3.478
2026-10-01 14:26:45.584,3.736
2026-10-01 14:26:46.610,3.771
2026-10-01 14:26:47.646,3.623
2026-10-01 14:26:48.682,3.313
2026-10-01 14:26:49.716,3.286
2026-10-01 14:26:50.753,3.471
2026-10-01 14:26:51.790,3.333
2026-10-01 14:26:52.826,3.293
2026-10-01 14:26:53.864,3.522
2026-10-01 14:26:54.898,3.624
2026-10-01 14:26:55.932,3.595
2026-10-01 14:26:56.967,3.556
2026-10-01 14:26:58.002,3.527
2026-10-01 14:26:59.037,3.448
2026-10-01 14:27:00.095,3.321
2026-10-01 14:27:01.144,3.395
2026-10-01 14:27:02.194,3.917
2026-10-01 14:27:03.243,3.493
2026-10-01 14:27:04.288,3.670
2026-10-01 14:27:05.339,3.613
2026-10-01 14:27:06.384,3.586
2026-10-01 14:27:07.437,3.687
2026-10-01 14:27:08.485,3.583
2026-10-01 14:27:09.531,3.634
2026-10-01 14:27:10.577,3.603
2026-10-01 14:27:11.615,3.420
2026-10-01 14:27:12.657,3.399
2026-10-01 14:27:13.692,3.432
2026-10-01 14:27:14.728,3.991
2026-10-01 14:27:15.763,3.778
2026-10-01 14:27:16.901,3.648
2026-10-01 14:27:17.927,3.655
2026-10-01 14:27:18.969,3.904
2026-10-01 14:27:20.006,3.869
2026-10-01 14:27:21.042,3.627
2026-10-01 14:27:22.077,3.489
2026-10-01 14:27:23.104,3.359
2026-10-01 14:27:24.142,3.270
2026-10-01 14:27:25.177,3.666
2026-10-01 14:27:26.213,3.980
2026-10-01 14:27:27.248,3.664
2026-10-01 14:27:28.275,3.617
2026-10-01 14:27:29.310,3.551
2026-10-01 14:27:30.351,3.868
2026-10-01 14:27:31.388,3.892
2026-10-01 14:27:32.423,3.326
2026-10-01 14:27:33.459,3.471
2026-10-01 14:27:34.496,3.400
2026-10-01 14:27:35.636,3.692
2026-10-01 14:27:36.671,4.443
2026-10-01 14:27:37.697,3.830
2026-10-01 14:27:38.733,3.849
2026-10-01 14:27:39.769,3.579
2026-10-01 14:27:40.806,3.825
2026-10-01 14:27:41.844,3.678
2026-10-01 14:27:42.870,3.851
2026-10-01 14:27:43.905,3.510
2026-10-01 14:27:44.940,3.650
2026-10-01 14:27:45.981,3.337
2026-10-01 14:27:47.016,3.385
2026-10-01 14:27:48.041,3.898
2026-10-01 14:27:49.075,3.899
2026-10-01 14:27:50.109,3.885
2026-10-01 14:27:51.142,3.843
2026-10-01 14:27:52.178,3.898
2026-10-01 14:27:53.204,3.915
2026-10-01 14:27:54.239,3.763
2026-10-01 14:27:55.280,3.709
2026-10-01 14:27:56.315,3.633
2026-10-01 14:27:57.458,3.681
2026-10-01 14:27:58.483,3.915
2026-10-01 14:27:59.529,3.979
2026-10-01 14:28:00.573,3.917
2026-10-01 14:28:01.618,3.892
2026-10-01 14:28:02.665,3.963
2026-10-01 14:28:03.691,4.430
2026-10-01 14:28:04.737,3.898
2026-10-01 14:28:05.784,3.729
2026-10-01 14:28:06.822,3.688
2026-10-01 14:28:07.856,3.738
2026-10-01 14:28:08.882,4.220
2026-10-01 14:28:09.916,3.901
2026-10-01 14:28:10.951,3.886
2026-10-01 14:28:11.985,3.856
2026-10-01 14:28:13.022,3.972
2026-10-01 14:28:14.047,4.048
2026-10-01 14:28:15.083,4.012
2026-10-01 14:28:16.117,3.774
2026-10-01 14:28:17.159,4.270
2026-10-01 14:28:18.203,2.433
2026-10-01 14:28:19.229,3.836
2026-10-01 14:28:20.263,4.092
2026-10-01 14:28:21.297,4.082
2026-10-01 14:28:22.331,3.991
2026-10-01 14:28:23.368,2.536
2026-10-01 14:28:24.402,4.080
2026-10-01 14:28:25.436,4.172
2026-10-01 14:28:26.470,3.921
2026-10-01 14:28:27.508,3.695
2026-10-01 14:28:28.553,3.644
2026-10-01 14:28:29.595,3.711
2026-10-01 14:28:30.730,3.625
2026-10-01 14:28:31.772,3.914
2026-10-01 14:28:32.805,3.919
2026-10-01 14:28:33.846,3.852
2026-10-01 14:28:34.880,3.863
2026-10-01 14:28:35.913,3.975
2026-10-01 14:28:36.948,3.934
2026-10-01 14:28:37.982,3.726
2026-10-01 14:28:39.017,3.456
2026-10-01 14:28:40.052,3.715
2026-10-01 14:28:41.086,3.701
2026-10-01 14:28:42.121,3.925
2026-10-01 14:28:43.156,3.907
2026-10-01 14:28:44.189,3.931
2026-10-01 14:28:45.223,3.885
2026-10-01 14:28:46.268,3.953
2026-10-01 14:28:47.304,3.950
2026-10-01 14:28:48.339,3.941
2026-10-01 14:28:49.364,3.732
2026-10-01 14:28:50.399,3.667
2026-10-01 14:28:51.433,3.723
2026-10-01 14:28:52.468,3.705
2026-10-01 14:28:53.511,3.913
2026-10-01 14:28:54.544,3.967
2026-10-01 14:28:55.587,3.996
2026-10-01 14:28:56.631,3.986
2026-10-01 14:28:57.680,3.900
2026-10-01 14:28:58.723,3.895
2026-10-01 14:28:59.770,3.717
2026-10-01 14:29:00.814,3.745
2026-10-01 14:29:01.857,3.472
2026-10-01 14:29:02.902,3.733
2026-10-01 14:29:03.946,3.739
2026-10-01 14:29:04.991,3.895
2026-10-01 14:29:06.025,3.886
2026-10-01 14:29:07.059,3.885
2026-10-01 14:29:08.100,3.947
2026-10-01 14:29:09.133,3.951
2026-10-01 14:29:10.167,3.876
2026-10-01 14:29:11.201,3.644
2026-10-01 14:29:12.236,3.692
2026-10-01 14:29:13.271,3.691
2026-10-01 14:29:14.305,3.673
2026-10-01 14:29:15.348,3.853
2026-10-01 14:29:16.390,3.878
2026-10-01 14:29:17.425,3.676
2026-10-01 14:29:18.460,3.851
2026-10-01 14:29:19.494,3.941
2026-10-01 14:29:20.520,3.910
2026-10-01 14:29:21.557,3.587
2026-10-01 14:29:22.591,3.710
2026-10-01 14:29:23.628,3.665
2026-10-01 14:29:24.662,3.692
2026-10-01 14:29:25.697,3.645
2026-10-01 14:29:26.756,3.840
2026-10-01 14:29:27.790,3.899
2026-10-01 14:29:28.827,3.608
2026-10-01 14:29:29.861,3.925
2026-10-01 14:29:30.896,3.943
2026-10-01 14:29:31.931,3.970
2026-10-01 14:29:32.966,3.740
2026-10-01 14:29:34.000,3.709
2026-10-01 14:29:35.037,3.331
2026-10-01 14:29:36.071,3.689
2026-10-01 14:29:37.112,3.836
2026-10-01 14:29:38.153,3.960
2026-10-01 14:29:39.187,3.936
2026-10-01 14:29:40.221,3.903
2026-10-01 14:29:41.256,3.980
2026-10-01 14:29:42.289,3.955
2026-10-01 14:29:43.324,3.753
2026-10-01 14:29:44.358,3.729
2026-10-01 14:29:45.399,3.745
2026-10-01 14:29:46.432,3.749
2026-10-01 14:29:47.467,3.794
2026-10-01 14:29:48.502,3.949
2026-10-01 14:29:49.537,3.927
2026-10-01 14:29:50.574,3.927
2026-10-01 14:29:51.600,3.997
2026-10-01 14:29:52.648,3.997
2026-10-01 14:29:53.693,3.952
2026-10-01 14:29:54.736,3.741
2026-10-01 14:29:55.780,3.746
2026-10-01 14:29:56.824,3.726
2026-10-01 14:29:57.867,3.761
2026-10-01 14:29:58.921,3.929
2026-10-01 14:29:59.967,3.930
2026-10-01 14:30:00.992,3.987
2026-10-01 14:30:02.039,3.902
2026-10-01 14:30:03.085,3.944
2026-10-01 14:30:04.120,3.958
2026-10-01 14:30:05.154,3.977
2026-10-01 14:30:06.180,3.749
2026-10-01 14:30:07.214,3.745
2026-10-01 14:30:08.251,3.747
2026-10-01 14:30:09.284,3.716
2026-10-01 14:30:10.318,3.956
2026-10-01 14:30:11.343,3.962
2026-10-01 14:30:12.385,4.052
2026-10-01 14:30:13.419,3.885
2026-10-01 14:30:14.454,4.008
2026-10-01 14:30:15.487,3.970
2026-10-01 14:30:16.512,3.777
2026-10-01 14:30:17.547,3.752
2026-10-01 14:30:18.580,3.741
2026-10-01 14:30:19.614,3.732
2026-10-01 14:30:20.650,3.929
2026-10-01 14:30:21.675,4.005
2026-10-01 14:30:22.709,3.997
2026-10-01 14:30:23.743,3.924
2026-10-01 14:30:24.778,3.990
2026-10-01 14:30:25.812,3.962
2026-10-01 14:30:26.838,3.922
2026-10-01 14:30:27.873,3.748
2026-10-01 14:30:28.915,3.770
2026-10-01 14:30:29.958,3.860
2026-10-01 14:30:30.992,3.731
2026-10-01 14:30:32.018,3.981
2026-10-01 14:30:33.052,3.933
2026-10-01 14:30:34.087,3.943
2026-10-01 14:30:35.122,3.876
2026-10-01 14:30:36.172,3.952
2026-10-01 14:30:37.198,4.012
2026-10-01 14:30:38.233,3.743
2026-10-01 14:30:39.266,3.782
2026-10-01 14:30:40.300,3.756
2026-10-01 14:30:41.336,3.832
2026-10-01 14:30:42.363,3.990
2026-10-01 14:30:43.406,3.980
2026-10-01 14:30:44.453,3.997
2026-10-01 14:30:45.488,4.200
2026-10-01 14:30:46.533,4.018
2026-10-01 14:30:47.558,3.988
2026-10-01 14:30:48.592,4.000
2026-10-01 14:30:49.637,3.813
2026-10-01 14:30:50.684,4.554
2026-10-01 14:30:51.840,3.732
2026-10-01 14:30:52.865,3.744
2026-10-01 14:30:53.911,3.959
2026-10-01 14:30:54.959,3.936
2026-10-01 14:30:56.010,3.989
2026-10-01 14:30:57.056,3.997
2026-10-01 14:30:58.082,3.996
2026-10-01 14:30:59.128,4.060
2026-10-01 14:31:00.172,3.801
2026-10-01 14:31:01.207,3.738
2026-10-01 14:31:02.242,3.784
2026-10-01 14:31:03.268,3.754
2026-10-01 14:31:04.303,3.910
2026-10-01 14:31:05.337,3.921
2026-10-01 14:31:06.371,3.936
2026-10-01 14:31:07.405,3.915
2026-10-01 14:31:08.430,3.947
2026-10-01 14:31:09.469,3.948
2026-10-01 14:31:10.559,3.945
2026-10-01 14:31:11.593,3.761
2026-10-01 14:31:12.618,3.759
2026-10-01 14:31:13.651,3.766
2026-10-01 14:31:14.685,3.784
2026-10-01 14:31:15.719,3.974
2026-10-01 14:31:16.754,3.968
2026-10-01 14:31:17.780,3.992
2026-10-01 14:31:18.819,3.924
2026-10-01 14:31:19.853,3.957
2026-10-01 14:31:20.890,3.977
2026-10-01 14:31:21.924,3.747
2026-10-01 14:31:22.959,3.742
2026-10-01 14:31:23.995,3.756
2026-10-01 14:31:25.031,3.727
2026-10-01 14:31:26.070,3.932
2026-10-01 14:31:27.105,3.986
2026-10-01 14:31:28.139,3.990
2026-10-01 14:31:29.176,3.922
2026-10-01 14:31:30.211,3.934
2026-10-01 14:31:31.246,4.005
2026-10-01 14:31:32.281,3.964
2026-10-01 14:31:33.316,3.801
2026-10-01 14:31:34.355,3.698
2026-10-01 14:31:35.391,3.772
2026-10-01 14:31:36.425,3.738
2026-10-01 14:31:37.459,3.960
2026-10-01 14:31:38.496,3.984
2026-10-01 14:31:39.530,3.919
2026-10-01 14:31:40.564,3.920
2026-10-01 14:31:41.600,4.016
2026-10-01 14:31:42.635,3.972
2026-10-01 14:31:43.671,3.769
2026-10-01 14:31:44.713,3.762
2026-10-01 14:31:45.763,3.741
2026-10-01 14:31:46.807,3.763
2026-10-01 14:31:47.854,4.910
2026-10-01 14:31:48.880,3.939
2026-10-01 14:31:49.925,4.021
2026-10-01 14:31:50.960,3.938
2026-10-01 14:31:52.005,3.938
2026-10-01 14:31:53.051,3.971
2026-10-01 14:31:54.137,3.970
2026-10-01 14:31:55.179,3.728
2026-10-01 14:31:56.222,3.763
2026-10-01 14:31:57.267,3.754
2026-10-01 14:31:58.311,3.734
2026-10-01 14:31:59.368,3.958
2026-10-01 14:32:00.423,3.976
2026-10-01 14:32:01.458,3.978
2026-10-01 14:32:02.496,3.954
2026-10-01 14:32:03.534,3.968
2026-10-01 14:32:04.575,4.054
2026-10-01 14:32:05.612,3.810
2026-10-01 14:32:06.646,3.678
2026-10-01 14:32:07.685,3.769
2026-10-01 14:32:08.721,3.729
2026-10-01 14:32:09.758,4.909
2026-10-01 14:32:10.804,3.975
2026-10-01 14:32:11.841,3.999
2026-10-01 14:32:12.884,3.941
2026-10-01 14:32:13.918,4.054
2026-10-01 14:32:14.952,3.931
2026-10-01 14:32:15.987,4.006
2026-10-01 14:32:17.029,3.734
2026-10-01 14:32:18.072,3.751
2026-10-01 14:32:19.114,3.723
2026-10-01 14:32:20.139,3.771
2026-10-01 14:32:21.176,3.973
2026-10-01 14:32:22.218,3.992
2026-10-01 14:32:23.259,3.903
2026-10-01 14:32:24.285,3.913
2026-10-01 14:32:25.321,3.971
2026-10-01 14:32:26.355,3.991
2026-10-01 14:32:27.389,3.726
2026-10-01 14:32:28.423,3.736
2026-10-01 14:32:29.549,4.029
2026-10-01 14:32:30.590,3.765
2026-10-01 14:32:31.638,4.077
2026-10-01 14:32:32.673,3.980
2026-10-01 14:32:33.715,3.945
2026-10-01 14:32:34.741,3.951
2026-10-01 14:32:35.783,4.131
2026-10-01 14:32:36.825,3.915
2026-10-01 14:32:37.867,3.877
2026-10-01 14:32:38.918,3.685
2026-10-01 14:32:39.945,3.954
2026-10-01 14:32:40.995,3.818
2026-10-01 14:32:42.043,3.877
2026-10-01 14:32:43.088,4.071
2026-10-01 14:32:44.135,4.209
2026-10-01 14:32:45.162,3.982
2026-10-01 14:32:46.217,3.812
2026-10-01 14:32:47.261,3.992
2026-10-01 14:32:48.309,4.418
2026-10-01 14:32:49.463,4.062
2026-10-01 14:32:50.489,3.738
2026-10-01 14:32:51.524,3.660
2026-10-01 14:32:52.573,3.584
2026-10-01 14:32:53.623,3.662
2026-10-01 14:32:54.673,3.911
2026-10-01 14:32:55.724,3.815
2026-10-01 14:32:56.770,3.790
2026-10-01 14:32:57.825,4.356
2026-10-01 14:32:58.874,3.858
2026-10-01 14:32:59.924,3.862
2026-10-01 14:33:00.975,3.559
2026-10-01 14:33:02.040,3.847
2026-10-01 14:33:03.087,3.732
2026-10-01 14:33:04.126,3.764
2026-10-01 14:33:05.161,3.760
2026-10-01 14:33:06.196,3.829
2026-10-01 14:33:07.243,3.711
2026-10-01 14:33:08.279,3.742
2026-10-01 14:33:09.316,3.782
2026-10-01 14:33:10.354,4.446
2026-10-01 14:33:11.391,3.847
2026-10-01 14:33:12.429,3.994
2026-10-01 14:33:13.467,3.478
2026-10-01 14:33:14.504,3.733
2026-10-01 14:33:15.540,3.833
2026-10-01 14:33:16.579,3.922
2026-10-01 14:33:17.616,3.958
2026-10-01 14:33:18.657,4.473
2026-10-01 14:33:19.695,3.834
2026-10-01 14:33:20.723,3.812
2026-10-01 14:33:21.766,3.745
2026-10-01 14:33:22.803,3.469
2026-10-01 14:33:23.841,3.667
2026-10-01 14:33:24.878,3.576
2026-10-01 14:33:25.916,3.508
2026-10-01 14:33:26.956,4.084
2026-10-01 14:33:27.998,3.781
2026-10-01 14:33:29.035,3.691
2026-10-01 14:33:30.073,3.678
2026-10-01 14:33:31.109,3.805
2026-10-01 14:33:32.146,3.797
2026-10-01 14:33:33.183,3.533
2026-10-01 14:33:34.219,3.857
2026-10-01 14:33:35.257,4.140
2026-10-01 14:33:36.294,3.992
2026-10-01 14:33:37.330,4.095
2026-10-01 14:33:38.367,3.817
2026-10-01 14:33:39.402,4.268
2026-10-01 14:33:40.437,3.894
2026-10-01 14:33:41.472,4.092
2026-10-01 14:33:42.511,4.127
2026-10-01 14:33:43.555,3.978
2026-10-01 14:33:44.593,4.041
2026-10-01 14:33:45.629,3.857
2026-10-01 14:33:46.667,3.750
2026-10-01 14:33:47.704,4.141
2026-10-01 14:33:48.740,4.061
2026-10-01 14:33:49.777,4.098
2026-10-01 14:33:50.811,3.999
2026-10-01 14:33:51.837,4.191
2026-10-01 14:33:52.871,3.891
2026-10-01 14:33:53.906,3.927
2026-10-01 14:33:54.976,3.788
2026-10-01 14:33:56.027,3.777
2026-10-01 14:33:57.052,3.691
2026-10-01 14:33:58.104,3.641
2026-10-01 14:33:59.154,3.825
2026-10-01 14:34:00.204,3.846
2026-10-01 14:34:01.252,3.882
2026-10-01 14:34:02.278,3.915
2026-10-01 14:34:03.326,3.978
2026-10-01 14:34:04.369,3.935
2026-10-01 14:34:05.415,3.883
2026-10-01 14:34:06.453,3.667
2026-10-01 14:34:07.478,3.667
2026-10-01 14:34:08.511,3.670
2026-10-01 14:34:09.544,3.641
2026-10-01 14:34:10.577,3.897
2026-10-01 14:34:11.610,3.861
2026-10-01 14:34:12.636,3.827
2026-10-01 14:34:13.672,3.833
2026-10-01 14:34:14.710,3.878
2026-10-01 14:34:15.751,3.851
2026-10-01 14:34:16.792,3.672
2026-10-01 14:34:17.818,3.703
2026-10-01 14:34:18.864,3.683
2026-10-01 14:34:19.902,3.656
2026-10-01 14:34:20.956,3.843
2026-10-01 14:34:22.000,3.918
2026-10-01 14:34:23.026,3.871
2026-10-01 14:34:24.064,3.815
2026-10-01 14:34:25.102,3.880
2026-10-01 14:34:26.139,3.865
2026-10-01 14:34:27.165,3.905
2026-10-01 14:34:28.205,3.659
2026-10-01 14:34:29.243,3.673
2026-10-01 14:34:30.290,3.619
2026-10-01 14:34:31.325,3.652
2026-10-01 14:34:32.351,3.891
2026-10-01 14:34:33.386,3.909
2026-10-01 14:34:34.420,3.824
2026-10-01 14:34:35.456,4.323
2026-10-01 14:34:36.492,4.050
2026-10-01 14:34:37.518,3.889
2026-10-01 14:34:38.552,3.720
2026-10-01 14:34:39.586,3.665
2026-10-01 14:34:40.622,3.703
2026-10-01 14:34:41.658,3.675
2026-10-01 14:34:42.684,3.874
2026-10-01 14:34:43.720,3.879
2026-10-01 14:34:44.758,3.868
2026-10-01 14:34:45.806,3.824
2026-10-01 14:34:46.843,3.867
2026-10-01 14:34:47.869,3.881
2026-10-01 14:34:48.904,3.874
2026-10-01 14:34:49.942,3.622
2026-10-01 14:34:50.980,3.663
2026-10-01 14:34:52.018,3.692
2026-10-01 14:34:53.044,3.688
2026-10-01 14:34:54.082,3.838
2026-10-01 14:34:55.121,3.885
2026-10-01 14:34:56.159,3.867
2026-10-01 14:34:57.194,3.813
2026-10-01 14:34:58.220,3.951
2026-10-01 14:34:59.269,3.856
2026-10-01 14:35:00.325,3.654
2026-10-01 14:35:01.385,3.705
2026-10-01 14:35:02.435,3.683
2026-10-01 14:35:03.460,3.681
2026-10-01 14:35:04.614,3.845
2026-10-01 14:35:05.661,3.879
2026-10-01 14:35:06.713,3.879
2026-10-01 14:35:07.767,3.838
2026-10-01 14:35:08.792,3.869
2026-10-01 14:35:09.852,3.846
2026-10-01 14:35:10.903,3.870
2026-10-01 14:35:11.948,3.815
2026-10-01 14:35:12.984,3.669
2026-10-01 14:35:14.009,3.690
2026-10-01 14:35:15.046,3.656
2026-10-01 14:35:16.081,3.866
2026-10-01 14:35:17.117,3.911
2026-10-01 14:35:18.158,3.832
2026-10-01 14:35:19.184,3.880
2026-10-01 14:35:20.219,3.882
2026-10-01 14:35:21.311,3.885
2026-10-01 14:35:22.345,3.673
2026-10-01 14:35:23.391,3.642
2026-10-01 14:35:24.416,3.664
2026-10-01 14:35:25.457,3.793
2026-10-01 14:35:26.491,3.845
2026-10-01 14:35:27.525,3.883
2026-10-01 14:35:28.559,3.889
2026-10-01 14:35:29.594,3.850
2026-10-01 14:35:30.629,4.487
2026-10-01 14:35:31.663,3.883
2026-10-01 14:35:32.701,3.905
2026-10-01 14:35:33.737,3.636
2026-10-01 14:35:34.772,3.666
2026-10-01 14:35:35.806,3.707
2026-10-01 14:35:36.840,3.606
2026-10-01 14:35:37.875,3.905
2026-10-01 14:35:38.917,3.924
2026-10-01 14:35:39.952,3.852
2026-10-01 14:35:40.987,3.877
2026-10-01 14:35:42.022,3.928
2026-10-01 14:35:43.057,3.900
2026-10-01 14:35:44.093,3.672
2026-10-01 14:35:45.129,3.638
2026-10-01 14:35:46.163,3.651
2026-10-01 14:35:47.198,3.665
2026-10-01 14:35:48.241,3.885
2026-10-01 14:35:49.276,3.886
2026-10-01 14:35:50.312,3.866
2026-10-01 14:35:51.354,3.822
2026-10-01 14:35:52.393,3.923
2026-10-01 14:35:53.435,3.878
2026-10-01 14:35:54.461,3.884
2026-10-01 14:35:55.503,3.759
2026-10-01 14:35:56.538,3.649
2026-10-01 14:35:57.572,3.676
2026-10-01 14:35:58.606,3.682
2026-10-01 14:35:59.632,3.852
2026-10-01 14:36:00.668,3.919
2026-10-01 14:36:01.703,3.848
2026-10-01 14:36:02.736,3.858
2026-10-01 14:36:03.781,3.919
2026-10-01 14:36:04.807,4.006
2026-10-01 14:36:05.851,3.677
2026-10-01 14:36:06.896,3.676
2026-10-01 14:36:07.940,3.707
2026-10-01 14:36:08.982,3.685
2026-10-01 14:36:10.007,3.701
2026-10-01 14:36:11.058,3.888
2026-10-01 14:36:12.103,3.880
2026-10-01 14:36:13.147,3.835
2026-10-01 14:36:14.192,4.050
2026-10-01 14:36:15.218,4.180
2026-10-01 14:36:16.251,3.874
2026-10-01 14:36:17.284,3.687
2026-10-01 14:36:18.325,3.673
2026-10-01 14:36:19.359,3.644
2026-10-01 14:36:20.384,3.658
2026-10-01 14:36:21.419,4.010
2026-10-01 14:36:22.452,3.847
2026-10-01 14:36:23.493,3.898
2026-10-01 14:36:24.527,3.826
2026-10-01 14:36:25.553,3.877
2026-10-01 14:36:26.588,3.880
2026-10-01 14:36:27.621,3.665
2026-10-01 14:36:28.656,3.655
2026-10-01 14:36:29.692,3.664
2026-10-01 14:36:30.717,3.661
2026-10-01 14:36:31.750,3.667
2026-10-01 14:36:32.784,3.917
2026-10-01 14:36:33.817,3.889
2026-10-01 14:36:34.850,3.853
2026-10-01 14:36:35.888,3.894
2026-10-01 14:36:36.923,3.863
2026-10-01 14:36:37.958,3.878
2026-10-01 14:36:38.997,3.687
2026-10-01 14:36:40.031,3.778
2026-10-01 14:36:41.056,3.705
2026-10-01 14:36:42.090,3.683
2026-10-01 14:36:43.124,3.853
2026-10-01 14:36:44.157,3.865
2026-10-01 14:36:45.190,3.882
2026-10-01 14:36:46.216,3.942
2026-10-01 14:36:47.251,3.948
2026-10-01 14:36:48.288,3.852
2026-10-01 14:36:49.323,3.836
2026-10-01 14:36:50.356,3.695
2026-10-01 14:36:51.381,3.703
2026-10-01 14:36:52.416,3.650
2026-10-01 14:36:53.449,3.660
2026-10-01 14:36:54.482,3.846
2026-10-01 14:36:55.516,3.939
2026-10-01 14:36:56.542,3.867
2026-10-01 14:36:57.576,3.850
2026-10-01 14:36:58.618,3.892
2026-10-01 14:36:59.652,3.959
2026-10-01 14:37:00.688,3.652
2026-10-01 14:37:01.713,3.662
2026-10-01 14:37:02.747,3.672
2026-10-01 14:37:03.780,3.687
2026-10-01 14:37:04.834,3.847
2026-10-01 14:37:05.883,3.884
2026-10-01 14:37:06.927,3.897
2026-10-01 14:37:07.969,3.868
2026-10-01 14:37:09.012,3.927
2026-10-01 14:37:10.055,3.913
2026-10-01 14:37:11.081,3.881
2026-10-01 14:37:12.126,3.666
2026-10-01 14:37:13.169,3.662
2026-10-01 14:37:14.214,3.677
2026-10-01 14:37:15.258,3.663
2026-10-01 14:37:16.283,3.887
2026-10-01 14:37:17.318,3.872
2026-10-01 14:37:18.361,3.829
2026-10-01 14:37:19.396,3.898
2026-10-01 14:37:20.433,3.868
2026-10-01 14:37:21.459,3.913
2026-10-01 14:37:22.494,3.683
2026-10-01 14:37:23.528,3.663
2026-10-01 14:37:24.563,3.686
2026-10-01 14:37:25.598,3.668
2026-10-01 14:37:26.624,4.810
2026-10-01 14:37:27.659,3.840
2026-10-01 14:37:28.693,3.960
2026-10-01 14:37:29.730,3.814
2026-10-01 14:37:30.764,3.906
2026-10-01 14:37:31.799,3.902
2026-10-01 14:37:32.832,3.996
2026-10-01 14:37:33.868,3.913
2026-10-01 14:37:34.902,3.684
2026-10-01 14:37:35.938,3.677
2026-10-01 14:37:36.974,3.636
2026-10-01 14:37:38.011,3.895
2026-10-01 14:37:39.047,3.892
2026-10-01 14:37:40.083,3.815
2026-10-01 14:37:41.118,3.818
2026-10-01 14:37:42.156,3.859
2026-10-01 14:37:43.192,3.862
2026-10-01 14:37:44.226,3.675
2026-10-01 14:37:45.262,3.659
2026-10-01 14:37:46.301,3.717
2026-10-01 14:37:47.334,3.695
2026-10-01 14:37:48.379,3.876
2026-10-01 14:37:49.414,3.982
2026-10-01 14:37:50.448,3.872
2026-10-01 14:37:51.485,3.859
2026-10-01 14:37:52.521,3.884
2026-10-01 14:37:53.555,3.918
2026-10-01 14:37:54.592,3.903
2026-10-01 14:37:55.632,3.653
2026-10-01 14:37:56.668,3.683
2026-10-01 14:37:57.694,3.672
2026-10-01 14:37:58.728,3.666
2026-10-01 14:37:59.763,3.845
2026-10-01 14:38:00.799,3.867
2026-10-01 14:38:01.835,3.884
2026-10-01 14:38:02.869,3.840
2026-10-01 14:38:03.902,3.894
2026-10-01 14:38:04.937,3.894
2026-10-01 14:38:05.971,3.666
2026-10-01 14:38:07.015,3.707
2026-10-01 14:38:08.061,3.677
2026-10-01 14:38:09.116,3.659
2026-10-01 14:38:10.173,3.682
2026-10-01 14:38:11.218,3.885
2026-10-01 14:38:12.263,3.894
2026-10-01 14:38:13.308,3.883
2026-10-01 14:38:14.355,4.369
2026-10-01 14:38:15.400,3.930
2026-10-01 14:38:16.456,3.908
2026-10-01 14:38:17.501,3.649
2026-10-01 14:38:18.534,3.675
2026-10-01 14:38:19.572,3.669
2026-10-01 14:38:20.606,3.729
2026-10-01 14:38:21.648,3.857
2026-10-01 14:38:22.682,3.871
2026-10-01 14:38:23.721,3.931
2026-10-01 14:38:24.756,3.871
2026-10-01 14:38:25.792,3.919
2026-10-01 14:38:26.827,3.862
2026-10-01 14:38:27.853,3.686
2026-10-01 14:38:28.889,3.697
2026-10-01 14:38:29.931,3.669
2026-10-01 14:38:30.966,3.656
2026-10-01 14:38:32.000,3.656
2026-10-01 14:38:33.035,3.871
2026-10-01 14:38:34.069,3.907
2026-10-01 14:38:35.106,3.816
2026-10-01 14:38:36.140,3.880
2026-10-01 14:38:37.173,3.899
2026-10-01 14:38:38.208,3.848
2026-10-01 14:38:39.250,3.744
2026-10-01 14:38:40.293,4.420
2026-10-01 14:38:41.332,3.674
2026-10-01 14:38:42.370,3.663
2026-10-01 14:38:43.406,3.868
2026-10-01 14:38:44.441,3.882
2026-10-01 14:38:45.474,3.898
2026-10-01 14:38:46.509,3.828
2026-10-01 14:38:47.544,3.912
2026-10-01 14:38:48.579,4.525
2026-10-01 14:38:49.613,3.694
2026-10-01 14:38:50.648,3.645
2026-10-01 14:38:51.683,3.688
2026-10-01 14:38:52.719,3.701
2026-10-01 14:38:53.762,3.719
2026-10-01 14:38:54.797,3.887
2026-10-01 14:38:55.832,3.886
2026-10-01 14:38:56.867,3.820
2026-10-01 14:38:57.903,3.910
2026-10-01 14:38:58.929,3.925
2026-10-01 14:38:59.964,3.866
2026-10-01 14:39:00.999,3.657
2026-10-01 14:39:02.035,3.701
2026-10-01 14:39:03.069,3.680
2026-10-01 14:39:04.104,3.668
2026-10-01 14:39:05.138,3.873
2026-10-01 14:39:06.173,3.859
2026-10-01 14:39:07.207,3.890
2026-10-01 14:39:08.252,3.906
2026-10-01 14:39:09.299,3.907
2026-10-01 14:39:10.345,3.928
2026-10-01 14:39:11.394,3.912
2026-10-01 14:39:12.439,3.631
2026-10-01 14:39:13.484,3.671
2026-10-01 14:39:14.530,3.639
2026-10-01 14:39:15.676,3.657
2026-10-01 14:39:16.719,3.962
2026-10-01 14:39:17.763,3.863
2026-10-01 14:39:18.807,3.827
2026-10-01 14:39:19.842,3.920
2026-10-01 14:39:20.876,3.872
2026-10-01 14:39:21.911,3.987
2026-10-01 14:39:22.944,3.689
2026-10-01 14:39:23.978,3.647
2026-10-01 14:39:25.014,3.616
2026-10-01 14:39:26.049,3.641
2026-10-01 14:39:27.082,3.892
2026-10-01 14:39:28.115,3.875
2026-10-01 14:39:29.149,3.875
2026-10-01 14:39:30.175,3.801
2026-10-01 14:39:31.241,3.927
2026-10-01 14:39:32.275,4.412
2026-10-01 14:39:33.308,3.751
2026-10-01 14:39:34.342,3.692
2026-10-01 14:39:35.377,3.707
2026-10-01 14:39:36.423,3.668
2026-10-01 14:39:37.457,3.660
2026-10-01 14:39:38.491,3.881
2026-10-01 14:39:39.517,3.888
2026-10-01 14:39:40.559,3.816
2026-10-01 14:39:41.593,3.934
2026-10-01 14:39:42.627,3.895
2026-10-01 14:39:43.661,3.860
2026-10-01 14:39:44.686,3.679
2026-10-01 14:39:45.719,3.661
2026-10-01 14:39:46.753,3.666
2026-10-01 14:39:47.786,3.664
2026-10-01 14:39:48.819,3.879
2026-10-01 14:39:49.854,3.878
2026-10-01 14:39:50.889,3.874
2026-10-01 14:39:51.923,3.882
2026-10-01 14:39:52.956,3.936
2026-10-01 14:39:53.997,3.961
2026-10-01 14:39:55.030,3.890
2026-10-01 14:39:56.065,3.642
2026-10-01 14:39:57.098,3.690
2026-10-01 14:39:58.144,3.701
2026-10-01 14:39:59.177,3.666
2026-10-01 14:40:00.210,3.895
2026-10-01 14:40:01.252,3.900
2026-10-01 14:40:02.298,3.831
2026-10-01 14:40:03.336,3.823
2026-10-01 14:40:04.374,3.889
2026-10-01 14:40:05.400,3.868
2026-10-01 14:40:06.437,3.648
2026-10-01 14:40:07.484,3.663
2026-10-01 14:40:08.541,3.658
2026-10-01 14:40:09.593,3.671
2026-10-01 14:40:10.637,3.968
2026-10-01 14:40:11.797,3.890
2026-10-01 14:40:12.846,3.908
2026-10-01 14:40:13.903,3.846
2026-10-01 14:40:14.952,3.910
2026-10-01 14:40:16.002,3.889
2026-10-01 14:40:17.052,3.653
2026-10-01 14:40:18.092,3.680
2026-10-01 14:40:19.128,3.657
2026-10-01 14:40:20.167,3.700
2026-10-01 14:40:21.208,3.685
2026-10-01 14:40:22.242,3.913
2026-10-01 14:40:23.278,3.912
2026-10-01 14:40:24.314,3.816
2026-10-01 14:40:25.351,3.892
2026-10-01 14:40:26.385,3.890
2026-10-01 14:40:27.419,3.908
2026-10-01 14:40:28.462,3.678
2026-10-01 14:40:29.501,3.675
2026-10-01 14:40:30.536,3.669
2026-10-01 14:40:31.571,3.690
2026-10-01 14:40:32.608,3.864
2026-10-01 14:40:33.650,3.885
2026-10-01 14:40:34.685,3.912
2026-10-01 14:40:35.723,3.868
2026-10-01 14:40:36.747,3.912
2026-10-01 14:40:37.781,3.898
2026-10-01 14:40:38.814,3.634
2026-10-01 14:40:39.849,3.652
2026-10-01 14:40:40.882,3.660
2026-10-01 14:40:41.914,3.658
2026-10-01 14:40:42.948,3.685
2026-10-01 14:40:43.981,3.867
2026-10-01 14:40:45.019,3.858
2026-10-01 14:40:46.059,3.856
2026-10-01 14:40:47.093,3.888
2026-10-01 14:40:48.127,3.859
2026-10-01 14:40:49.162,3.909
2026-10-01 14:40:50.196,3.701
2026-10-01 14:40:51.238,3.654
2026-10-01 14:40:52.273,3.685
2026-10-01 14:40:53.308,3.696
2026-10-01 14:40:54.342,3.860
2026-10-01 14:40:55.376,3.878
2026-10-01 14:40:56.442,3.914
2026-10-01 14:40:57.477,3.872
2026-10-01 14:40:58.510,3.908
2026-10-01 14:40:59.543,3.896
2026-10-01 14:41:00.577,3.912
2026-10-01 14:41:01.610,3.701
2026-10-01 14:41:02.644,3.695
2026-10-01 14:41:03.678,3.677
2026-10-01 14:41:04.711,3.704
2026-10-01 14:41:05.745,4.007
2026-10-01 14:41:06.770,3.873
2026-10-01 14:41:07.816,3.825
2026-10-01 14:41:08.860,3.850
2026-10-01 14:41:09.902,3.967
2026-10-01 14:41:10.945,3.928
2026-10-01 14:41:12.001,3.783
2026-10-01 14:41:13.044,3.706
2026-10-01 14:41:14.088,3.691
2026-10-01 14:41:15.131,3.687
2026-10-01 14:41:16.175,4.855
2026-10-01 14:41:17.219,3.905
2026-10-01 14:41:18.282,3.885
2026-10-01 14:41:19.317,3.890
2026-10-01 14:41:20.357,3.901
2026-10-01 14:41:21.408,3.889
2026-10-01 14:41:22.452,3.892
2026-10-01 14:41:23.489,3.707
2026-10-01 14:41:24.524,3.678
2026-10-01 14:41:25.560,3.709
2026-10-01 14:41:26.603,3.668
2026-10-01 14:41:27.639,3.907
2026-10-01 14:41:28.676,3.881
2026-10-01 14:41:29.714,3.893
2026-10-01 14:41:30.748,3.940
2026-10-01 14:41:31.782,4.012
2026-10-01 14:41:32.816,3.915
2026-10-01 14:41:33.850,3.653
2026-10-01 14:41:34.883,3.658
2026-10-01 14:41:35.917,3.670
2026-10-01 14:41:36.951,3.686
2026-10-01 14:41:37.976,3.876
2026-10-01 14:41:39.019,3.897
2026-10-01 14:41:40.053,3.920
2026-10-01 14:41:41.094,3.825
2026-10-01 14:41:42.136,3.899
2026-10-01 14:41:43.172,3.885
2026-10-01 14:41:44.205,3.894
2026-10-01 14:41:45.240,3.668
2026-10-01 14:41:46.286,3.639
2026-10-01 14:41:47.323,3.664
2026-10-01 14:41:48.358,3.678
2026-10-01 14:41:49.392,3.966
2026-10-01 14:41:50.427,3.891
2026-10-01 14:41:51.463,3.856
2026-10-01 14:41:52.506,3.888
2026-10-01 14:41:53.559,3.909
2026-10-01 14:41:54.592,3.935
2026-10-01 14:41:55.626,3.712
2026-10-01 14:41:56.665,3.786
2026-10-01 14:41:57.709,3.810
2026-10-01 14:41:58.777,3.755
2026-10-01 14:41:59.817,3.848
2026-10-01 14:42:00.850,4.131
2026-10-01 14:42:01.884,3.818
2026-10-01 14:42:02.918,3.990
2026-10-01 14:42:03.952,3.730
2026-10-01 14:42:04.988,3.810
2026-10-01 14:42:06.023,4.074
2026-10-01 14:42:07.062,3.966
2026-10-01 14:42:08.088,3.480
2026-10-01 14:42:09.133,3.455
2026-10-01 14:42:10.178,3.548
2026-10-01 14:42:11.222,3.559
2026-10-01 14:42:12.268,4.130
2026-10-01 14:42:13.315,3.716
2026-10-01 14:42:14.369,3.968
2026-10-01 14:42:15.414,4.074
2026-10-01 14:42:16.461,3.932
2026-10-01 14:42:17.505,3.907
2026-10-01 14:42:18.530,3.688
2026-10-01 14:42:19.566,3.952
2026-10-01 14:42:20.600,3.952
2026-10-01 14:42:21.637,3.902
2026-10-01 14:42:22.677,4.101
2026-10-01 14:42:23.702,4.188
2026-10-01 14:42:24.737,4.401
2026-10-01 14:42:25.771,4.164
2026-10-01 14:42:26.804,4.036
2026-10-01 14:42:27.838,4.105
2026-10-01 14:42:28.863,2.506
2026-10-01 14:42:29.897,3.727
2026-10-01 14:42:30.937,3.707
2026-10-01 14:42:31.970,3.548
2026-10-01 14:42:33.005,3.805
2026-10-01 14:42:34.030,3.742
2026-10-01 14:42:35.063,3.715
2026-10-01 14:42:36.096,3.724
2026-10-01 14:42:37.134,3.812
2026-10-01 14:42:38.175,3.784
2026-10-01 14:42:39.200,3.587
2026-10-01 14:42:40.235,3.553
2026-10-01 14:42:41.269,3.612
2026-10-01 14:42:42.305,3.571
2026-10-01 14:42:43.346,3.923
2026-10-01 14:42:44.371,4.054
2026-10-01 14:42:45.405,3.665
2026-10-01 14:42:46.438,3.871
2026-10-01 14:42:47.471,3.677
2026-10-01 14:42:48.505,3.480
2026-10-01 14:42:49.539,2.711
2026-10-01 14:42:50.573,3.099
2026-10-01 14:42:51.608,3.027
2026-10-01 14:42:52.643,3.157
2026-10-01 14:42:53.679,3.650
2026-10-01 14:42:54.713,4.795
2026-10-01 14:42:55.746,4.003
2026-10-01 14:42:56.780,3.927
2026-10-01 14:42:57.814,4.221
2026-10-01 14:42:58.848,4.118
2026-10-01 14:42:59.877,2.865
2026-10-01 14:43:00.903,2.413
2026-10-01 14:43:01.928,2.519
2026-10-01 14:43:02.955,2.530
2026-10-01 14:43:03.984,2.385
2026-10-01 14:43:05.010,2.424
2026-10-01 14:43:06.036,2.755
2026-10-01 14:43:07.063,2.687
2026-10-01 14:43:08.089,2.616
2026-10-01 14:43:09.118,2.682
2026-10-01 14:43:10.145,2.717
2026-10-01 14:43:11.171,2.571
2026-10-01 14:43:12.215,2.416
2026-10-01 14:43:13.241,2.387
2026-10-01 14:43:14.270,2.955
2026-10-01 14:43:15.297,2.486
2026-10-01 14:43:16.323,2.610
2026-10-01 14:43:17.369,2.587
2026-10-01 14:43:18.397,2.575
2026-10-01 14:43:19.423,2.498
2026-10-01 14:43:20.450,2.651
2026-10-01 14:43:21.478,2.641
2026-10-01 14:43:22.520,2.681
2026-10-01 14:43:23.546,2.512
2026-10-01 14:43:24.572,2.441
2026-10-01 14:43:25.598,2.388
2026-10-01 14:43:26.624,2.455
2026-10-01 14:43:27.669,2.645
2026-10-01 14:43:28.695,2.625
2026-10-01 14:43:29.721,3.107
2026-10-01 14:43:30.747,2.487
2026-10-01 14:43:31.772,2.621
2026-10-01 14:43:32.809,2.399
2026-10-01 14:43:33.836,2.346
2026-10-01 14:43:34.862,2.453
2026-10-01 14:43:35.888,2.388
2026-10-01 14:43:36.916,2.570
2026-10-01 14:43:37.941,3.309
2026-10-01 14:43:38.968,3.177
2026-10-01 14:43:39.996,3.296
2026-10-01 14:43:41.022,2.668
2026-10-01 14:43:42.048,2.621
2026-10-01 14:43:43.076,3.328
2026-10-01 14:43:44.104,2.603
2026-10-01 14:43:45.131,2.405
2026-10-01 14:43:46.167,2.413
2026-10-01 14:43:47.193,2.316
2026-10-01 14:43:48.222,2.406
2026-10-01 14:43:49.249,2.617
2026-10-01 14:43:50.275,2.578
2026-10-01 14:43:51.301,2.687
2026-10-01 14:43:52.328,2.549
2026-10-01 14:43:53.356,2.575
2026-10-01 14:43:54.381,4.049
2026-10-01 14:43:55.407,2.471
2026-10-01 14:43:56.435,2.431
2026-10-01 14:43:57.460,2.407
2026-10-01 14:43:58.488,2.994
2026-10-01 14:43:59.514,2.329
2026-10-01 14:44:00.542,2.744
2026-10-01 14:44:01.568,2.751
2026-10-01 14:44:02.596,2.630
2026-10-01 14:44:03.622,2.582
2026-10-01 14:44:04.650,2.674
2026-10-01 14:44:05.678,2.653
2026-10-01 14:44:06.704,2.388
2026-10-01 14:44:07.738,2.489
2026-10-01 14:44:08.765,2.429
2026-10-01 14:44:09.791,2.273
2026-10-01 14:44:10.819,2.532
2026-10-01 14:44:11.845,2.735
2026-10-01 14:44:12.871,2.707
2026-10-01 14:44:13.897,2.904
2026-10-01 14:44:14.923,2.512
2026-10-01 14:44:15.949,2.754
2026-10-01 14:44:16.975,3.082
2026-10-01 14:44:18.002,2.391
2026-10-01 14:44:19.027,2.340
2026-10-01 14:44:20.055,2.360
2026-10-01 14:44:21.081,2.446
2026-10-01 14:44:22.109,3.668
2026-10-01 14:44:23.134,2.589
2026-10-01 14:44:24.186,2.549
2026-10-01 14:44:25.212,2.642
2026-10-01 14:44:26.240,3.208
2026-10-01 14:44:27.268,2.603
2026-10-01 14:44:28.308,2.340
2026-10-01 14:44:29.334,2.325
2026-10-01 14:44:30.360,2.502
2026-10-01 14:44:31.386,2.609
2026-10-01 14:44:32.412,2.447
2026-10-01 14:44:33.438,2.604
2026-10-01 14:44:34.464,3.201
2026-10-01 14:44:35.489,2.538
2026-10-01 14:44:36.515,2.662
2026-10-01 14:44:37.541,3.054
2026-10-01 14:44:38.567,2.938
2026-10-01 14:44:39.594,2.399
2026-10-01 14:44:40.620,2.571
2026-10-01 14:44:41.645,2.475
2026-10-01 14:44:42.680,2.545
2026-10-01 14:44:43.707,2.800
2026-10-01 14:44:44.734,2.573
2026-10-01 14:44:45.760,2.690
2026-10-01 14:44:46.786,3.197
2026-10-01 14:44:47.812,2.578
2026-10-01 14:44:48.838,2.538
2026-10-01 14:44:49.866,2.505
2026-10-01 14:44:50.892,2.431
2026-10-01 14:44:51.926,2.356
2026-10-01 14:44:52.963,3.683
2026-10-01 14:44:54.002,3.268
2026-10-01 14:44:55.053,3.475
2026-10-01 14:44:56.081,3.505
2026-10-01 14:44:57.118,3.380
2026-10-01 14:44:58.154,3.481
2026-10-01 14:44:59.195,3.831
2026-10-01 14:45:00.231,3.583
2026-10-01 14:45:01.259,4.245
2026-10-01 14:45:02.296,3.363
2026-10-01 14:45:03.341,3.417
2026-10-01 14:45:04.376,3.502
2026-10-01 14:45:05.411,4.208
2026-10-01 14:45:06.436,3.766
2026-10-01 14:45:07.479,4.378
2026-10-01 14:45:08.512,4.024
2026-10-01 14:45:09.557,4.068
2026-10-01 14:45:10.591,4.045
2026-10-01 14:45:11.616,4.070
2026-10-01 14:45:12.678,3.850
2026-10-01 14:45:13.713,3.459
2026-10-01 14:45:14.750,3.583
2026-10-01 14:45:15.794,3.439
2026-10-01 14:45:16.822,3.621
2026-10-01 14:45:17.868,3.630
2026-10-01 14:45:18.914,3.645
2026-10-01 14:45:19.959,3.599
2026-10-01 14:45:20.988,4.068
2026-10-01 14:45:22.049,3.685
2026-10-01 14:45:23.094,3.398
2026-10-01 14:45:24.141,3.397
2026-10-01 14:45:25.185,3.940
2026-10-01 14:45:26.210,3.901
2026-10-01 14:45:27.256,4.036
2026-10-01 14:45:28.296,4.210
2026-10-01 14:45:29.337,4.438
2026-10-01 14:45:30.372,3.989
2026-10-01 14:45:31.398,4.012
2026-10-01 14:45:32.432,4.053
2026-10-01 14:45:33.476,5.561
2026-10-01 14:45:34.517,3.969
2026-10-01 14:45:35.552,3.898
2026-10-01 14:45:36.578,2.730
2026-10-01 14:45:37.618,4.072
2026-10-01 14:45:38.667,4.001
2026-10-01 14:45:39.700,3.847
2026-10-01 14:45:40.741,3.871
2026-10-01 14:45:41.783,4.366
2026-10-01 14:45:42.822,4.274
2026-10-01 14:45:43.862,4.272
2026-10-01 14:45:44.902,3.940
2026-10-01 14:45:45.942,4.143
2026-10-01 14:45:46.975,4.382
2026-10-01 14:45:48.019,4.080
2026-10-01 14:45:49.064,4.353
2026-10-01 14:45:50.103,4.313
2026-10-01 14:45:51.144,4.521
2026-10-01 14:45:52.183,4.253
2026-10-01 14:45:53.225,4.159
2026-10-01 14:45:54.263,4.928
2026-10-01 14:45:55.301,5.547
2026-10-01 14:45:56.343,4.551
2026-10-01 14:45:57.378,4.959
2026-10-01 14:45:58.414,5.156
2026-10-01 14:45:59.450,2.391
2026-10-01 14:46:00.492,4.004
2026-10-01 14:46:01.526,3.698
2026-10-01 14:46:02.560,4.122
2026-10-01 14:46:03.597,4.392
2026-10-01 14:46:04.630,3.647
2026-10-01 14:46:05.666,3.910
2026-10-01 14:46:06.699,3.663
2026-10-01 14:46:07.733,3.265
2026-10-01 14:46:08.767,3.315
2026-10-01 14:46:09.800,3.439
2026-10-01 14:46:10.834,3.847
2026-10-01 14:46:11.871,3.464
2026-10-01 14:46:12.907,3.526
2026-10-01 14:46:13.949,3.450
2026-10-01 14:46:14.992,3.474
2026-10-01 14:46:16.034,3.514
2026-10-01 14:46:17.077,3.509
2026-10-01 14:46:18.101,3.309
2026-10-01 14:46:19.144,3.273
2026-10-01 14:46:20.194,3.331
2026-10-01 14:46:21.243,3.242
2026-10-01 14:46:22.288,3.601
2026-10-01 14:46:23.334,3.454
2026-10-01 14:46:24.371,3.992
2026-10-01 14:46:25.405,3.463
2026-10-01 14:46:26.439,3.482
2026-10-01 14:46:27.474,3.562
2026-10-01 14:46:28.507,3.275
2026-10-01 14:46:29.540,3.336
2026-10-01 14:46:30.574,3.235
2026-10-01 14:46:31.623,3.252
2026-10-01 14:46:32.656,4.363
2026-10-01 14:46:33.689,3.469
2026-10-01 14:46:34.725,3.463
2026-10-01 14:46:35.779,3.427
2026-10-01 14:46:36.815,3.445
2026-10-01 14:46:37.881,3.526
2026-10-01 14:46:38.915,3.500
2026-10-01 14:46:39.948,3.316
2026-10-01 14:46:40.981,3.333
2026-10-01 14:46:42.015,3.318
2026-10-01 14:46:43.057,3.312
2026-10-01 14:46:44.090,3.476
2026-10-01 14:46:45.124,3.565
2026-10-01 14:46:46.161,3.413
2026-10-01 14:46:47.194,3.478
2026-10-01 14:46:48.219,3.549
2026-10-01 14:46:49.252,3.551
2026-10-01 14:46:50.286,3.264
2026-10-01 14:46:51.322,3.282
2026-10-01 14:46:52.355,3.313
2026-10-01 14:46:53.380,3.286
2026-10-01 14:46:54.438,3.269
2026-10-01 14:46:55.475,3.577
2026-10-01 14:46:56.508,3.493
2026-10-01 14:46:57.541,3.490
2026-10-01 14:46:58.573,3.562
2026-10-01 14:46:59.606,3.511
2026-10-01 14:47:00.640,3.492
2026-10-01 14:47:01.673,3.303
2026-10-01 14:47:02.705,3.274
2026-10-01 14:47:03.745,3.251
2026-10-01 14:47:04.791,3.340
2026-10-01 14:47:05.825,3.522
2026-10-01 14:47:06.888,3.493
2026-10-01 14:47:07.922,3.577
2026-10-01 14:47:08.959,3.501
2026-10-01 14:47:10.005,3.509
2026-10-01 14:47:11.063,3.540
2026-10-01 14:47:12.096,3.324
2026-10-01 14:47:13.139,3.427
2026-10-01 14:47:14.184,3.373
2026-10-01 14:47:15.229,3.287
2026-10-01 14:47:16.312,3.439
2026-10-01 14:47:17.358,3.444
2026-10-01 14:47:18.408,3.482
2026-10-01 14:47:19.452,3.455
2026-10-01 14:47:20.495,3.525
2026-10-01 14:47:21.539,3.460
2026-10-01 14:47:22.584,3.536
2026-10-01 14:47:23.630,3.213
2026-10-01 14:47:24.656,3.251
2026-10-01 14:47:25.700,3.280
2026-10-01 14:47:26.733,3.332
2026-10-01 14:47:27.767,3.441
2026-10-01 14:47:28.802,3.459
2026-10-01 14:47:29.828,3.416
2026-10-01 14:47:30.862,3.431
2026-10-01 14:47:31.905,3.543
2026-10-01 14:47:32.940,3.698
2026-10-01 14:47:33.974,3.329
2026-10-01 14:47:35.000,3.356
2026-10-01 14:47:36.034,3.273
2026-10-01 14:47:37.068,3.255
2026-10-01 14:47:38.103,3.343
2026-10-01 14:47:39.138,3.516
2026-10-01 14:47:40.164,3.512
2026-10-01 14:47:41.199,3.424
2026-10-01 14:47:42.234,3.471
2026-10-01 14:47:43.269,3.477
2026-10-01 14:47:44.311,3.447
2026-10-01 14:47:45.347,3.308
2026-10-01 14:47:46.382,3.254
2026-10-01 14:47:47.417,3.364
2026-10-01 14:47:48.451,3.296
2026-10-01 14:47:49.492,3.416
2026-10-01 14:47:50.524,3.530
2026-10-01 14:47:51.563,3.467
2026-10-01 14:47:52.599,3.466
2026-10-01 14:47:53.634,3.475
2026-10-01 14:47:54.673,3.614
2026-10-01 14:47:55.709,3.276
2026-10-01 14:47:56.753,3.282
2026-10-01 14:47:57.787,3.260
2026-10-01 14:47:58.822,3.265
2026-10-01 14:47:59.859,3.256
2026-10-01 14:48:00.893,3.455
2026-10-01 14:48:01.957,3.614
2026-10-01 14:48:02.992,3.443
2026-10-01 14:48:04.032,3.592
2026-10-01 14:48:05.065,3.514
2026-10-01 14:48:06.098,3.513
2026-10-01 14:48:07.131,3.265
2026-10-01 14:48:08.167,3.258
2026-10-01 14:48:09.200,3.259
2026-10-01 14:48:10.225,3.311
2026-10-01 14:48:11.258,4.512
2026-10-01 14:48:12.296,3.464
2026-10-01 14:48:13.330,3.527
2026-10-01 14:48:14.381,3.496
2026-10-01 14:48:15.424,3.498
2026-10-01 14:48:16.466,3.593
2026-10-01 14:48:17.509,3.505
2026-10-01 14:48:18.553,3.343
2026-10-01 14:48:19.603,3.287
2026-10-01 14:48:20.652,3.329
2026-10-01 14:48:21.695,3.254
2026-10-01 14:48:22.739,3.536
2026-10-01 14:48:23.793,3.447
2026-10-01 14:48:24.826,3.545
2026-10-01 14:48:25.859,3.542
2026-10-01 14:48:26.899,3.483
2026-10-01 14:48:27.936,3.617
2026-10-01 14:48:28.970,3.308
2026-10-01 14:48:30.002,3.302
2026-10-01 14:48:31.035,3.419
2026-10-01 14:48:32.069,3.459
2026-10-01 14:48:33.102,3.429
2026-10-01 14:48:34.144,3.478
2026-10-01 14:48:35.179,3.460
2026-10-01 14:48:36.205,3.537
2026-10-01 14:48:37.241,3.599
2026-10-01 14:48:38.337,3.580
2026-10-01 14:48:39.374,3.338
2026-10-01 14:48:40.410,3.299
2026-10-01 14:48:41.435,3.314
2026-10-01 14:48:42.469,3.311
2026-10-01 14:48:43.506,3.309
2026-10-01 14:48:44.540,3.560
2026-10-01 14:48:45.574,3.567
2026-10-01 14:48:46.609,3.495
2026-10-01 14:48:47.648,3.508
2026-10-01 14:48:48.693,3.554
2026-10-01 14:48:49.731,3.509
2026-10-01 14:48:50.776,3.708
2026-10-01 14:48:51.811,3.302
2026-10-01 14:48:52.849,3.258
2026-10-01 14:48:53.892,3.276
2026-10-01 14:48:54.941,3.489
2026-10-01 14:48:55.978,3.474
2026-10-01 14:48:57.014,3.495
2026-10-01 14:48:58.051,3.472
2026-10-01 14:48:59.089,3.504
2026-10-01 14:49:00.126,3.518
2026-10-01 14:49:01.162,3.452
2026-10-01 14:49:02.199,3.939
2026-10-01 14:49:03.234,3.289
2026-10-01 14:49:04.278,3.257
2026-10-01 14:49:05.312,3.232
2026-10-01 14:49:06.348,3.572
2026-10-01 14:49:07.382,3.547
2026-10-01 14:49:08.424,3.654
2026-10-01 14:49:09.468,3.564
2026-10-01 14:49:10.506,3.628
2026-10-01 14:49:11.532,3.547
2026-10-01 14:49:12.592,3.357
2026-10-01 14:49:13.641,3.295
2026-10-01 14:49:14.704,3.319
2026-10-01 14:49:15.772,3.542
2026-10-01 14:49:16.797,3.469
2026-10-01 14:49:17.850,3.538
2026-10-01 14:49:18.894,3.503
2026-10-01 14:49:19.940,3.462
2026-10-01 14:49:20.985,3.528
2026-10-01 14:49:22.011,3.489
2026-10-01 14:49:23.045,3.574
2026-10-01 14:49:24.079,3.246
2026-10-01 14:49:25.152,3.299
2026-10-01 14:49:26.193,3.256
2026-10-01 14:49:27.218,3.292
2026-10-01 14:49:28.251,3.522
2026-10-01 14:49:29.284,3.667
2026-10-01 14:49:30.317,3.492
2026-10-01 14:49:31.350,3.527
2026-10-01 14:49:32.375,3.547
2026-10-01 14:49:33.409,3.535
2026-10-01 14:49:34.442,3.415
2026-10-01 14:49:35.477,3.322
2026-10-01 14:49:36.510,3.260
2026-10-01 14:49:37.549,3.307
2026-10-01 14:49:38.592,3.457
2026-10-01 14:49:39.627,3.464
2026-10-01 14:49:40.689,3.437
2026-10-01 14:49:41.722,3.600
2026-10-01 14:49:42.756,3.535
2026-10-01 14:49:43.789,3.445
2026-10-01 14:49:44.822,3.519
2026-10-01 14:49:45.855,3.291
2026-10-01 14:49:46.889,3.426
2026-10-01 14:49:47.923,3.375
2026-10-01 14:49:49.009,3.338
2026-10-01 14:49:50.043,3.543
2026-10-01 14:49:51.077,3.515
2026-10-01 14:49:52.111,3.423
2026-10-01 14:49:53.145,3.399
2026-10-01 14:49:54.178,3.515
2026-10-01 14:49:55.212,3.538
2026-10-01 14:49:56.246,3.252
2026-10-01 14:49:57.281,3.287
2026-10-01 14:49:58.315,3.268
2026-10-01 14:49:59.367,3.312
2026-10-01 14:50:00.401,3.506
2026-10-01 14:50:01.435,3.527
2026-10-01 14:50:02.474,3.689
2026-10-01 14:50:03.498,3.615
2026-10-01 14:50:04.533,3.472
2026-10-01 14:50:05.578,3.536
2026-10-01 14:50:06.617,3.480
2026-10-01 14:50:07.652,3.275
2026-10-01 14:50:08.687,3.267
2026-10-01 14:50:09.721,3.252
2026-10-01 14:50:10.766,3.276
2026-10-01 14:50:11.809,3.494
2026-10-01 14:50:12.852,3.471
2026-10-01 14:50:13.897,3.467
2026-10-01 14:50:14.941,3.493
2026-10-01 14:50:15.993,3.477
2026-10-01 14:50:17.038,3.480
2026-10-01 14:50:18.081,3.243
2026-10-01 14:50:19.126,3.280
2026-10-01 14:50:20.176,3.314
2026-10-01 14:50:21.210,3.300
2026-10-01 14:50:22.244,3.514
2026-10-01 14:50:23.278,3.607
2026-10-01 14:50:24.312,3.575
2026-10-01 14:50:25.352,3.494
2026-10-01 14:50:26.386,3.562
2026-10-01 14:50:27.420,3.510
2026-10-01 14:50:28.453,3.512
2026-10-01 14:50:29.488,3.364
2026-10-01 14:50:30.522,3.352
2026-10-01 14:50:31.568,3.285
2026-10-01 14:50:32.602,3.266
2026-10-01 14:50:33.627,3.514
2026-10-01 14:50:34.660,3.554
2026-10-01 14:50:35.694,3.447
2026-10-01 14:50:36.728,3.476
2026-10-01 14:50:37.763,3.525
2026-10-01 14:50:38.798,3.540
2026-10-01 14:50:39.834,3.287
2026-10-01 14:50:40.885,3.332
2026-10-01 14:50:41.948,3.281
2026-10-01 14:50:42.983,3.286
2026-10-01 14:50:44.016,3.521
2026-10-01 14:50:45.050,2.645
2026-10-01 14:50:46.085,3.497
2026-10-01 14:50:47.119,3.460
2026-10-01 14:50:48.170,3.462
2026-10-01 14:50:49.204,3.554
2026-10-01 14:50:50.240,3.490
2026-10-01 14:50:51.274,3.251
2026-10-01 14:50:52.310,3.271
2026-10-01 14:50:53.345,3.282
2026-10-01 14:50:54.379,3.287
2026-10-01 14:50:55.414,3.525
2026-10-01 14:50:56.450,3.457
2026-10-01 14:50:57.483,3.755
2026-10-01 14:50:58.518,3.624
2026-10-01 14:50:59.551,3.871
2026-10-01 14:51:00.785,2.447
2026-10-01 14:51:05.393,2.718
2026-10-01 14:51:06.432,3.308
2026-10-01 14:51:07.478,3.322
2026-10-01 14:51:08.515,3.521
2026-10-01 14:51:09.577,3.232
2026-10-01 14:51:10.639,3.494
2026-10-01 14:51:11.682,3.769
2026-10-01 14:51:12.730,3.285
2026-10-01 14:51:13.787,3.629
2026-10-01 14:51:14.840,3.441
2026-10-01 14:51:15.890,3.389
2026-10-01 14:51:16.964,3.454
2026-10-01 14:51:18.025,3.527
2026-10-01 14:51:19.089,3.546
2026-10-01 14:51:20.132,3.504
2026-10-01 14:51:21.174,3.528
2026-10-01 14:51:22.207,3.731
2026-10-01 14:51:23.241,3.454
2026-10-01 14:51:24.282,3.460
2026-10-01 14:51:25.316,3.306
2026-10-01 14:51:26.357,3.349
2026-10-01 14:51:27.390,3.346
2026-10-01 14:51:28.423,3.505
2026-10-01 14:51:29.466,3.489
2026-10-01 14:51:30.510,3.782
2026-10-01 14:51:31.544,3.801
2026-10-01 14:51:32.580,3.508
2026-10-01 14:51:33.614,3.658
2026-10-01 14:51:34.648,3.255
2026-10-01 14:51:35.682,3.273
2026-10-01 14:51:36.715,3.545
2026-10-01 14:51:37.748,3.314
2026-10-01 14:51:38.781,3.657
2026-10-01 14:51:39.817,3.642
2026-10-01 14:51:40.842,3.495
2026-10-01 14:51:41.876,3.695
2026-10-01 14:51:42.909,3.589
2026-10-01 14:51:43.941,3.585
2026-10-01 14:51:44.976,3.799
2026-10-01 14:51:46.011,3.278
2026-10-01 14:51:47.049,3.275
2026-10-01 14:51:48.086,3.279
2026-10-01 14:51:49.123,3.297
2026-10-01 14:51:50.201,3.594
2026-10-01 14:51:51.239,3.525
2026-10-01 14:51:52.272,3.497
2026-10-01 14:51:53.306,3.574
2026-10-01 14:51:54.338,3.934
2026-10-01 14:51:55.372,3.535
2026-10-01 14:51:56.407,3.636
2026-10-01 14:51:57.447,3.598
2026-10-01 14:51:58.484,3.249
2026-10-01 14:51:59.517,3.302
2026-10-01 14:52:00.551,3.469
2026-10-01 14:52:01.586,3.470
2026-10-01 14:52:02.619,3.530
2026-10-01 14:52:03.653,3.429
2026-10-01 14:52:04.688,3.529
2026-10-01 14:52:05.772,3.519
2026-10-01 14:52:06.806,3.511
2026-10-01 14:52:07.839,3.462
2026-10-01 14:52:08.882,3.352
2026-10-01 14:52:09.926,3.411
2026-10-01 14:52:10.951,3.316
2026-10-01 14:52:11.994,3.507
2026-10-01 14:52:13.045,3.546
2026-10-01 14:52:14.089,3.512
2026-10-01 14:52:15.132,3.554
2026-10-01 14:52:16.179,3.582
2026-10-01 14:52:17.227,3.880
2026-10-01 14:52:18.279,3.317
2026-10-01 14:52:19.324,3.299
2026-10-01 14:52:20.360,3.249
2026-10-01 14:52:21.393,3.551
2026-10-01 14:52:22.427,3.503
2026-10-01 14:52:23.460,3.825
2026-10-01 14:52:24.495,3.514
2026-10-01 14:52:25.534,3.834
2026-10-01 14:52:26.559,3.756
2026-10-01 14:52:27.595,3.469
2026-10-01 14:52:28.629,3.637
2026-10-01 14:52:29.662,3.274
2026-10-01 14:52:30.696,3.705
2026-10-01 14:52:31.721,3.326
2026-10-01 14:52:32.765,3.328
2026-10-01 14:52:33.798,3.557
2026-10-01 14:52:34.835,3.464
2026-10-01 14:52:35.875,3.534
2026-10-01 14:52:36.900,3.440
2026-10-01 14:52:37.932,3.510
2026-10-01 14:52:38.970,3.570
2026-10-01 14:52:40.004,3.289
2026-10-01 14:52:41.039,3.277
2026-10-01 14:52:42.072,3.311
2026-10-01 14:52:43.107,3.477
2026-10-01 14:52:44.147,3.445
2026-10-01 14:52:45.181,3.589
2026-10-01 14:52:46.216,3.808
2026-10-01 14:52:47.250,3.614
2026-10-01 14:52:48.283,3.565
2026-10-01 14:52:49.368,3.830
2026-10-01 14:52:50.402,3.509
2026-10-01 14:52:51.435,3.372
2026-10-01 14:52:52.469,3.268
2026-10-01 14:52:53.503,3.338
2026-10-01 14:52:54.542,3.302
2026-10-01 14:52:55.577,3.622
2026-10-01 14:52:56.610,3.531
2026-10-01 14:52:57.643,3.598
2026-10-01 14:52:58.676,3.803
2026-10-01 14:52:59.712,3.471
2026-10-01 14:53:00.745,3.753
2026-10-01 14:53:01.778,3.344
2026-10-01 14:53:02.846,3.289
2026-10-01 14:53:03.880,3.576
2026-10-01 14:53:04.914,3.279
2026-10-01 14:53:05.954,3.603
2026-10-01 14:53:06.978,3.859
2026-10-01 14:53:08.012,3.786
2026-10-01 14:53:09.055,3.488
2026-10-01 14:53:10.098,3.531
2026-10-01 14:53:11.141,3.771
2026-10-01 14:53:12.184,3.785
2026-10-01 14:53:13.227,3.255
2026-10-01 14:53:14.274,3.280
2026-10-01 14:53:15.320,3.290
2026-10-01 14:53:16.365,3.302
2026-10-01 14:53:17.411,3.554
2026-10-01 14:53:18.446,3.467
2026-10-01 14:53:19.483,3.473
2026-10-01 14:53:20.516,3.752
2026-10-01 14:53:21.549,3.649
2026-10-01 14:53:22.583,3.551
2026-10-01 14:53:23.617,3.286
2026-10-01 14:53:24.650,3.289
2026-10-01 14:53:25.687,3.364
2026-10-01 14:53:26.725,3.328
2026-10-01 14:53:27.759,3.651
2026-10-01 14:53:28.793,3.630
2026-10-01 14:53:29.827,3.681
2026-10-01 14:53:30.865,3.681
2026-10-01 14:53:31.902,3.637
2026-10-01 14:53:32.939,3.709
2026-10-01 14:53:33.976,3.507
2026-10-01 14:53:35.013,3.410
2026-10-01 14:53:36.047,3.431
2026-10-01 14:53:37.082,3.271
2026-10-01 14:53:38.107,3.412
2026-10-01 14:53:39.140,3.483
2026-10-01 14:53:40.173,3.496
2026-10-01 14:53:41.207,3.533
2026-10-01 14:53:42.240,3.440
2026-10-01 14:53:43.273,3.818
2026-10-01 14:53:44.307,3.811
2026-10-01 14:53:45.340,3.686
2026-10-01 14:53:46.374,3.554
2026-10-01 14:53:47.407,3.445
2026-10-01 14:53:48.440,3.524
2026-10-01 14:53:49.473,3.631
2026-10-01 14:53:50.507,3.665
2026-10-01 14:53:51.540,3.765
2026-10-01 14:53:52.574,3.746
2026-10-01 14:53:53.607,2.573
2026-10-01 14:53:54.645,3.607
2026-10-01 14:53:55.679,3.773
2026-10-01 14:53:56.712,3.400
2026-10-01 14:53:57.746,3.589
2026-10-01 14:53:58.780,3.444
2026-10-01 14:53:59.819,3.675
2026-10-01 14:54:00.853,3.652
2026-10-01 14:54:01.894,3.551
2026-10-01 14:54:02.929,3.546
2026-10-01 14:54:03.962,3.501
2026-10-01 14:54:04.998,3.638
2026-10-01 14:54:06.031,3.530
2026-10-01 14:54:07.073,3.394
2026-10-01 14:54:08.119,3.666
2026-10-01 14:54:09.145,2.299
2026-10-01 14:54:10.326,2.648
2026-10-01 14:54:11.369,2.766
2026-10-01 14:54:12.413,3.401
2026-10-01 14:54:13.460,2.862
2026-10-01 14:54:14.505,3.187
2026-10-01 14:54:15.554,4.295
2026-10-01 14:54:16.601,3.749
2026-10-01 14:54:17.636,3.691
2026-10-01 14:54:18.670,3.236
2026-10-01 14:54:19.704,3.333
2026-10-01 14:54:20.737,3.307
2026-10-01 14:54:21.770,3.375
2026-10-01 14:54:22.804,3.485
2026-10-01 14:54:23.845,3.417
2026-10-01 14:54:24.892,3.396
2026-10-01 14:54:25.928,3.520
2026-10-01 14:54:26.961,3.583
2026-10-01 14:54:27.995,3.460
2026-10-01 14:54:29.031,3.299
2026-10-01 14:54:30.065,3.268
2026-10-01 14:54:31.106,3.510
2026-10-01 14:54:32.147,3.511
2026-10-01 14:54:33.181,3.298
2026-10-01 14:54:34.214,3.481
2026-10-01 14:54:35.251,3.690
2026-10-01 14:54:36.284,3.664
2026-10-01 14:54:37.318,3.547
2026-10-01 14:54:38.351,3.550
2026-10-01 14:54:39.377,3.523
2026-10-01 14:54:40.417,3.387
2026-10-01 14:54:41.450,3.434
2026-10-01 14:54:42.484,3.311
2026-10-01 14:54:43.518,3.293
2026-10-01 14:54:44.543,3.614
2026-10-01 14:54:45.584,3.605
2026-10-01 14:54:46.618,3.795
2026-10-01 14:54:47.655,3.643
2026-10-01 14:54:48.689,3.760
2026-10-01 14:54:49.714,3.727
2026-10-01 14:54:50.757,3.515
2026-10-01 14:54:51.791,3.466
2026-10-01 14:54:52.826,3.411
2026-10-01 14:54:53.860,3.603
2026-10-01 14:54:54.886,3.485
2026-10-01 14:54:55.929,3.647
2026-10-01 14:54:56.966,3.847
2026-10-01 14:54:58.003,3.733
2026-10-01 14:54:59.039,3.609
2026-10-01 14:55:00.065,3.758
2026-10-01 14:55:01.100,3.878
2026-10-01 14:55:02.141,3.418
2026-10-01 14:55:03.175,3.417
2026-10-01 14:55:04.209,3.441
2026-10-01 14:55:05.235,3.439
2026-10-01 14:55:06.272,4.660
2026-10-01 14:55:07.332,3.664
2026-10-01 14:55:08.377,4.164
2026-10-01 14:55:09.422,3.608
2026-10-01 14:55:10.465,3.649
2026-10-01 14:55:11.510,3.886
2026-10-01 14:55:12.556,3.662
2026-10-01 14:55:13.603,3.371
2026-10-01 14:55:14.647,3.419
2026-10-01 14:55:15.700,3.448
2026-10-01 14:55:16.747,3.516
2026-10-01 14:55:17.794,3.939
2026-10-01 14:55:18.829,3.662
2026-10-01 14:55:19.865,3.503
2026-10-01 14:55:20.900,3.837
2026-10-01 14:55:21.939,3.558
2026-10-01 14:55:22.981,3.619
2026-10-01 14:55:24.017,3.579
2026-10-01 14:55:25.053,3.621
2026-10-01 14:55:26.089,3.434
2026-10-01 14:55:27.123,3.460
2026-10-01 14:55:28.157,3.892
2026-10-01 14:55:29.212,3.644
2026-10-01 14:55:30.248,3.531
2026-10-01 14:55:31.282,2.925
2026-10-01 14:55:32.319,3.812
2026-10-01 14:55:33.363,3.975
2026-10-01 14:55:34.396,3.938
2026-10-01 14:55:35.421,3.635
2026-10-01 14:55:36.459,3.681
2026-10-01 14:55:37.495,3.702
2026-10-01 14:55:38.537,3.819
2026-10-01 14:55:39.571,4.098
2026-10-01 14:55:40.607,4.114
2026-10-01 14:55:41.641,4.131
2026-10-01 14:55:42.681,4.166
2026-10-01 14:55:43.718,2.649
2026-10-01 14:55:44.757,4.167
2026-10-01 14:55:45.792,3.891
2026-10-01 14:55:46.826,3.860
2026-10-01 14:55:47.860,3.901
2026-10-01 14:55:48.898,2.415
2026-10-01 14:55:49.931,3.971
2026-10-01 14:55:50.977,4.114
2026-10-01 14:55:52.049,3.987
2026-10-01 14:55:53.083,3.892
2026-10-01 14:55:54.119,4.061
2026-10-01 14:55:55.154,3.873
2026-10-01 14:55:56.190,3.923
2026-10-01 14:55:57.225,3.733
2026-10-01 14:55:58.261,3.714
2026-10-01 14:55:59.297,3.703
2026-10-01 14:56:00.341,3.703
2026-10-01 14:56:01.376,3.903
2026-10-01 14:56:02.412,3.921
2026-10-01 14:56:03.446,3.895
2026-10-01 14:56:04.481,3.851
2026-10-01 14:56:05.515,3.961
2026-10-01 14:56:06.541,3.807
2026-10-01 14:56:07.591,3.703
2026-10-01 14:56:08.636,3.726
2026-10-01 14:56:09.680,3.724
2026-10-01 14:56:10.724,3.789
2026-10-01 14:56:11.769,3.895
2026-10-01 14:56:12.813,3.981
2026-10-01 14:56:13.856,4.006
2026-10-01 14:56:14.908,3.864
2026-10-01 14:56:15.953,3.891
2026-10-01 14:56:16.998,3.971
2026-10-01 14:56:18.038,3.919
2026-10-01 14:56:19.072,3.494
2026-10-01 14:56:20.107,3.692
2026-10-01 14:56:21.141,3.708
2026-10-01 14:56:22.176,3.841
2026-10-01 14:56:23.219,4.051
2026-10-01 14:56:24.254,3.950
2026-10-01 14:56:25.289,3.870
2026-10-01 14:56:26.325,3.868
2026-10-01 14:56:27.359,3.918
2026-10-01 14:56:28.399,3.954
2026-10-01 14:56:29.440,3.692
2026-10-01 14:56:30.474,3.779
2026-10-01 14:56:31.509,3.707
2026-10-01 14:56:32.535,3.656
2026-10-01 14:56:33.569,3.905
2026-10-01 14:56:34.604,3.917
2026-10-01 14:56:35.639,3.939
2026-10-01 14:56:36.673,3.885
2026-10-01 14:56:37.700,3.993
2026-10-01 14:56:38.734,4.088
2026-10-01 14:56:39.775,4.053
2026-10-01 14:56:40.810,3.726
2026-10-01 14:56:41.844,3.710
2026-10-01 14:56:42.870,3.701
2026-10-01 14:56:43.908,3.644
2026-10-01 14:56:44.942,3.922
2026-10-01 14:56:45.985,4.461
2026-10-01 14:56:47.026,3.905
2026-10-01 14:56:48.060,3.851
2026-10-01 14:56:49.095,4.110
2026-10-01 14:56:50.129,3.910
2026-10-01 14:56:51.165,3.739
2026-10-01 14:56:52.191,3.721
2026-10-01 14:56:53.226,3.673
2026-10-01 14:56:54.260,3.699
2026-10-01 14:56:55.301,4.798
2026-10-01 14:56:56.336,3.913
2026-10-01 14:56:57.362,3.909
2026-10-01 14:56:58.395,3.896
2026-10-01 14:56:59.430,3.978
2026-10-01 14:57:00.465,3.909
2026-10-01 14:57:01.507,3.930
2026-10-01 14:57:02.533,3.704
2026-10-01 14:57:03.567,3.946
2026-10-01 14:57:04.623,3.722
2026-10-01 14:57:05.669,3.752
2026-10-01 14:57:06.714,3.947
2026-10-01 14:57:07.739,3.920
2026-10-01 14:57:08.783,3.784
2026-10-01 14:57:09.827,3.887
2026-10-01 14:57:10.872,4.606
2026-10-01 14:57:11.920,4.039
2026-10-01 14:57:12.945,3.696
2026-10-01 14:57:13.989,3.815
2026-10-01 14:57:15.036,3.889
2026-10-01 14:57:16.081,3.756
2026-10-01 14:57:17.123,3.933
2026-10-01 14:57:18.158,3.938
2026-10-01 14:57:19.197,3.934
2026-10-01 14:57:20.231,3.945
2026-10-01 14:57:21.264,3.924
2026-10-01 14:57:22.300,3.749
2026-10-01 14:57:23.334,3.632
2026-10-01 14:57:24.369,3.695
2026-10-01 14:57:25.407,3.177
2026-10-01 14:57:26.441,3.762
2026-10-01 14:57:27.486,3.729
2026-10-01 14:57:28.511,3.958
2026-10-01 14:57:29.545,3.954
2026-10-01 14:57:30.579,3.928
2026-10-01 14:57:31.614,3.877
2026-10-01 14:57:32.649,3.955
2026-10-01 14:57:33.674,3.992
2026-10-01 14:57:34.708,3.752
2026-10-01 14:57:35.743,3.712
2026-10-01 14:57:36.778,3.787
2026-10-01 14:57:37.814,3.734
2026-10-01 14:57:38.847,3.783
2026-10-01 14:57:39.882,3.927
2026-10-01 14:57:40.916,3.970
2026-10-01 14:57:41.951,3.923
2026-10-01 14:57:42.985,4.053
2026-10-01 14:57:44.025,3.969
2026-10-01 14:57:45.058,3.974
2026-10-01 14:57:46.091,3.767
2026-10-01 14:57:47.125,3.715
2026-10-01 14:57:48.161,3.750
2026-10-01 14:57:49.196,3.806
2026-10-01 14:57:50.238,3.879
2026-10-01 14:57:51.272,3.994
2026-10-01 14:57:52.306,3.960
2026-10-01 14:57:53.341,3.965
2026-10-01 14:57:54.374,4.009
2026-10-01 14:57:55.408,4.006
2026-10-01 14:57:56.443,3.720
2026-10-01 14:57:57.479,3.755
2026-10-01 14:57:58.515,3.728
2026-10-01 14:57:59.540,3.743
2026-10-01 14:58:00.574,3.754
2026-10-01 14:58:01.607,3.992
2026-10-01 14:58:02.641,3.946
2026-10-01 14:58:03.684,3.921
2026-10-01 14:58:04.709,3.962
2026-10-01 14:58:05.763,3.992
2026-10-01 14:58:06.806,3.936
2026-10-01 14:58:07.849,3.752
2026-10-01 14:58:08.892,3.716
2026-10-01 14:58:09.917,3.780
2026-10-01 14:58:10.960,3.760
2026-10-01 14:58:12.006,4.005
2026-10-01 14:58:13.050,3.966
2026-10-01 14:58:14.099,3.942
2026-10-01 14:58:15.143,3.893
2026-10-01 14:58:16.188,3.985
2026-10-01 14:58:17.228,3.970
2026-10-01 14:58:18.262,3.797
2026-10-01 14:58:19.296,3.740
2026-10-01 14:58:20.330,3.726
2026-10-01 14:58:21.364,3.734
2026-10-01 14:58:22.397,3.744
2026-10-01 14:58:23.433,3.947
2026-10-01 14:58:24.469,3.928
2026-10-01 14:58:25.503,3.917
2026-10-01 14:58:26.538,3.982
2026-10-01 14:58:27.672,4.026
2026-10-01 14:58:28.706,4.012
2026-10-01 14:58:29.740,3.785
2026-10-01 14:58:30.773,3.740
2026-10-01 14:58:31.815,3.708
2026-10-01 14:58:32.850,3.738
2026-10-01 14:58:33.884,4.858
2026-10-01 14:58:34.920,3.971
2026-10-01 14:58:35.962,3.970
2026-10-01 14:58:36.996,3.884
2026-10-01 14:58:38.031,4.028
2026-10-01 14:58:39.066,4.014
2026-10-01 14:58:40.102,3.799
2026-10-01 14:58:41.140,3.735
2026-10-01 14:58:42.177,3.719
2026-10-01 14:58:43.211,3.699
2026-10-01 14:58:44.247,3.763
2026-10-01 14:58:45.273,3.981
2026-10-01 14:58:46.308,3.977
2026-10-01 14:58:47.342,3.918
2026-10-01 14:58:48.384,3.963
2026-10-01 14:58:49.419,3.940
2026-10-01 14:58:50.461,3.988
2026-10-01 14:58:51.494,3.713
2026-10-01 14:58:52.528,3.722
2026-10-01 14:58:53.562,3.749
2026-10-01 14:58:54.596,3.803
2026-10-01 14:58:55.631,3.987
2026-10-01 14:58:56.665,4.004
2026-10-01 14:58:57.708,3.966
2026-10-01 14:58:58.743,3.877
2026-10-01 14:58:59.778,3.997
2026-10-01 14:59:00.813,3.945
2026-10-01 14:59:01.848,3.966
2026-10-01 14:59:02.885,3.744
2026-10-01 14:59:03.920,3.784
2026-10-01 14:59:04.961,3.851
2026-10-01 14:59:06.013,3.723
2026-10-01 14:59:07.068,3.986
2026-10-01 14:59:08.111,4.007
2026-10-01 14:59:09.155,3.966
2026-10-01 14:59:10.200,3.982
2026-10-01 14:59:11.245,4.016
2026-10-01 14:59:12.290,3.964
2026-10-01 14:59:13.335,3.799
2026-10-01 14:59:14.381,3.762
2026-10-01 14:59:15.437,3.735
2026-10-01 14:59:16.564,3.678
2026-10-01 14:59:17.598,3.905
2026-10-01 14:59:18.631,3.977
2026-10-01 14:59:19.667,3.972
2026-10-01 14:59:20.702,3.897
2026-10-01 14:59:21.738,3.949
2026-10-01 14:59:22.775,3.964
2026-10-01 14:59:23.819,3.698
2026-10-01 14:59:24.854,3.788
2026-10-01 14:59:25.889,3.804
2026-10-01 14:59:26.930,3.730
2026-10-01 14:59:27.963,3.748
2026-10-01 14:59:29.000,3.981
2026-10-01 14:59:30.035,3.987
2026-10-01 14:59:31.070,3.951
2026-10-01 14:59:32.105,3.983
2026-10-01 14:59:33.140,4.001
2026-10-01 14:59:34.174,3.993
2026-10-01 14:59:35.209,3.762
2026-10-01 14:59:36.251,3.774
2026-10-01 14:59:37.295,3.781
2026-10-01 14:59:38.331,3.766
2026-10-01 14:59:39.367,3.989
2026-10-01 14:59:40.406,4.013
2026-10-01 14:59:41.442,3.989
2026-10-01 14:59:42.476,3.984
2026-10-01 14:59:43.511,3.952
2026-10-01 14:59:44.545,3.972
2026-10-01 14:59:45.580,3.955
2026-10-01 14:59:46.606,3.767
2026-10-01 14:59:47.641,3.755
2026-10-01 14:59:48.684,3.748
2026-10-01 14:59:49.718,3.791
2026-10-01 14:59:50.753,3.968
2026-10-01 14:59:51.788,3.997
2026-10-01 14:59:52.826,3.937
2026-10-01 14:59:53.867,3.928
2026-10-01 14:59:54.903,4.019
2026-10-01 14:59:55.938,3.986
2026-10-01 14:59:56.975,3.767
2026-10-01 14:59:58.009,3.767
2026-10-01 14:59:59.043,3.822
2026-10-01 15:00:00.076,3.776
2026-10-01 15:00:01.110,4.115
2026-10-01 15:00:02.144,4.010
2026-10-01 15:00:03.179,3.968
2026-10-01 15:00:04.221,3.976
2026-10-01 15:00:05.270,4.010
2026-10-01 15:00:06.314,4.031
2026-10-01 15:00:07.358,3.994
2026-10-01 15:00:08.403,3.789
2026-10-01 15:00:09.447,3.756
2026-10-01 15:00:10.491,3.793
2026-10-01 15:00:11.536,3.743
2026-10-01 15:00:12.579,3.959
2026-10-01 15:00:13.625,4.022
2026-10-01 15:00:14.673,3.893
2026-10-01 15:00:15.708,4.007
2026-10-01 15:00:16.742,3.929
2026-10-01 15:00:17.767,3.936
2026-10-01 15:00:18.800,3.719
2026-10-01 15:00:19.834,4.253
2026-10-01 15:00:20.877,3.805
2026-10-01 15:00:21.913,3.842
2026-10-01 15:00:22.950,3.758
2026-10-01 15:00:23.991,4.030
2026-10-01 15:00:25.027,4.051
2026-10-01 15:00:26.066,3.745
2026-10-01 15:00:27.106,4.073
2026-10-01 15:00:28.141,4.036
2026-10-01 15:00:29.175,3.756
2026-10-01 15:00:30.211,3.816
2026-10-01 15:00:31.246,3.467
2026-10-01 15:00:32.289,4.008
2026-10-01 15:00:33.324,3.544
2026-10-01 15:00:34.359,4.263
2026-10-01 15:00:35.394,3.895
2026-10-01 15:00:36.432,3.837
2026-10-01 15:00:37.470,3.803
2026-10-01 15:00:38.508,4.073
2026-10-01 15:00:39.543,3.976
2026-10-01 15:00:40.585,3.903
2026-10-01 15:00:41.619,3.876
2026-10-01 15:00:42.653,3.752
2026-10-01 15:00:43.687,3.816
2026-10-01 15:00:44.722,3.856
2026-10-01 15:00:45.758,4.104
2026-10-01 15:00:46.793,4.125
2026-10-01 15:00:47.819,4.719
2026-10-01 15:00:48.854,3.805
2026-10-01 15:00:49.892,4.017
2026-10-01 15:00:50.927,3.992
2026-10-01 15:00:51.962,3.580
2026-10-01 15:00:52.998,3.718
2026-10-01 15:00:54.033,3.647
2026-10-01 15:00:55.068,3.709
2026-10-01 15:00:56.102,4.411
2026-10-01 15:00:57.139,4.213
2026-10-01 15:00:58.175,3.704
2026-10-01 15:00:59.211,3.706
2026-10-01 15:01:00.259,4.073
2026-10-01 15:01:01.300,3.736
2026-10-01 15:01:02.351,3.529
2026-10-01 15:01:03.396,3.542
2026-10-01 15:01:04.441,4.251
2026-10-01 15:01:05.490,3.497
2026-10-01 15:01:06.540,4.108
2026-10-01 15:01:07.621,4.089
2026-10-01 15:01:08.667,3.892
2026-10-01 15:01:09.713,3.643
2026-10-01 15:01:10.758,4.437
2026-10-01 15:01:11.806,3.738
2026-10-01 15:01:12.842,3.749
2026-10-01 15:01:13.877,3.662
2026-10-01 15:01:14.912,3.735
2026-10-01 15:01:15.948,4.201
2026-10-01 15:01:16.985,3.870
2026-10-01 15:01:18.023,3.858
2026-10-01 15:01:19.049,3.767
2026-10-01 15:01:20.085,3.836
2026-10-01 15:01:21.123,3.973
2026-10-01 15:01:22.157,3.758
2026-10-01 15:01:23.193,4.415
2026-10-01 15:01:24.230,3.759
2026-10-01 15:01:25.272,4.205
2026-10-01 15:01:26.307,3.739
2026-10-01 15:01:27.343,3.547
2026-10-01 15:01:28.379,4.041
2026-10-01 15:01:29.414,4.023
2026-10-01 15:01:30.457,3.807
2026-10-01 15:01:31.495,4.030
2026-10-01 15:01:32.532,3.850
2026-10-01 15:01:33.567,3.735
2026-10-01 15:01:34.603,4.110
2026-10-01 15:01:35.639,3.487
2026-10-01 15:01:36.672,3.639
2026-10-01 15:01:37.706,3.662
2026-10-01 15:01:38.740,3.673
2026-10-01 15:01:39.782,3.879
2026-10-01 15:01:40.815,3.967
2026-10-01 15:01:41.849,3.870
2026-10-01 15:01:42.884,3.831
2026-10-01 15:01:43.917,4.005
2026-10-01 15:01:44.951,3.880
2026-10-01 15:01:45.985,3.646
2026-10-01 15:01:47.018,3.671
2026-10-01 15:01:48.054,3.667
2026-10-01 15:01:49.087,3.708
2026-10-01 15:01:50.112,3.704
2026-10-01 15:01:51.146,3.905
2026-10-01 15:01:52.180,3.892
2026-10-01 15:01:53.213,3.842
2026-10-01 15:01:54.247,4.107
2026-10-01 15:01:55.280,3.886
2026-10-01 15:01:56.312,3.909
2026-10-01 15:01:57.347,3.679
2026-10-01 15:01:58.381,3.718
2026-10-01 15:01:59.415,3.670
2026-10-01 15:02:00.459,3.648
2026-10-01 15:02:01.503,3.861
2026-10-01 15:02:02.547,3.895
2026-10-01 15:02:03.592,3.901
2026-10-01 15:02:04.637,3.805
2026-10-01 15:02:05.681,3.896
2026-10-01 15:02:06.726,3.902
2026-10-01 15:02:07.771,3.681
2026-10-01 15:02:08.816,3.653
2026-10-01 15:02:09.861,3.632
2026-10-01 15:02:10.914,3.668
2026-10-01 15:02:11.949,4.043
2026-10-01 15:02:12.983,3.920
2026-10-01 15:02:14.017,3.852
2026-10-01 15:02:15.052,3.876
2026-10-01 15:02:16.087,3.865
2026-10-01 15:02:17.126,3.887
2026-10-01 15:02:18.204,3.877
2026-10-01 15:02:19.239,3.695
2026-10-01 15:02:20.264,3.656
2026-10-01 15:02:21.297,3.658
2026-10-01 15:02:22.331,3.703
2026-10-01 15:02:23.365,3.870
2026-10-01 15:02:24.399,3.908
2026-10-01 15:02:25.436,3.898
2026-10-01 15:02:26.477,3.831
2026-10-01 15:02:27.569,3.942
2026-10-01 15:02:28.610,4.575
2026-10-01 15:02:29.645,3.691
2026-10-01 15:02:30.680,3.684
2026-10-01 15:02:31.719,3.666
2026-10-01 15:02:32.752,3.732
2026-10-01 15:02:33.795,3.687
2026-10-01 15:02:34.830,3.871
2026-10-01 15:02:35.865,3.872
2026-10-01 15:02:36.900,3.848
2026-10-01 15:02:37.936,3.946
2026-10-01 15:02:38.970,3.875
2026-10-01 15:02:40.012,3.984
2026-10-01 15:02:41.052,3.683
2026-10-01 15:02:42.089,3.680
2026-10-01 15:02:43.123,3.666
2026-10-01 15:02:44.157,3.674
2026-10-01 15:02:45.192,3.886
2026-10-01 15:02:46.226,3.883
2026-10-01 15:02:47.266,3.889
2026-10-01 15:02:48.307,3.840
2026-10-01 15:02:49.341,3.918
2026-10-01 15:02:50.376,3.916
2026-10-01 15:02:51.402,3.701
2026-10-01 15:02:52.438,3.773
2026-10-01 15:02:53.472,3.672
2026-10-01 15:02:54.506,3.622
2026-10-01 15:02:55.543,3.673
2026-10-01 15:02:56.577,3.892
2026-10-01 15:02:57.711,3.862
2026-10-01 15:02:58.744,3.840
2026-10-01 15:02:59.786,4.081
2026-10-01 15:03:00.830,3.905
2026-10-01 15:03:01.877,3.896
2026-10-01 15:03:02.926,3.676
2026-10-01 15:03:03.971,3.684
2026-10-01 15:03:05.019,3.671
2026-10-01 15:03:06.078,3.699
2026-10-01 15:03:07.132,3.835
2026-10-01 15:03:08.181,3.900
2026-10-01 15:03:09.229,3.856
2026-10-01 15:03:10.274,3.829
2026-10-01 15:03:11.334,3.894
2026-10-01 15:03:12.373,3.886
2026-10-01 15:03:13.410,3.685
2026-10-01 15:03:14.452,3.780
2026-10-01 15:03:15.487,3.664
2026-10-01 15:03:16.526,3.669
2026-10-01 15:03:17.574,3.841
2026-10-01 15:03:18.616,3.899
2026-10-01 15:03:19.653,3.866
2026-10-01 15:03:20.690,3.840
2026-10-01 15:03:21.716,3.890
2026-10-01 15:03:22.751,3.914
2026-10-01 15:03:23.790,3.849
2026-10-01 15:03:24.825,3.673
2026-10-01 15:03:25.859,3.652
2026-10-01 15:03:26.901,3.653
2026-10-01 15:03:27.935,3.692
2026-10-01 15:03:28.969,3.845
2026-10-01 15:03:30.003,3.912
2026-10-01 15:03:31.037,3.872
2026-10-01 15:03:32.071,3.899
2026-10-01 15:03:33.107,3.925
2026-10-01 15:03:34.143,3.842
2026-10-01 15:03:35.183,3.684
2026-10-01 15:03:36.220,3.667
2026-10-01 15:03:37.257,3.705
2026-10-01 15:03:38.292,3.693
2026-10-01 15:03:39.326,3.665
2026-10-01 15:03:40.360,3.864
2026-10-01 15:03:41.494,3.988
2026-10-01 15:03:42.528,3.842
2026-10-01 15:03:43.561,3.914
2026-10-01 15:03:44.597,3.873
2026-10-01 15:03:45.631,3.994
2026-10-01 15:03:46.664,3.670
2026-10-01 15:03:47.698,3.649
2026-10-01 15:03:48.732,3.663
2026-10-01 15:03:49.768,3.681
2026-10-01 15:03:50.803,4.821
2026-10-01 15:03:51.845,3.904
2026-10-01 15:03:52.871,3.823
2026-10-01 15:03:53.915,3.859
2026-10-01 15:03:54.950,3.867
2026-10-01 15:03:55.985,3.909
2026-10-01 15:03:57.019,3.683
2026-10-01 15:03:58.054,3.645
2026-10-01 15:03:59.088,3.651
2026-10-01 15:04:00.123,3.656
2026-10-01 15:04:01.165,3.688
2026-10-01 15:04:02.201,3.890
2026-10-01 15:04:03.246,3.894
2026-10-01 15:04:04.292,3.825
2026-10-01 15:04:05.340,4.041
2026-10-01 15:04:06.387,3.957
2026-10-01 15:04:07.442,3.960
2026-10-01 15:04:08.596,3.662
2026-10-01 15:04:09.642,3.666
2026-10-01 15:04:10.688,3.694
2026-10-01 15:04:11.732,3.643
2026-10-01 15:04:12.775,3.872
2026-10-01 15:04:13.822,3.900
2026-10-01 15:04:14.867,3.856
2026-10-01 15:04:15.900,3.809
2026-10-01 15:04:16.934,3.973
2026-10-01 15:04:17.967,3.935
2026-10-01 15:04:19.000,3.694
2026-10-01 15:04:20.033,3.628
2026-10-01 15:04:21.072,3.663
2026-10-01 15:04:22.106,3.662
2026-10-01 15:04:23.131,3.891
2026-10-01 15:04:24.164,3.866
2026-10-01 15:04:25.199,3.994
2026-10-01 15:04:26.232,3.867
2026-10-01 15:04:27.268,3.870
2026-10-01 15:04:28.300,3.901
2026-10-01 15:04:29.334,4.006
2026-10-01 15:04:30.366,3.664
2026-10-01 15:04:31.400,3.690
2026-10-01 15:04:32.434,3.673
2026-10-01 15:04:33.468,3.680
2026-10-01 15:04:34.501,3.931
2026-10-01 15:04:35.535,3.865
2026-10-01 15:04:36.571,4.011
2026-10-01 15:04:37.604,3.853
2026-10-01 15:04:38.637,3.927
2026-10-01 15:04:39.677,3.884
2026-10-01 15:04:40.711,3.638
2026-10-01 15:04:41.744,3.657
2026-10-01 15:04:42.779,3.667
2026-10-01 15:04:43.813,3.649
2026-10-01 15:04:44.847,3.716
2026-10-01 15:04:45.882,3.895
2026-10-01 15:04:46.920,3.905
2026-10-01 15:04:47.955,3.843
2026-10-01 15:04:48.991,3.869
2026-10-01 15:04:50.035,3.895
2026-10-01 15:04:51.073,3.900
2026-10-01 15:04:52.109,3.648
2026-10-01 15:04:53.145,3.700
2026-10-01 15:04:54.171,3.664
2026-10-01 15:04:55.206,3.644
2026-10-01 15:04:56.240,3.881
2026-10-01 15:04:57.274,3.900
2026-10-01 15:04:58.308,3.897
2026-10-01 15:04:59.342,3.936
2026-10-01 15:05:00.378,3.875
2026-10-01 15:05:01.420,3.915
2026-10-01 15:05:02.461,3.715
2026-10-01 15:05:03.511,3.662
2026-10-01 15:05:04.555,4.025
2026-10-01 15:05:05.599,3.772
2026-10-01 15:05:06.642,3.745
2026-10-01 15:05:07.688,3.915
2026-10-01 15:05:08.743,3.921
2026-10-01 15:05:09.788,3.851
2026-10-01 15:05:10.831,4.016
2026-10-01 15:05:11.877,3.906
2026-10-01 15:05:12.923,3.866
2026-10-01 15:05:13.957,3.682
2026-10-01 15:05:15.092,3.684
2026-10-01 15:05:16.128,3.653
2026-10-01 15:05:17.167,3.656
2026-10-01 15:05:18.201,4.827
2026-10-01 15:05:19.236,3.882
2026-10-01 15:05:20.271,3.810
2026-10-01 15:05:21.306,3.881
2026-10-01 15:05:22.340,3.931
2026-10-01 15:05:23.375,4.016
2026-10-01 15:05:24.401,3.692
2026-10-01 15:05:25.438,3.670
2026-10-01 15:05:26.473,3.694
2026-10-01 15:05:27.507,3.665
2026-10-01 15:05:28.548,3.689
2026-10-01 15:05:29.583,3.940
2026-10-01 15:05:30.617,3.900
2026-10-01 15:05:31.664,3.831
2026-10-01 15:05:32.699,3.890
2026-10-01 15:05:33.734,3.858
2026-10-01 15:05:34.768,3.916
2026-10-01 15:05:35.803,3.684
2026-10-01 15:05:36.837,3.691
2026-10-01 15:05:37.871,3.700
2026-10-01 15:05:38.911,3.705
2026-10-01 15:05:39.946,3.875
2026-10-01 15:05:40.981,3.856
2026-10-01 15:05:42.015,3.874
2026-10-01 15:05:43.049,3.862
2026-10-01 15:05:44.091,4.006
2026-10-01 15:05:45.124,3.974
2026-10-01 15:05:46.160,3.784
2026-10-01 15:05:47.195,3.708
2026-10-01 15:05:48.234,3.641
2026-10-01 15:05:49.270,3.663
2026-10-01 15:05:50.305,3.667
2026-10-01 15:05:51.339,3.880
2026-10-01 15:05:52.374,3.904
2026-10-01 15:05:53.408,3.967
2026-10-01 15:05:54.442,3.879
2026-10-01 15:05:55.467,3.893
2026-10-01 15:05:56.501,3.856
2026-10-01 15:05:57.538,3.664
2026-10-01 15:05:58.581,3.726
2026-10-01 15:05:59.615,3.675
2026-10-01 15:06:00.650,3.671
2026-10-01 15:06:01.710,3.872
2026-10-01 15:06:02.755,3.870
2026-10-01 15:06:03.800,3.839
2026-10-01 15:06:04.844,3.848
2026-10-01 15:06:05.989,3.877
2026-10-01 15:06:07.033,4.168
2026-10-01 15:06:08.078,3.848
2026-10-01 15:06:09.122,3.701
2026-10-01 15:06:10.169,3.693
2026-10-01 15:06:11.195,3.691
2026-10-01 15:06:12.239,3.671
2026-10-01 15:06:13.274,3.885
2026-10-01 15:06:14.308,3.889
2026-10-01 15:06:15.343,3.825
2026-10-01 15:06:16.369,3.895
2026-10-01 15:06:17.403,3.902
2026-10-01 15:06:18.438,3.876
2026-10-01 15:06:19.473,3.675
2026-10-01 15:06:20.508,3.680
2026-10-01 15:06:21.542,3.655
2026-10-01 15:06:22.575,3.682
2026-10-01 15:06:23.610,3.865
2026-10-01 15:06:24.644,3.879
2026-10-01 15:06:25.670,3.875
2026-10-01 15:06:26.704,3.825
2026-10-01 15:06:27.745,3.915
2026-10-01 15:06:28.779,3.844
2026-10-01 15:06:29.813,3.660
2026-10-01 15:06:30.838,3.681
2026-10-01 15:06:31.871,3.672
2026-10-01 15:06:32.904,3.649
2026-10-01 15:06:33.938,3.662
2026-10-01 15:06:34.972,3.884
2026-10-01 15:06:36.006,3.888
2026-10-01 15:06:37.040,4.472
2026-10-01 15:06:38.073,3.781
2026-10-01 15:06:39.108,3.877
2026-10-01 15:06:40.141,3.885
2026-10-01 15:06:41.176,3.630
2026-10-01 15:06:42.209,3.726
2026-10-01 15:06:43.251,3.684
2026-10-01 15:06:44.285,3.680
2026-10-01 15:06:45.319,3.825
2026-10-01 15:06:46.355,3.881
2026-10-01 15:06:47.390,3.867
2026-10-01 15:06:48.423,3.831
2026-10-01 15:06:49.460,3.855
2026-10-01 15:06:50.494,3.889
2026-10-01 15:06:51.528,3.838
2026-10-01 15:06:52.561,3.720
2026-10-01 15:06:53.594,3.627
2026-10-01 15:06:54.636,3.639
2026-10-01 15:06:55.671,3.635
2026-10-01 15:06:56.707,3.911
2026-10-01 15:06:57.740,3.889
2026-10-01 15:06:58.777,3.865
2026-10-01 15:06:59.811,3.825
2026-10-01 15:07:00.845,3.914
2026-10-01 15:07:01.870,3.883
2026-10-01 15:07:02.914,3.672
2026-10-01 15:07:03.958,3.691
2026-10-01 15:07:05.002,3.700
2026-10-01 15:07:06.047,3.675
2026-10-01 15:07:07.094,3.839
2026-10-01 15:07:08.144,3.895
2026-10-01 15:07:09.195,3.832
2026-10-01 15:07:10.239,3.823
2026-10-01 15:07:11.282,3.862
2026-10-01 15:07:12.326,3.872
2026-10-01 15:07:13.371,3.879
2026-10-01 15:07:14.405,3.692
2026-10-01 15:07:15.439,3.656
2026-10-01 15:07:16.481,3.653
2026-10-01 15:07:17.516,3.685
2026-10-01 15:07:18.549,3.900
2026-10-01 15:07:19.584,3.898
2026-10-01 15:07:20.618,3.852
2026-10-01 15:07:21.661,3.823
2026-10-01 15:07:22.694,3.890
2026-10-01 15:07:23.728,3.906
2026-10-01 15:07:24.761,3.691
2026-10-01 15:07:25.795,3.665
2026-10-01 15:07:26.828,3.686
2026-10-01 15:07:27.862,3.672
2026-10-01 15:07:28.898,3.925
2026-10-01 15:07:29.933,3.863
2026-10-01 15:07:30.969,3.907
2026-10-01 15:07:32.004,3.814
2026-10-01 15:07:33.029,3.892
2026-10-01 15:07:34.063,3.881
2026-10-01 15:07:35.097,3.907
2026-10-01 15:07:36.130,3.667
2026-10-01 15:07:37.163,3.800
2026-10-01 15:07:38.197,3.640
2026-10-01 15:07:39.229,3.644
2026-10-01 15:07:40.266,4.512
2026-10-01 15:07:41.299,3.892
2026-10-01 15:07:42.333,3.923
2026-10-01 15:07:43.366,3.816
2026-10-01 15:07:44.399,3.978
2026-10-01 15:07:45.433,3.863
2026-10-01 15:07:46.468,3.670
2026-10-01 15:07:47.503,3.674
2026-10-01 15:07:48.541,3.644
2026-10-01 15:07:49.576,3.659
2026-10-01 15:07:50.609,3.918
2026-10-01 15:07:51.643,3.936
2026-10-01 15:07:52.677,3.873
2026-10-01 15:07:53.710,3.866
2026-10-01 15:07:54.743,3.946
2026-10-01 15:07:55.776,3.892
2026-10-01 15:07:56.810,3.884
2026-10-01 15:07:57.944,4.425
2026-10-01 15:07:58.979,3.682
2026-10-01 15:08:00.015,3.720
2026-10-01 15:08:01.051,3.649
2026-10-01 15:08:02.087,3.919
2026-10-01 15:08:03.113,3.892
2026-10-01 15:08:04.157,3.865
2026-10-01 15:08:05.201,3.828
2026-10-01 15:08:06.246,3.939
2026-10-01 15:08:07.343,3.927
2026-10-01 15:08:08.386,3.677
2026-10-01 15:08:09.431,3.758
2026-10-01 15:08:10.475,3.734
2026-10-01 15:08:11.520,3.739
2026-10-01 15:08:12.565,4.525
2026-10-01 15:08:13.600,3.882
2026-10-01 15:08:14.642,3.960
2026-10-01 15:08:15.677,3.839
2026-10-01 15:08:16.712,3.885
2026-10-01 15:08:17.746,3.942
2026-10-01 15:08:18.783,3.935
2026-10-01 15:08:19.817,3.655
2026-10-01 15:08:20.852,3.647
2026-10-01 15:08:21.886,3.678
2026-10-01 15:08:22.920,3.772
2026-10-01 15:08:23.954,3.871
2026-10-01 15:08:24.988,3.900
2026-10-01 15:08:26.022,3.827
2026-10-01 15:08:27.056,3.791
2026-10-01 15:08:28.091,3.889
2026-10-01 15:08:29.126,3.914
2026-10-01 15:08:30.160,3.653
2026-10-01 15:08:31.296,3.670
2026-10-01 15:08:32.333,3.664
2026-10-01 15:08:33.369,3.642
2026-10-01 15:08:34.395,3.878
2026-10-01 15:08:35.430,3.871
2026-10-01 15:08:36.464,3.891
2026-10-01 15:08:37.499,3.877
2026-10-01 15:08:38.533,3.925
2026-10-01 15:08:39.576,3.902
2026-10-01 15:08:40.611,3.855
2026-10-01 15:08:41.647,3.651
2026-10-01 15:08:42.683,3.700
2026-10-01 15:08:43.716,3.667
2026-10-01 15:08:44.751,3.668
2026-10-01 15:08:45.786,3.898
2026-10-01 15:08:46.822,3.885
2026-10-01 15:08:47.857,3.972
2026-10-01 15:08:48.891,3.806
2026-10-01 15:08:49.926,3.849
2026-10-01 15:08:50.960,3.884
2026-10-01 15:08:51.995,3.685
2026-10-01 15:08:53.030,3.631
2026-10-01 15:08:54.065,3.653
2026-10-01 15:08:55.099,3.687
2026-10-01 15:08:56.134,4.184
2026-10-01 15:08:57.169,3.878
2026-10-01 15:08:58.203,3.923
2026-10-01 15:08:59.237,3.806
2026-10-01 15:09:00.372,3.973
2026-10-01 15:09:01.407,3.894
2026-10-01 15:09:02.457,3.873
2026-10-01 15:09:03.503,3.658
2026-10-01 15:09:04.529,3.650
2026-10-01 15:09:05.573,3.977
2026-10-01 15:09:06.618,3.651
2026-10-01 15:09:07.661,4.028
2026-10-01 15:09:08.706,3.892
2026-10-01 15:09:09.750,3.875
2026-10-01 15:09:10.795,3.884
2026-10-01 15:09:11.841,3.841
2026-10-01 15:09:12.882,3.912
2026-10-01 15:09:13.917,3.616
2026-10-01 15:09:14.953,3.798
2026-10-01 15:09:15.988,3.675
2026-10-01 15:09:17.023,3.678
2026-10-01 15:09:18.062,3.870
2026-10-01 15:09:19.104,3.881
2026-10-01 15:09:20.145,3.905
2026-10-01 15:09:21.180,3.865
2026-10-01 15:09:22.217,3.909
2026-10-01 15:09:23.252,3.906
2026-10-01 15:09:24.287,3.938
2026-10-01 15:09:25.321,3.642
2026-10-01 15:09:26.355,4.156
2026-10-01 15:09:27.394,3.719
2026-10-01 15:09:28.431,3.754
2026-10-01 15:09:29.475,4.228
2026-10-01 15:09:30.510,3.845
2026-10-01 15:09:31.547,4.198
2026-10-01 15:09:32.583,4.060
2026-10-01 15:09:33.619,3.972
2026-10-01 15:09:34.657,3.790
2026-10-01 15:09:35.683,3.764
2026-10-01 15:09:36.718,3.879
2026-10-01 15:09:37.753,3.834
2026-10-01 15:09:38.794,3.816
2026-10-01 15:09:39.828,3.660
2026-10-01 15:09:40.871,4.063
2026-10-01 15:09:41.908,3.942
2026-10-01 15:09:42.948,4.188
2026-10-01 15:09:43.989,3.962
2026-10-01 15:09:45.125,3.804
2026-10-01 15:09:46.164,3.909
2026-10-01 15:09:47.199,3.597
2026-10-01 15:09:48.237,3.529
2026-10-01 15:09:49.273,3.824
2026-10-01 15:09:50.317,4.237
2026-10-01 15:09:51.355,3.530
2026-10-01 15:09:52.393,3.946
2026-10-01 15:09:53.435,3.755
2026-10-01 15:09:54.470,4.055
2026-10-01 15:09:55.505,3.870
2026-10-01 15:09:56.540,2.583
2026-10-01 15:09:57.579,3.718
2026-10-01 15:09:58.621,3.710
2026-10-01 15:09:59.655,3.677
2026-10-01 15:10:00.691,3.550
2026-10-01 15:10:01.735,3.732
2026-10-01 15:10:02.779,4.440
2026-10-01 15:10:03.823,4.432
2026-10-01 15:10:04.868,3.709
2026-10-01 15:10:05.894,3.792
2026-10-01 15:10:06.939,3.746
2026-10-01 15:10:07.983,3.891
2026-10-01 15:10:09.035,3.683
2026-10-01 15:10:10.081,3.793
2026-10-01 15:10:11.129,3.397
2026-10-01 15:10:12.165,3.690
2026-10-01 15:10:13.206,3.857
2026-10-01 15:10:14.240,3.214
2026-10-01 15:10:15.276,3.422
2026-10-01 15:10:16.309,2.555
2026-10-01 15:10:17.344,3.384
2026-10-01 15:10:18.377,2.842
2026-10-01 15:10:19.411,3.692
2026-10-01 15:10:20.445,3.708
2026-10-01 15:10:21.479,3.681
2026-10-01 15:10:22.520,3.856
2026-10-01 15:10:23.557,4.379
2026-10-01 15:10:24.594,3.919
2026-10-01 15:10:25.619,3.504
2026-10-01 15:10:26.654,2.593
2026-10-01 15:10:27.679,2.825
2026-10-01 15:10:28.705,2.687
2026-10-01 15:10:29.732,2.636
2026-10-01 15:10:30.758,2.415
2026-10-01 15:10:31.784,2.824
2026-10-01 15:10:32.809,2.287
2026-10-01 15:10:33.843,2.367
2026-10-01 15:10:34.869,2.670
2026-10-01 15:10:35.895,2.602
2026-10-01 15:10:36.923,2.689
2026-10-01 15:10:37.949,2.554
2026-10-01 15:10:38.976,2.610
2026-10-01 15:10:40.002,2.518
2026-10-01 15:10:41.028,2.553
2026-10-01 15:10:42.054,2.393
2026-10-01 15:10:43.080,2.378
2026-10-01 15:10:44.117,2.373
2026-10-01 15:10:45.143,2.427
2026-10-01 15:10:46.169,2.548
2026-10-01 15:10:47.195,2.691
2026-10-01 15:10:48.221,2.523
2026-10-01 15:10:49.254,2.602
2026-10-01 15:10:50.280,2.591
2026-10-01 15:10:51.308,2.632
2026-10-01 15:10:52.336,2.311
2026-10-01 15:10:53.361,2.407
2026-10-01 15:10:54.389,2.367
2026-10-01 15:10:55.416,2.467
2026-10-01 15:10:56.442,2.611
2026-10-01 15:10:57.468,2.649
2026-10-01 15:10:58.493,2.578
2026-10-01 15:10:59.522,2.581
2026-10-01 15:11:00.548,2.801
2026-10-01 15:11:01.574,2.716
2026-10-01 15:11:02.600,2.571
2026-10-01 15:11:03.644,2.471
2026-10-01 15:11:04.670,2.390
2026-10-01 15:11:05.696,2.329
2026-10-01 15:11:06.723,2.475
2026-10-01 15:11:07.750,2.506
2026-10-01 15:11:08.777,2.688
2026-10-01 15:11:09.822,2.532
2026-10-01 15:11:10.851,2.520
2026-10-01 15:11:11.880,2.562
2026-10-01 15:11:12.906,2.632
2026-10-01 15:11:13.932,2.283
2026-10-01 15:11:14.974,2.304
2026-10-01 15:11:16.000,2.414
2026-10-01 15:11:17.029,2.351
2026-10-01 15:11:18.055,2.357
2026-10-01 15:11:19.081,2.568
2026-10-01 15:11:20.107,2.650
2026-10-01 15:11:21.143,2.454
2026-10-01 15:11:22.169,2.588
2026-10-01 15:11:23.199,3.072
2026-10-01 15:11:24.227,2.549
2026-10-01 15:11:25.253,2.327
2026-10-01 15:11:26.289,2.337
2026-10-01 15:11:27.315,2.424
2026-10-01 15:11:28.341,2.272
2026-10-01 15:11:29.367,2.513
2026-10-01 15:11:30.393,2.736
2026-10-01 15:11:31.428,2.573
2026-10-01 15:11:32.456,2.423
2026-10-01 15:11:33.482,2.513
2026-10-01 15:11:34.508,2.570
2026-10-01 15:11:35.634,2.962
2026-10-01 15:11:36.668,2.336
2026-10-01 15:11:37.698,2.298
2026-10-01 15:11:38.724,2.295
2026-10-01 15:11:39.751,2.269
2026-10-01 15:11:40.777,2.557
2026-10-01 15:11:41.811,2.549
2026-10-01 15:11:42.847,2.426
2026-10-01 15:11:43.873,2.557
2026-10-01 15:11:44.899,3.129
2026-10-01 15:11:45.925,2.508
2026-10-01 15:11:46.959,2.313
2026-10-01 15:11:47.985,2.321
2026-10-01 15:11:49.013,2.351
2026-10-01 15:11:50.039,2.528
2026-10-01 15:11:51.065,2.561
2026-10-01 15:11:52.091,2.591
2026-10-01 15:11:53.125,2.549
2026-10-01 15:11:54.151,2.565
2026-10-01 15:11:55.177,2.603
2026-10-01 15:11:56.207,2.512
2026-10-01 15:11:57.232,2.555
2026-10-01 15:11:58.267,2.334
2026-10-01 15:11:59.293,2.383
2026-10-01 15:12:00.319,2.371
2026-10-01 15:12:01.345,2.291
2026-10-01 15:12:02.370,2.483
2026-10-01 15:12:03.409,2.595
2026-10-01 15:12:04.444,2.424
2026-10-01 15:12:05.483,2.513
2026-10-01 15:12:06.510,2.615
2026-10-01 15:12:07.537,2.543
2026-10-01 15:12:08.565,2.321
2026-10-01 15:12:09.590,2.297
2026-10-01 15:12:10.634,2.304
2026-10-01 15:12:11.660,2.351
2026-10-01 15:12:12.686,2.502
2026-10-01 15:12:13.712,2.601
2026-10-01 15:12:14.738,2.570
2026-10-01 15:12:15.765,2.522
2026-10-01 15:12:16.792,2.556
2026-10-01 15:12:17.818,2.526
2026-10-01 15:12:18.844,2.605
2026-10-01 15:12:19.871,2.427
2026-10-01 15:12:20.897,2.263
2026-10-01 15:12:21.926,2.427
2026-10-01 15:12:22.953,2.344
2026-10-01 15:12:23.979,2.577
2026-10-01 15:12:25.005,2.547
2026-10-01 15:12:26.044,2.498
2026-10-01 15:12:27.070,2.460
2026-10-01 15:12:28.099,3.084
2026-10-01 15:12:29.125,2.526
2026-10-01 15:12:30.151,2.595
2026-10-01 15:12:31.184,2.404
2026-10-01 15:12:32.210,2.378
2026-10-01 15:12:33.238,2.378
2026-10-01 15:12:34.266,2.384
2026-10-01 15:12:35.291,2.555
2026-10-01 15:12:36.330,2.559
2026-10-01 15:12:37.358,2.958
2026-10-01 15:12:38.384,2.628
2026-10-01 15:12:39.410,2.526
2026-10-01 15:12:40.436,2.567
2026-10-01 15:12:41.470,2.276
2026-10-01 15:12:42.496,2.378
2026-10-01 15:12:43.523,2.341
2026-10-01 15:12:44.549,2.339
2026-10-01 15:12:45.575,2.641
2026-10-01 15:12:46.611,2.506
2026-10-01 15:12:47.640,2.592
2026-10-01 15:12:48.666,4.373
2026-10-01 15:12:49.702,2.754
2026-10-01 15:12:50.736,2.521
2026-10-01 15:12:51.773,2.482
2026-10-01 15:12:52.811,2.408
2026-10-01 15:12:53.839,3.380
2026-10-01 15:12:54.875,3.577
2026-10-01 15:12:55.912,3.351
2026-10-01 15:12:56.949,4.641
2026-10-01 15:12:57.986,3.556
2026-10-01 15:12:59.023,3.702
2026-10-01 15:13:00.060,4.540
2026-10-01 15:13:01.098,3.636
2026-10-01 15:13:02.135,3.584
2026-10-01 15:13:03.172,3.389
2026-10-01 15:13:04.211,3.519
2026-10-01 15:13:05.245,3.834
2026-10-01 15:13:06.279,3.861
2026-10-01 15:13:07.316,4.018
2026-10-01 15:13:08.350,3.947
2026-10-01 15:13:09.385,4.014
2026-10-01 15:13:10.421,4.089
2026-10-01 15:13:11.465,4.033
2026-10-01 15:13:12.510,4.036
2026-10-01 15:13:13.557,3.534
2026-10-01 15:13:14.605,3.404
2026-10-01 15:13:15.654,3.453
2026-10-01 15:13:16.701,3.387
2026-10-01 15:13:17.748,3.387
2026-10-01 15:13:18.795,3.581
2026-10-01 15:13:19.843,4.616
2026-10-01 15:13:20.889,3.759
2026-10-01 15:13:21.926,3.555
2026-10-01 15:13:22.963,3.588
2026-10-01 15:13:23.989,5.845
2026-10-01 15:13:25.023,3.861
2026-10-01 15:13:26.058,3.866
2026-10-01 15:13:27.092,3.903
2026-10-01 15:13:28.125,3.444
2026-10-01 15:13:29.151,4.032
2026-10-01 15:13:30.185,4.130
2026-10-01 15:13:31.226,4.005
2026-10-01 15:13:32.267,5.228
2026-10-01 15:13:33.302,4.547
2026-10-01 15:13:34.340,4.295
2026-10-01 15:13:35.374,4.045
2026-10-01 15:13:36.415,3.244
2026-10-01 15:13:37.452,3.892
2026-10-01 15:13:38.489,4.560
2026-10-01 15:13:39.527,3.935
2026-10-01 15:13:40.566,5.204
2026-10-01 15:13:41.606,4.114
2026-10-01 15:13:42.649,4.169
2026-10-01 15:13:43.686,4.067
2026-10-01 15:13:44.724,4.244
2026-10-01 15:13:45.766,4.293
2026-10-01 15:13:46.805,4.028
2026-10-01 15:13:47.852,4.088
2026-10-01 15:13:48.891,4.006
2026-10-01 15:13:49.930,4.027
2026-10-01 15:13:50.973,4.137
2026-10-01 15:13:52.012,4.257
2026-10-01 15:13:53.051,4.733
2026-10-01 15:13:54.088,4.878
2026-10-01 15:13:55.124,5.174
2026-10-01 15:13:56.160,5.329
2026-10-01 15:13:57.195,3.916
2026-10-01 15:13:58.231,2.373
2026-10-01 15:13:59.267,4.069
2026-10-01 15:14:00.294,4.123
2026-10-01 15:14:01.328,3.566
2026-10-01 15:14:02.363,4.512
2026-10-01 15:14:03.397,3.861
2026-10-01 15:14:04.431,3.616
2026-10-01 15:14:05.456,3.902
2026-10-01 15:14:06.490,4.058
2026-10-01 15:14:07.524,4.239
2026-10-01 15:14:08.558,3.682
2026-10-01 15:14:09.608,3.516
2026-10-01 15:14:10.652,3.751
2026-10-01 15:14:11.694,3.643
2026-10-01 15:14:12.738,3.268
2026-10-01 15:14:13.781,3.491
2026-10-01 15:14:14.826,3.506
2026-10-01 15:14:15.871,3.456
2026-10-01 15:14:16.914,3.516
2026-10-01 15:14:17.955,3.518
2026-10-01 15:14:18.991,3.478
2026-10-01 15:14:20.025,3.258
2026-10-01 15:14:21.058,3.294
2026-10-01 15:14:22.093,3.350
2026-10-01 15:14:23.126,3.257
2026-10-01 15:14:24.160,3.507
2026-10-01 15:14:25.193,3.440
2026-10-01 15:14:26.226,3.492
2026-10-01 15:14:27.260,3.424
2026-10-01 15:14:28.295,3.426
2026-10-01 15:14:29.330,3.411
2026-10-01 15:14:30.375,3.608
2026-10-01 15:14:31.413,3.250
2026-10-01 15:14:32.449,3.272
2026-10-01 15:14:33.487,3.305
2026-10-01 15:14:34.521,3.347
2026-10-01 15:14:35.557,3.459
2026-10-01 15:14:36.582,3.465
2026-10-01 15:14:37.615,3.395
2026-10-01 15:14:38.648,3.452
2026-10-01 15:14:39.685,3.467
2026-10-01 15:14:40.751,3.564
2026-10-01 15:14:41.784,3.251
2026-10-01 15:14:42.824,3.295
2026-10-01 15:14:43.857,3.204
2026-10-01 15:14:44.891,3.363
2026-10-01 15:14:45.923,3.428
2026-10-01 15:14:46.957,3.512
2026-10-01 15:14:47.997,3.450
2026-10-01 15:14:49.031,3.473
2026-10-01 15:14:50.067,4.362
2026-10-01 15:14:51.102,3.547
2026-10-01 15:14:52.137,3.507
2026-10-01 15:14:53.174,3.307
2026-10-01 15:14:54.208,3.249
2026-10-01 15:14:55.249,3.295
2026-10-01 15:14:56.384,3.308
2026-10-01 15:14:57.419,3.527
2026-10-01 15:14:58.461,3.642
2026-10-01 15:14:59.498,3.397
2026-10-01 15:15:00.532,3.448
2026-10-01 15:15:01.567,3.533
2026-10-01 15:15:02.602,3.468
2026-10-01 15:15:03.637,3.243
2026-10-01 15:15:04.672,3.256
2026-10-01 15:15:05.717,3.278
2026-10-01 15:15:06.744,3.260
2026-10-01 15:15:07.827,4.434
2026-10-01 15:15:08.872,3.503
2026-10-01 15:15:09.924,3.911
2026-10-01 15:15:10.976,3.605
2026-10-01 15:15:12.020,3.547
2026-10-01 15:15:13.066,3.570
2026-10-01 15:15:14.110,3.557
2026-10-01 15:15:15.145,3.355
2026-10-01 15:15:16.179,3.288
2026-10-01 15:15:17.214,3.241
2026-10-01 15:15:18.256,3.283
2026-10-01 15:15:19.295,3.508
2026-10-01 15:15:20.330,3.556
2026-10-01 15:15:21.464,3.505
2026-10-01 15:15:22.498,3.467
2026-10-01 15:15:23.533,3.426
2026-10-01 15:15:24.566,3.549
2026-10-01 15:15:25.608,3.498
2026-10-01 15:15:26.652,3.248
2026-10-01 15:15:27.692,3.279
2026-10-01 15:15:28.729,3.405
2026-10-01 15:15:29.764,3.524
2026-10-01 15:15:30.798,3.475
2026-10-01 15:15:31.832,3.496
2026-10-01 15:15:32.857,3.435
2026-10-01 15:15:33.894,3.549
2026-10-01 15:15:34.930,3.439
2026-10-01 15:15:35.964,3.469
2026-10-01 15:15:37.000,3.238
2026-10-01 15:15:38.026,3.282
2026-10-01 15:15:39.060,3.274
2026-10-01 15:15:40.095,3.261
2026-10-01 15:15:41.239,3.456
2026-10-01 15:15:42.263,3.595
2026-10-01 15:15:43.297,3.429
2026-10-01 15:15:44.340,3.553
2026-10-01 15:15:45.377,3.525
2026-10-01 15:15:46.412,3.509
2026-10-01 15:15:47.437,3.260
2026-10-01 15:15:48.479,3.453
2026-10-01 15:15:49.514,3.297
2026-10-01 15:15:50.548,3.259
2026-10-01 15:15:51.582,3.437
2026-10-01 15:15:52.608,3.527
2026-10-01 15:15:53.648,3.461
2026-10-01 15:15:54.686,3.480
2026-10-01 15:15:55.721,3.552
2026-10-01 15:15:56.756,3.487
2026-10-01 15:15:57.782,3.459
2026-10-01 15:15:58.817,3.336
2026-10-01 15:15:59.851,3.237
2026-10-01 15:16:00.886,3.275
2026-10-01 15:16:02.021,3.265
2026-10-01 15:16:03.046,3.496
2026-10-01 15:16:04.084,3.447
2026-10-01 15:16:05.119,3.417
2026-10-01 15:16:06.173,3.542
2026-10-01 15:16:07.218,3.498
2026-10-01 15:16:08.244,3.464
2026-10-01 15:16:09.288,3.301
2026-10-01 15:16:10.332,3.304
2026-10-01 15:16:11.384,3.353
2026-10-01 15:16:12.430,3.233
2026-10-01 15:16:13.456,3.435
2026-10-01 15:16:14.501,3.531
2026-10-01 15:16:15.555,3.480
2026-10-01 15:16:16.602,3.440
2026-10-01 15:16:17.642,3.512
2026-10-01 15:16:18.677,3.484
2026-10-01 15:16:19.713,3.219
2026-10-01 15:16:20.747,3.305
2026-10-01 15:16:21.782,3.298
2026-10-01 15:16:22.815,3.298
2026-10-01 15:16:23.841,3.296
2026-10-01 15:16:24.883,3.443
2026-10-01 15:16:25.917,3.514
2026-10-01 15:16:26.961,4.123
2026-10-01 15:16:27.995,3.507
2026-10-01 15:16:29.057,3.619
2026-10-01 15:16:30.092,3.486
2026-10-01 15:16:31.127,3.233
2026-10-01 15:16:32.161,3.437
2026-10-01 15:16:33.196,3.292
2026-10-01 15:16:34.230,3.296
2026-10-01 15:16:35.265,3.498
2026-10-01 15:16:36.300,3.491
2026-10-01 15:16:37.334,3.772
2026-10-01 15:16:38.369,3.437
2026-10-01 15:16:39.411,4.205
2026-10-01 15:16:40.444,3.596
2026-10-01 15:16:41.479,3.488
2026-10-01 15:16:42.513,3.232
2026-10-01 15:16:43.548,3.265
2026-10-01 15:16:44.584,3.239
2026-10-01 15:16:45.618,3.270
2026-10-01 15:16:46.656,3.513
2026-10-01 15:16:47.690,3.558
2026-10-01 15:16:48.726,3.379
2026-10-01 15:16:49.760,3.496
2026-10-01 15:16:50.794,3.534
2026-10-01 15:16:51.828,3.530
2026-10-01 15:16:52.863,3.270
2026-10-01 15:16:53.889,3.339
2026-10-01 15:16:54.924,3.298
2026-10-01 15:16:55.962,3.336
2026-10-01 15:16:56.998,3.454
2026-10-01 15:16:58.033,3.500
2026-10-01 15:16:59.083,3.448
2026-10-01 15:17:00.118,3.511
2026-10-01 15:17:01.155,3.485
2026-10-01 15:17:02.188,3.510
2026-10-01 15:17:03.223,3.508
2026-10-01 15:17:04.265,3.441
2026-10-01 15:17:05.301,3.281
2026-10-01 15:17:06.341,3.626
2026-10-01 15:17:07.399,3.290
2026-10-01 15:17:08.444,3.550
2026-10-01 15:17:09.488,3.452
2026-10-01 15:17:10.532,3.475
2026-10-01 15:17:11.575,3.477
2026-10-01 15:17:12.620,3.417
2026-10-01 15:17:13.666,3.631
2026-10-01 15:17:14.692,3.309
2026-10-01 15:17:15.737,3.323
2026-10-01 15:17:16.792,3.293
2026-10-01 15:17:17.828,3.223
2026-10-01 15:17:18.862,3.374
2026-10-01 15:17:19.888,3.524
2026-10-01 15:17:20.921,3.470
2026-10-01 15:17:21.989,3.430
2026-10-01 15:17:23.023,3.482
2026-10-01 15:17:24.057,3.573
2026-10-01 15:17:25.082,3.650
2026-10-01 15:17:26.115,3.329
2026-10-01 15:17:27.148,3.321
2026-10-01 15:17:28.182,3.291
2026-10-01 15:17:29.217,3.276
2026-10-01 15:17:30.242,3.457
2026-10-01 15:17:31.275,3.523
2026-10-01 15:17:32.310,3.501
2026-10-01 15:17:33.345,3.459
2026-10-01 15:17:34.385,3.460
2026-10-01 15:17:35.411,3.496
2026-10-01 15:17:36.451,3.471
2026-10-01 15:17:37.486,3.278
2026-10-01 15:17:38.549,3.301
2026-10-01 15:17:39.582,3.272
2026-10-01 15:17:40.608,4.401
2026-10-01 15:17:41.641,3.481
2026-10-01 15:17:42.675,3.444
2026-10-01 15:17:43.717,3.405
2026-10-01 15:17:44.750,3.505
2026-10-01 15:17:45.784,3.540
2026-10-01 15:17:46.818,3.646
2026-10-01 15:17:47.852,3.256
2026-10-01 15:17:48.887,3.252
2026-10-01 15:17:49.923,3.223
2026-10-01 15:17:50.969,3.301
2026-10-01 15:17:52.020,3.616
2026-10-01 15:17:53.055,3.525
2026-10-01 15:17:54.089,3.503
2026-10-01 15:17:55.122,3.458
2026-10-01 15:17:56.155,3.498
2026-10-01 15:17:57.188,3.487
2026-10-01 15:17:58.222,3.326
2026-10-01 15:17:59.255,3.305
2026-10-01 15:18:00.290,3.304
2026-10-01 15:18:01.324,3.316
2026-10-01 15:18:02.361,3.565
2026-10-01 15:18:03.394,3.528
2026-10-01 15:18:04.428,3.520
2026-10-01 15:18:05.491,3.460
2026-10-01 15:18:06.526,3.490
2026-10-01 15:18:07.561,3.458
2026-10-01 15:18:08.605,3.475
2026-10-01 15:18:09.649,3.272
2026-10-01 15:18:10.675,3.255
2026-10-01 15:18:11.722,3.262
2026-10-01 15:18:12.801,3.307
2026-10-01 15:18:13.846,3.512
2026-10-01 15:18:14.891,3.461
2026-10-01 15:18:15.935,3.495
2026-10-01 15:18:16.981,3.513
2026-10-01 15:18:18.016,3.515
2026-10-01 15:18:19.056,3.562
2026-10-01 15:18:20.105,3.245
2026-10-01 15:18:21.147,3.419
2026-10-01 15:18:22.183,3.440
2026-10-01 15:18:23.217,3.255
2026-10-01 15:18:24.250,3.601
2026-10-01 15:18:25.283,3.559
2026-10-01 15:18:26.318,3.520
2026-10-01 15:18:27.351,3.462
2026-10-01 15:18:28.385,3.535
2026-10-01 15:18:29.418,3.508
2026-10-01 15:18:30.494,3.508
2026-10-01 15:18:31.527,3.364
2026-10-01 15:18:32.560,3.312
2026-10-01 15:18:33.594,3.306
2026-10-01 15:18:34.628,3.334
2026-10-01 15:18:35.663,3.460
2026-10-01 15:18:36.698,3.528
2026-10-01 15:18:37.739,3.457
2026-10-01 15:18:38.773,3.378
2026-10-01 15:18:39.811,3.452
2026-10-01 15:18:40.846,3.525
2026-10-01 15:18:41.871,3.247
2026-10-01 15:18:42.906,3.237
2026-10-01 15:18:43.939,3.220
2026-10-01 15:18:44.973,3.315
2026-10-01 15:18:46.007,3.203
2026-10-01 15:18:47.042,3.475
2026-10-01 15:18:48.084,3.453
2026-10-01 15:18:49.126,3.497
2026-10-01 15:18:50.260,3.514
2026-10-01 15:18:51.293,3.429
2026-10-01 15:18:52.326,3.617
2026-10-01 15:18:53.362,3.300
2026-10-01 15:18:54.396,3.414
2026-10-01 15:18:55.432,3.366
2026-10-01 15:18:56.477,3.261
2026-10-01 15:18:57.512,3.426
2026-10-01 15:18:58.546,3.439
2026-10-01 15:18:59.581,3.486
2026-10-01 15:19:00.618,3.393
2026-10-01 15:19:01.653,3.487
2026-10-01 15:19:02.696,3.538
2026-10-01 15:19:03.730,3.316
2026-10-01 15:19:04.771,3.381
2026-10-01 15:19:05.806,3.330
2026-10-01 15:19:06.850,3.319
2026-10-01 15:19:07.894,3.548
2026-10-01 15:19:08.945,3.806
2026-10-01 15:19:09.989,3.819
2026-10-01 15:19:11.155,2.715
2026-10-01 15:19:16.401,2.224
2026-10-01 15:19:17.451,3.023
2026-10-01 15:19:18.499,2.455
2026-10-01 15:19:19.545,2.661
2026-10-01 15:19:20.580,3.383
2026-10-01 15:19:21.614,3.367
2026-10-01 15:19:22.647,3.487
2026-10-01 15:19:23.680,3.481
2026-10-01 15:19:24.713,3.735
2026-10-01 15:19:25.753,3.473
2026-10-01 15:19:26.795,3.454
2026-10-01 15:19:27.829,3.319
2026-10-01 15:19:28.863,3.325
2026-10-01 15:19:29.898,3.547
2026-10-01 15:19:30.934,3.459
2026-10-01 15:19:31.974,3.568
2026-10-01 15:19:33.007,3.803
2026-10-01 15:19:34.041,3.691
2026-10-01 15:19:35.074,4.002
2026-10-01 15:19:36.108,3.695
2026-10-01 15:19:37.144,3.599
2026-10-01 15:19:38.186,3.307
2026-10-01 15:19:39.271,3.252
2026-10-01 15:19:40.304,3.232
2026-10-01 15:19:41.337,3.520
2026-10-01 15:19:42.370,3.532
2026-10-01 15:19:43.395,3.600
2026-10-01 15:19:44.429,3.470
2026-10-01 15:19:45.463,3.561
2026-10-01 15:19:46.496,3.469
2026-10-01 15:19:47.530,3.314
2026-10-01 15:19:48.563,3.672
2026-10-01 15:19:49.595,3.291
2026-10-01 15:19:50.635,3.305
2026-10-01 15:19:51.668,4.617
2026-10-01 15:19:52.701,3.528
2026-10-01 15:19:53.734,3.505
2026-10-01 15:19:54.768,3.517
2026-10-01 15:19:55.801,3.505
2026-10-01 15:19:56.835,3.420
2026-10-01 15:19:57.873,3.837
2026-10-01 15:19:58.908,3.305
2026-10-01 15:19:59.943,3.288
2026-10-01 15:20:00.977,3.254
2026-10-01 15:20:02.011,3.252
2026-10-01 15:20:03.046,3.762
2026-10-01 15:20:04.082,3.792
2026-10-01 15:20:05.122,3.570
2026-10-01 15:20:06.186,3.594
2026-10-01 15:20:07.231,3.502
2026-10-01 15:20:08.277,3.524
2026-10-01 15:20:09.319,3.258
2026-10-01 15:20:10.364,3.318
2026-10-01 15:20:11.408,3.387
2026-10-01 15:20:12.452,3.538
2026-10-01 15:20:13.497,3.724
2026-10-01 15:20:14.543,3.617
2026-10-01 15:20:15.588,3.546
2026-10-01 15:20:16.632,3.792
2026-10-01 15:20:17.666,3.802
2026-10-01 15:20:18.699,3.660
2026-10-01 15:20:19.737,3.510
2026-10-01 15:20:20.772,3.323
2026-10-01 15:20:21.809,3.367
2026-10-01 15:20:22.843,3.294
2026-10-01 15:20:23.876,3.280
2026-10-01 15:20:24.909,3.620
2026-10-01 15:20:25.945,3.536
2026-10-01 15:20:26.980,3.411
2026-10-01 15:20:28.014,3.481
2026-10-01 15:20:29.047,3.513
2026-10-01 15:20:30.082,3.773
2026-10-01 15:20:31.123,3.393
2026-10-01 15:20:32.156,3.425
2026-10-01 15:20:33.189,3.288
2026-10-01 15:20:34.222,3.330
2026-10-01 15:20:35.255,3.420
2026-10-01 15:20:36.288,3.547
2026-10-01 15:20:37.321,3.519
2026-10-01 15:20:38.363,3.763
2026-10-01 15:20:39.398,3.552
2026-10-01 15:20:40.441,3.521
2026-10-01 15:20:41.476,3.505
2026-10-01 15:20:42.511,3.254
2026-10-01 15:20:43.547,3.623
2026-10-01 15:20:44.572,3.277
2026-10-01 15:20:45.606,3.356
2026-10-01 15:20:46.645,3.477
2026-10-01 15:20:47.678,3.583
2026-10-01 15:20:48.713,3.553
2026-10-01 15:20:49.746,3.488
2026-10-01 15:20:50.779,3.790
2026-10-01 15:20:51.813,3.562
2026-10-01 15:20:52.845,3.348
2026-10-01 15:20:53.878,3.344
2026-10-01 15:20:54.910,3.317
2026-10-01 15:20:55.943,3.312
2026-10-01 15:20:56.976,3.301
2026-10-01 15:20:58.020,3.834
2026-10-01 15:20:59.053,3.741
2026-10-01 15:21:00.087,3.445
2026-10-01 15:21:01.120,3.575
2026-10-01 15:21:02.152,3.571
2026-10-01 15:21:03.186,3.548
2026-10-01 15:21:04.236,3.241
2026-10-01 15:21:05.283,3.314
2026-10-01 15:21:06.328,3.259
2026-10-01 15:21:07.373,3.437
2026-10-01 15:21:08.420,4.774
2026-10-01 15:21:09.469,3.760
2026-10-01 15:21:10.522,3.543
2026-10-01 15:21:11.575,3.510
2026-10-01 15:21:12.619,3.480
2026-10-01 15:21:13.663,3.624
2026-10-01 15:21:14.707,3.538
2026-10-01 15:21:15.732,3.350
2026-10-01 15:21:16.772,3.301
2026-10-01 15:21:17.812,3.571
2026-10-01 15:21:18.845,3.211
2026-10-01 15:21:19.878,3.570
2026-10-01 15:21:20.912,3.577
2026-10-01 15:21:21.946,3.417
2026-10-01 15:21:22.981,3.452
2026-10-01 15:21:24.015,3.507
2026-10-01 15:21:25.049,3.779
2026-10-01 15:21:26.094,3.389
2026-10-01 15:21:27.135,3.314
2026-10-01 15:21:28.170,3.310
2026-10-01 15:21:29.204,3.245
2026-10-01 15:21:30.239,3.516
2026-10-01 15:21:31.275,3.483
2026-10-01 15:21:32.309,3.776
2026-10-01 15:21:33.348,3.763
2026-10-01 15:21:34.391,3.797
2026-10-01 15:21:35.431,3.509
2026-10-01 15:21:36.485,3.598
2026-10-01 15:21:37.520,3.325
2026-10-01 15:21:38.554,3.293
2026-10-01 15:21:39.592,3.247
2026-10-01 15:21:40.627,3.279
2026-10-01 15:21:41.670,3.639
2026-10-01 15:21:42.710,3.644
2026-10-01 15:21:43.744,3.461
2026-10-01 15:21:44.780,3.453
2026-10-01 15:21:45.805,3.678
2026-10-01 15:21:46.839,3.627
2026-10-01 15:21:47.876,3.372
2026-10-01 15:21:48.918,3.326
2026-10-01 15:21:49.951,3.193
2026-10-01 15:21:50.986,3.447
2026-10-01 15:21:52.022,3.490
2026-10-01 15:21:53.063,3.491
2026-10-01 15:21:54.105,3.752
2026-10-01 15:21:55.148,3.436
2026-10-01 15:21:56.187,3.535
2026-10-01 15:21:57.221,3.527
2026-10-01 15:21:58.255,3.523
2026-10-01 15:21:59.288,3.563
2026-10-01 15:22:00.330,3.249
2026-10-01 15:22:01.369,3.477
2026-10-01 15:22:02.409,3.276
2026-10-01 15:22:03.442,3.822
2026-10-01 15:22:04.489,3.507
2026-10-01 15:22:05.539,3.454
2026-10-01 15:22:06.688,3.792
2026-10-01 15:22:07.731,3.586
2026-10-01 15:22:08.777,3.502
2026-10-01 15:22:09.821,3.301
2026-10-01 15:22:10.867,3.235
2026-10-01 15:22:11.914,3.290
2026-10-01 15:22:12.959,3.267
2026-10-01 15:22:14.007,3.792
2026-10-01 15:22:15.054,3.513
2026-10-01 15:22:16.088,3.647
2026-10-01 15:22:17.114,3.548
2026-10-01 15:22:18.149,3.718
2026-10-01 15:22:19.182,3.714
2026-10-01 15:22:20.220,3.289
2026-10-01 15:22:21.253,3.237
2026-10-01 15:22:22.278,3.313
2026-10-01 15:22:23.313,3.293
2026-10-01 15:22:24.352,3.306
2026-10-01 15:22:25.387,3.468
2026-10-01 15:22:26.421,3.823
2026-10-01 15:22:28.411,2.548
2026-10-01 15:22:29.486,2.761
2026-10-01 15:22:30.543,2.678
2026-10-01 15:22:31.613,2.749
2026-10-01 15:22:32.662,2.438
2026-10-01 15:22:33.734,3.479
2026-10-01 15:22:34.789,2.826
2026-10-01 15:22:35.841,3.569
2026-10-01 15:22:36.895,3.555
2026-10-01 15:22:37.944,3.486
2026-10-01 15:22:38.994,3.482
2026-10-01 15:22:40.028,3.581
2026-10-01 15:22:41.068,3.499
2026-10-01 15:22:42.103,3.291
2026-10-01 15:22:43.145,3.546
2026-10-01 15:22:44.186,3.226
2026-10-01 15:22:45.221,3.482
2026-10-01 15:22:46.256,3.266
2026-10-01 15:22:47.291,3.463
2026-10-01 15:22:48.324,3.522
2026-10-01 15:22:49.358,3.678
2026-10-01 15:22:50.394,3.588
2026-10-01 15:22:51.429,3.688
2026-10-01 15:22:52.454,3.613
2026-10-01 15:22:53.490,3.636
2026-10-01 15:22:54.523,3.380
2026-10-01 15:22:55.557,3.294
2026-10-01 15:22:56.590,3.305
2026-10-01 15:22:57.627,3.583
2026-10-01 15:22:58.662,3.607
2026-10-01 15:22:59.697,3.537
2026-10-01 15:23:00.735,3.479
2026-10-01 15:23:01.770,3.559
2026-10-01 15:23:02.805,3.618
2026-10-01 15:23:03.845,3.571
2026-10-01 15:23:04.879,3.354
2026-10-01 15:23:05.913,3.389
2026-10-01 15:23:06.960,3.509
2026-10-01 15:23:07.985,3.308
2026-10-01 15:23:09.031,3.743
2026-10-01 15:23:10.077,3.746
2026-10-01 15:23:11.135,3.584
2026-10-01 15:23:12.186,3.814
2026-10-01 15:23:13.211,3.844
2026-10-01 15:23:14.273,3.588
2026-10-01 15:23:15.332,3.315
2026-10-01 15:23:16.392,3.444
2026-10-01 15:23:17.433,3.297
2026-10-01 15:23:18.458,3.396
2026-10-01 15:23:19.494,3.694
2026-10-01 15:23:20.538,3.517
2026-10-01 15:23:21.579,3.599
2026-10-01 15:23:22.614,3.802
2026-10-01 15:23:23.640,3.691
2026-10-01 15:23:24.684,3.608
2026-10-01 15:23:25.721,3.552
2026-10-01 15:23:26.758,3.574
2026-10-01 15:23:27.802,3.414
2026-10-01 15:23:28.828,3.590
2026-10-01 15:23:29.865,3.426
2026-10-01 15:23:30.911,3.584
2026-10-01 15:23:31.952,3.601
2026-10-01 15:23:32.998,3.702
2026-10-01 15:23:34.027,3.632
2026-10-01 15:23:35.064,3.702
2026-10-01 15:23:36.100,3.611
2026-10-01 15:23:37.137,3.535
2026-10-01 15:23:38.181,3.369
2026-10-01 15:23:39.207,3.451
2026-10-01 15:23:40.241,3.413
2026-10-01 15:23:41.281,4.742
2026-10-01 15:23:42.322,3.609
2026-10-01 15:23:43.357,3.542
2026-10-01 15:23:44.383,3.685
2026-10-01 15:23:45.451,3.677
2026-10-01 15:23:46.486,3.818
2026-10-01 15:23:47.522,3.810
2026-10-01 15:23:48.558,3.606
2026-10-01 15:23:49.601,3.165
2026-10-01 15:23:50.635,2.867
2026-10-01 15:23:51.669,3.707
2026-10-01 15:23:52.702,3.926
2026-10-01 15:23:53.727,3.950
2026-10-01 15:23:54.763,3.853
2026-10-01 15:23:55.796,3.999
2026-10-01 15:23:56.829,3.853
2026-10-01 15:23:57.869,3.903
2026-10-01 15:23:58.902,3.456
2026-10-01 15:23:59.937,3.679
2026-10-01 15:24:00.970,3.708
2026-10-01 15:24:02.011,3.833
2026-10-01 15:24:03.053,4.079
2026-10-01 15:24:04.086,4.026
2026-10-01 15:24:05.120,4.125
2026-10-01 15:24:06.154,4.878
2026-10-01 15:24:07.199,2.503
2026-10-01 15:24:08.237,2.615
2026-10-01 15:24:09.274,4.084
2026-10-01 15:24:10.309,3.857
2026-10-01 15:24:11.349,3.805
2026-10-01 15:24:12.392,2.427
2026-10-01 15:24:13.427,2.352
2026-10-01 15:24:14.476,4.066
2026-10-01 15:24:15.520,4.036
2026-10-01 15:24:16.564,4.007
2026-10-01 15:24:17.607,3.900
2026-10-01 15:24:18.649,3.941
2026-10-01 15:24:19.694,3.982
2026-10-01 15:24:20.745,3.508
2026-10-01 15:24:21.842,3.656
2026-10-01 15:24:22.886,3.843
2026-10-01 15:24:23.920,3.705
2026-10-01 15:24:24.945,4.799
2026-10-01 15:24:25.977,3.988
2026-10-01 15:24:27.010,4.118
2026-10-01 15:24:28.051,3.884
2026-10-01 15:24:29.084,3.894
2026-10-01 15:24:30.117,3.938
2026-10-01 15:24:31.149,4.003
2026-10-01 15:24:32.183,3.677
2026-10-01 15:24:33.218,3.717
2026-10-01 15:24:34.255,3.693
2026-10-01 15:24:35.293,3.818
2026-10-01 15:24:36.330,3.927
2026-10-01 15:24:37.368,3.938
2026-10-01 15:24:38.409,3.899
2026-10-01 15:24:39.444,3.889
2026-10-01 15:24:40.478,3.910
2026-10-01 15:24:41.512,3.947
2026-10-01 15:24:42.548,3.740
2026-10-01 15:24:43.583,3.702
2026-10-01 15:24:44.625,3.717
2026-10-01 15:24:45.666,3.722
2026-10-01 15:24:46.699,4.827
2026-10-01 15:24:47.740,3.879
2026-10-01 15:24:48.775,3.992
2026-10-01 15:24:49.808,3.983
2026-10-01 15:24:50.842,3.917
2026-10-01 15:24:51.877,3.910
2026-10-01 15:24:52.910,3.925
2026-10-01 15:24:53.943,3.708
2026-10-01 15:24:54.976,3.779
2026-10-01 15:24:56.001,3.733
2026-10-01 15:24:57.037,3.716
2026-10-01 15:24:58.070,4.055
2026-10-01 15:24:59.103,3.911
2026-10-01 15:25:00.136,3.882
2026-10-01 15:25:01.170,3.873
2026-10-01 15:25:02.205,3.928
2026-10-01 15:25:03.241,3.920
2026-10-01 15:25:04.276,3.725
2026-10-01 15:25:05.319,2.830
2026-10-01 15:25:06.358,3.691
2026-10-01 15:25:07.402,3.719
2026-10-01 15:25:08.436,3.955
2026-10-01 15:25:09.470,4.065
2026-10-01 15:25:10.605,3.893
2026-10-01 15:25:11.639,3.914
2026-10-01 15:25:12.673,3.928
2026-10-01 15:25:13.715,3.916
2026-10-01 15:25:14.795,3.931
2026-10-01 15:25:15.839,3.716
2026-10-01 15:25:16.882,3.694
2026-10-01 15:25:17.933,3.706
2026-10-01 15:25:18.977,3.707
2026-10-01 15:25:20.021,3.934
2026-10-01 15:25:21.072,3.959
2026-10-01 15:25:22.115,3.871
2026-10-01 15:25:23.167,3.831
2026-10-01 15:25:24.209,3.941
2026-10-01 15:25:25.242,3.907
2026-10-01 15:25:26.266,3.743
2026-10-01 15:25:27.300,3.707
2026-10-01 15:25:28.333,3.754
2026-10-01 15:25:29.367,3.724
2026-10-01 15:25:30.406,5.315
2026-10-01 15:25:31.439,4.035
2026-10-01 15:25:32.473,3.930
2026-10-01 15:25:33.507,3.843
2026-10-01 15:25:34.540,3.986
2026-10-01 15:25:35.574,3.906
2026-10-01 15:25:36.608,4.020
2026-10-01 15:25:37.733,3.821
2026-10-01 15:25:38.770,3.764
2026-10-01 15:25:39.804,3.708
2026-10-01 15:25:40.838,3.682
2026-10-01 15:25:41.872,4.000
2026-10-01 15:25:42.907,3.919
2026-10-01 15:25:43.941,3.906
2026-10-01 15:25:44.978,3.880
2026-10-01 15:25:46.012,3.958
2026-10-01 15:25:47.047,3.960
2026-10-01 15:25:48.088,3.704
2026-10-01 15:25:49.123,3.693
2026-10-01 15:25:50.156,3.647
2026-10-01 15:25:51.189,3.164
2026-10-01 15:25:52.223,3.986
2026-10-01 15:25:53.259,3.955
2026-10-01 15:25:54.294,3.940
2026-10-01 15:25:55.328,3.879
2026-10-01 15:25:56.363,4.006
2026-10-01 15:25:57.390,4.007
2026-10-01 15:25:58.425,3.960
2026-10-01 15:25:59.461,3.813
2026-10-01 15:26:00.502,3.743
2026-10-01 15:26:01.536,3.820
2026-10-01 15:26:02.570,3.735
2026-10-01 15:26:03.605,3.960
2026-10-01 15:26:04.644,3.961
2026-10-01 15:26:05.683,3.873
2026-10-01 15:26:06.717,3.923
2026-10-01 15:26:07.751,4.003
2026-10-01 15:26:08.786,3.955
2026-10-01 15:26:09.820,3.716
2026-10-01 15:26:10.855,3.753
2026-10-01 15:26:11.889,3.746
2026-10-01 15:26:12.933,3.745
2026-10-01 15:26:13.978,4.105
2026-10-01 15:26:15.024,3.918
2026-10-01 15:26:16.067,4.000
2026-10-01 15:26:17.112,3.916
2026-10-01 15:26:18.170,3.963
2026-10-01 15:26:19.216,3.987
2026-10-01 15:26:20.262,4.032
2026-10-01 15:26:21.307,3.884
2026-10-01 15:26:22.352,3.746
2026-10-01 15:26:23.397,3.780
2026-10-01 15:26:24.433,3.722
2026-10-01 15:26:25.470,3.949
2026-10-01 15:26:26.505,3.981
2026-10-01 15:26:27.531,3.906
2026-10-01 15:26:28.566,3.921
2026-10-01 15:26:29.601,3.983
2026-10-01 15:26:30.636,4.008
2026-10-01 15:26:31.670,3.788
2026-10-01 15:26:32.696,3.786
2026-10-01 15:26:33.731,3.778
2026-10-01 15:26:34.774,3.771
2026-10-01 15:26:35.809,3.953
2026-10-01 15:26:36.844,3.992
2026-10-01 15:26:37.877,3.969
2026-10-01 15:26:38.911,3.974
2026-10-01 15:26:39.950,3.946
2026-10-01 15:26:40.984,3.949
2026-10-01 15:26:42.019,3.975
2026-10-01 15:26:43.054,3.742
2026-10-01 15:26:44.089,3.770
2026-10-01 15:26:45.124,3.756
2026-10-01 15:26:46.166,3.753
2026-10-01 15:26:47.202,3.973
2026-10-01 15:26:48.249,4.053
2026-10-01 15:26:49.284,3.875
2026-10-01 15:26:50.319,3.909
2026-10-01 15:26:51.356,4.001
2026-10-01 15:26:52.390,4.021
2026-10-01 15:26:53.443,3.739
2026-10-01 15:26:54.478,3.708
2026-10-01 15:26:55.512,3.747
2026-10-01 15:26:56.546,3.789
2026-10-01 15:26:57.581,3.814
2026-10-01 15:26:58.616,3.962
2026-10-01 15:26:59.650,3.911
2026-10-01 15:27:00.691,4.443
2026-10-01 15:27:01.725,3.977
2026-10-01 15:27:02.764,3.970
2026-10-01 15:27:03.790,3.986
2026-10-01 15:27:04.831,3.803
2026-10-01 15:27:05.868,3.770
2026-10-01 15:27:06.905,3.786
2026-10-01 15:27:07.939,3.728
2026-10-01 15:27:08.973,3.932
2026-10-01 15:27:10.007,4.001
2026-10-01 15:27:11.043,3.992
2026-10-01 15:27:12.083,3.903
2026-10-01 15:27:13.117,3.972
2026-10-01 15:27:14.142,3.987
2026-10-01 15:27:15.175,3.752
2026-10-01 15:27:16.219,3.755
2026-10-01 15:27:17.265,3.763
2026-10-01 15:27:18.308,3.713
2026-10-01 15:27:19.363,3.762
2026-10-01 15:27:20.415,3.997
2026-10-01 15:27:21.533,3.953
2026-10-01 15:27:22.586,3.965
2026-10-01 15:27:23.640,4.009
2026-10-01 15:27:24.684,3.972
2026-10-01 15:27:25.729,3.961
2026-10-01 15:27:26.762,3.772
2026-10-01 15:27:27.796,3.791
2026-10-01 15:27:28.830,3.798
2026-10-01 15:27:29.863,3.734
2026-10-01 15:27:30.897,3.949
2026-10-01 15:27:31.932,3.950
2026-10-01 15:27:32.966,3.901
2026-10-01 15:27:34.001,3.947
2026-10-01 15:27:35.034,4.010
2026-10-01 15:27:36.075,3.957
2026-10-01 15:27:37.109,3.781
2026-10-01 15:27:38.142,3.789
2026-10-01 15:27:39.175,3.718
2026-10-01 15:27:40.209,3.757
2026-10-01 15:27:41.242,3.774
2026-10-01 15:27:42.275,3.965
2026-10-01 15:27:43.316,3.937
2026-10-01 15:27:44.341,3.909
2026-10-01 15:27:45.374,3.986
2026-10-01 15:27:46.407,3.934
2026-10-01 15:27:47.441,3.954
2026-10-01 15:27:48.482,3.739
2026-10-01 15:27:49.515,3.728
2026-10-01 15:27:50.549,3.807
2026-10-01 15:27:51.584,3.720
2026-10-01 15:27:52.626,3.941
2026-10-01 15:27:53.661,3.955
2026-10-01 15:27:54.686,3.972
2026-10-01 15:27:55.720,4.322
2026-10-01 15:27:56.754,3.945
2026-10-01 15:27:57.795,3.944
2026-10-01 15:27:58.828,3.755
2026-10-01 15:27:59.853,3.738
2026-10-01 15:28:00.886,3.739
2026-10-01 15:28:01.920,3.720
2026-10-01 15:28:02.962,3.726
2026-10-01 15:28:03.995,3.946
2026-10-01 15:28:05.029,4.012
2026-10-01 15:28:06.063,3.901
2026-10-01 15:28:07.136,4.169
2026-10-01 15:28:08.175,4.020
2026-10-01 15:28:09.217,4.008
2026-10-01 15:28:10.262,3.753
2026-10-01 15:28:11.295,3.797
2026-10-01 15:28:12.329,3.822
2026-10-01 15:28:13.362,3.760
2026-10-01 15:28:14.396,3.926
2026-10-01 15:28:15.530,3.924
2026-10-01 15:28:16.589,3.995
2026-10-01 15:28:17.636,3.957
2026-10-01 15:28:18.678,4.041
2026-10-01 15:28:19.721,4.001
2026-10-01 15:28:20.765,3.746
2026-10-01 15:28:21.810,3.755
2026-10-01 15:28:22.855,3.779
2026-10-01 15:28:23.923,3.793
2026-10-01 15:28:24.992,4.002
2026-10-01 15:28:26.036,3.945
2026-10-01 15:28:27.079,3.961
2026-10-01 15:28:28.118,3.916
2026-10-01 15:28:29.152,3.910
2026-10-01 15:28:30.177,3.965
2026-10-01 15:28:31.217,3.907
2026-10-01 15:28:32.250,3.706
2026-10-01 15:28:33.283,3.693
2026-10-01 15:28:34.317,3.623
2026-10-01 15:28:35.350,3.986
2026-10-01 15:28:36.383,4.052
2026-10-01 15:28:37.421,4.107
2026-10-01 15:28:38.460,3.922
2026-10-01 15:28:39.497,4.026
2026-10-01 15:28:40.538,4.055
2026-10-01 15:28:41.572,4.085
2026-10-01 15:28:42.606,3.639
2026-10-01 15:28:43.699,3.913
2026-10-01 15:28:44.736,3.975
2026-10-01 15:28:45.770,3.840
2026-10-01 15:28:46.812,4.000
2026-10-01 15:28:47.854,4.108
2026-10-01 15:28:48.889,4.005
2026-10-01 15:28:49.923,3.885
2026-10-01 15:28:50.960,3.817
2026-10-01 15:28:51.996,4.149
2026-10-01 15:28:53.032,4.495
2026-10-01 15:28:54.067,3.752
2026-10-01 15:28:55.111,3.776
2026-10-01 15:28:56.149,3.611
2026-10-01 15:28:57.186,3.797
2026-10-01 15:28:58.223,4.343
2026-10-01 15:28:59.284,3.829
2026-10-01 15:29:00.318,3.867
2026-10-01 15:29:01.345,3.844
2026-10-01 15:29:02.381,3.932
2026-10-01 15:29:03.415,4.189
2026-10-01 15:29:04.450,3.536
2026-10-01 15:29:05.492,3.627
2026-10-01 15:29:06.527,3.827
2026-10-01 15:29:07.562,3.605
2026-10-01 15:29:08.677,3.867
2026-10-01 15:29:09.719,4.028
2026-10-01 15:29:10.788,3.837
2026-10-01 15:29:11.824,3.995
2026-10-01 15:29:12.860,4.121
2026-10-01 15:29:13.912,4.138
2026-10-01 15:29:14.960,4.008
2026-10-01 15:29:16.006,3.669
2026-10-01 15:29:17.052,4.434
2026-10-01 15:29:18.097,3.890
2026-10-01 15:29:19.144,3.661
2026-10-01 15:29:20.190,3.776
2026-10-01 15:29:21.236,4.044
2026-10-01 15:29:22.273,4.073
2026-10-01 15:29:23.308,4.325
2026-10-01 15:29:24.343,4.226
2026-10-01 15:29:25.379,3.906
2026-10-01 15:29:26.422,3.854
2026-10-01 15:29:27.456,3.763
2026-10-01 15:29:28.491,3.973
2026-10-01 15:29:29.528,3.712
2026-10-01 15:29:30.564,4.547
2026-10-01 15:29:31.602,3.816
2026-10-01 15:29:32.637,3.823
2026-10-01 15:29:33.680,4.007
2026-10-01 15:29:34.718,4.156
2026-10-01 15:29:35.753,3.865
2026-10-01 15:29:36.787,4.226
2026-10-01 15:29:37.822,3.571
2026-10-01 15:29:38.856,3.692
2026-10-01 15:29:39.890,3.741
2026-10-01 15:29:40.926,3.602
2026-10-01 15:29:41.961,3.968
2026-10-01 15:29:42.996,3.935
2026-10-01 15:29:44.037,4.429
2026-10-01 15:29:45.077,3.788
2026-10-01 15:29:46.113,3.848
2026-10-01 15:29:47.151,3.872
2026-10-01 15:29:48.188,3.872
2026-10-01 15:29:49.248,3.585
2026-10-01 15:29:50.283,3.644
2026-10-01 15:29:51.320,3.965
2026-10-01 15:29:52.355,4.023
2026-10-01 15:29:53.391,4.476
2026-10-01 15:29:54.427,4.207
2026-10-01 15:29:55.463,4.058
2026-10-01 15:29:56.499,4.622
2026-10-01 15:29:57.537,4.265
2026-10-01 15:29:58.577,3.833
2026-10-01 15:29:59.615,3.885
2026-10-01 15:30:00.652,3.641
2026-10-01 15:30:01.690,3.710
2026-10-01 15:30:02.716,3.742
2026-10-01 15:30:03.754,3.895
2026-10-01 15:30:04.796,4.321
2026-10-01 15:30:05.834,4.132
2026-10-01 15:30:06.870,4.169
2026-10-01 15:30:07.909,4.013
2026-10-01 15:30:08.947,4.153
2026-10-01 15:30:09.997,3.930
2026-10-01 15:30:11.044,3.804
2026-10-01 15:30:12.093,3.922
2026-10-01 15:30:13.139,3.955
2026-10-01 15:30:14.185,4.079
2026-10-01 15:30:15.237,4.250
2026-10-01 15:30:16.283,4.180
2026-10-01 15:30:17.330,3.622
2026-10-01 15:30:18.377,4.364
2026-10-01 15:30:19.425,4.063
2026-10-01 15:30:20.468,3.737
2026-10-01 15:30:21.504,3.969
2026-10-01 15:30:22.543,3.647
2026-10-01 15:30:23.581,3.614
2026-10-01 15:30:24.618,3.663
2026-10-01 15:30:25.657,4.108
2026-10-01 15:30:26.696,3.883
2026-10-01 15:30:27.734,3.780
2026-10-01 15:30:28.771,4.679
2026-10-01 15:30:29.807,3.986
2026-10-01 15:30:30.847,4.363
2026-10-01 15:30:31.883,3.696
2026-10-01 15:30:32.952,4.137
2026-10-01 15:30:33.979,3.872
2026-10-01 15:30:35.016,3.948
2026-10-01 15:30:36.092,4.142
2026-10-01 15:30:37.128,4.405
2026-10-01 15:30:38.164,4.100
2026-10-01 15:30:39.202,4.128
2026-10-01 15:30:40.238,3.770
2026-10-01 15:30:41.274,4.038
2026-10-01 15:30:42.309,4.414
2026-10-01 15:30:43.347,3.741
2026-10-01 15:30:44.386,3.938
2026-10-01 15:30:45.423,3.664
2026-10-01 15:30:46.465,3.629
2026-10-01 15:30:47.500,4.372
2026-10-01 15:30:48.532,4.114
2026-10-01 15:30:49.567,4.703
2026-10-01 15:30:50.602,4.081
2026-10-01 15:30:51.638,4.164
2026-10-01 15:30:52.673,3.894
2026-10-01 15:30:53.714,3.705
2026-10-01 15:30:54.753,4.162
2026-10-01 15:30:55.791,3.607
2026-10-01 15:30:56.827,3.878
2026-10-01 15:30:57.865,3.777
2026-10-01 15:30:58.906,3.956
2026-10-01 15:30:59.942,4.261
2026-10-01 15:31:00.977,3.836
2026-10-01 15:31:02.022,3.936
2026-10-01 15:31:03.056,3.927
2026-10-01 15:31:04.082,3.920
2026-10-01 15:31:05.123,3.643
2026-10-01 15:31:06.158,3.800
2026-10-01 15:31:07.207,3.674
2026-10-01 15:31:08.251,3.687
2026-10-01 15:31:09.295,3.841
2026-10-01 15:31:10.340,3.890
2026-10-01 15:31:11.386,3.923
2026-10-01 15:31:12.430,3.953
2026-10-01 15:31:13.477,3.929
2026-10-01 15:31:14.522,3.967
2026-10-01 15:31:15.569,3.685
2026-10-01 15:31:16.615,3.720
2026-10-01 15:31:17.672,3.746
2026-10-01 15:31:18.710,3.660
2026-10-01 15:31:19.750,3.933
2026-10-01 15:31:20.785,3.949
2026-10-01 15:31:21.819,3.908
2026-10-01 15:31:22.854,3.859
2026-10-01 15:31:23.889,3.894
2026-10-01 15:31:24.931,3.884
2026-10-01 15:31:25.968,3.878
2026-10-01 15:31:27.010,3.705
2026-10-01 15:31:28.045,3.651
2026-10-01 15:31:29.081,3.662
2026-10-01 15:31:30.120,3.679
2026-10-01 15:31:31.153,4.859
2026-10-01 15:31:32.193,3.878
2026-10-01 15:31:33.227,3.964
2026-10-01 15:31:34.260,3.839
2026-10-01 15:31:35.285,3.895
2026-10-01 15:31:36.319,3.910
2026-10-01 15:31:37.356,3.660
2026-10-01 15:31:38.390,3.673
2026-10-01 15:31:39.431,3.662
2026-10-01 15:31:40.468,3.694
2026-10-01 15:31:41.502,3.675
2026-10-01 15:31:42.536,3.849
2026-10-01 15:31:43.570,4.012
2026-10-01 15:31:44.606,3.867
2026-10-01 15:31:45.632,3.905
2026-10-01 15:31:46.667,3.942
2026-10-01 15:31:47.707,3.886
2026-10-01 15:31:48.740,3.656
2026-10-01 15:31:49.774,3.647
2026-10-01 15:31:50.807,3.636
2026-10-01 15:31:51.840,3.675
2026-10-01 15:31:52.873,3.935
2026-10-01 15:31:53.909,3.869
2026-10-01 15:31:54.949,3.866
2026-10-01 15:31:55.989,3.852
2026-10-01 15:31:57.023,3.885
2026-10-01 15:31:58.058,3.879
2026-10-01 15:31:59.094,3.685
2026-10-01 15:32:00.136,3.661
2026-10-01 15:32:01.170,3.668
2026-10-01 15:32:02.204,3.645
2026-10-01 15:32:03.239,3.674
2026-10-01 15:32:04.274,3.946
2026-10-01 15:32:05.317,3.859
2026-10-01 15:32:06.367,3.826
2026-10-01 15:32:07.418,3.892
2026-10-01 15:32:08.463,3.903
2026-10-01 15:32:09.511,4.006
2026-10-01 15:32:10.564,3.687
2026-10-01 15:32:11.615,3.681
2026-10-01 15:32:12.665,3.677
2026-10-01 15:32:13.716,3.697
2026-10-01 15:32:14.772,3.890
2026-10-01 15:32:15.797,3.903
2026-10-01 15:32:16.840,3.936
2026-10-01 15:32:17.884,3.865
2026-10-01 15:32:18.917,3.918
2026-10-01 15:32:19.950,3.939
2026-10-01 15:32:20.983,3.670
2026-10-01 15:32:22.016,3.691
2026-10-01 15:32:23.136,3.674
2026-10-01 15:32:24.178,3.625
2026-10-01 15:32:25.214,3.676
2026-10-01 15:32:26.247,3.880
2026-10-01 15:32:27.280,3.880
2026-10-01 15:32:28.315,3.858
2026-10-01 15:32:29.349,3.885
2026-10-01 15:32:30.383,3.916
2026-10-01 15:32:31.456,3.899
2026-10-01 15:32:32.489,3.703
2026-10-01 15:32:33.522,3.728
2026-10-01 15:32:34.556,3.675
2026-10-01 15:32:35.591,3.676
2026-10-01 15:32:36.627,3.887
2026-10-01 15:32:37.659,3.879
2026-10-01 15:32:38.692,3.907
2026-10-01 15:32:39.730,3.833
2026-10-01 15:32:40.763,3.914
2026-10-01 15:32:41.803,3.839
2026-10-01 15:32:42.836,3.663
2026-10-01 15:32:43.869,3.704
2026-10-01 15:32:44.901,3.667
2026-10-01 15:32:45.936,3.685
2026-10-01 15:32:46.961,3.686
2026-10-01 15:32:47.996,3.894
2026-10-01 15:32:49.030,3.881
2026-10-01 15:32:50.063,3.832
2026-10-01 15:32:51.103,3.875
2026-10-01 15:32:52.136,3.904
2026-10-01 15:32:53.170,3.894
2026-10-01 15:32:54.205,3.692
2026-10-01 15:32:55.239,3.722
2026-10-01 15:32:56.272,3.680
2026-10-01 15:32:57.309,3.683
2026-10-01 15:32:58.344,3.863
2026-10-01 15:32:59.376,3.879
2026-10-01 15:33:00.409,3.896
2026-10-01 15:33:01.442,3.869
2026-10-01 15:33:02.475,3.913
2026-10-01 15:33:03.510,3.872
2026-10-01 15:33:04.544,3.948
2026-10-01 15:33:05.585,3.680
2026-10-01 15:33:06.624,3.687
2026-10-01 15:33:07.680,3.678
2026-10-01 15:33:08.726,3.664
2026-10-01 15:33:09.776,3.902
2026-10-01 15:33:10.819,3.905
2026-10-01 15:33:11.872,3.852
2026-10-01 15:33:12.931,3.931
2026-10-01 15:33:14.034,3.901
2026-10-01 15:33:15.078,3.949
2026-10-01 15:33:16.122,3.688
2026-10-01 15:33:17.148,3.740
2026-10-01 15:33:18.198,3.699
2026-10-01 15:33:19.240,3.679
2026-10-01 15:33:20.274,3.881
2026-10-01 15:33:21.308,3.890
2026-10-01 15:33:22.342,3.882
2026-10-01 15:33:23.377,3.862
2026-10-01 15:33:24.419,3.913
2026-10-01 15:33:25.453,3.869
2026-10-01 15:33:26.486,3.676
2026-10-01 15:33:27.519,3.707
2026-10-01 15:33:28.553,3.673
2026-10-01 15:33:29.592,3.687
2026-10-01 15:33:30.720,3.706
2026-10-01 15:33:31.754,3.893
2026-10-01 15:33:32.789,3.901
2026-10-01 15:33:33.824,3.874
2026-10-01 15:33:34.861,3.912
2026-10-01 15:33:35.897,3.911
2026-10-01 15:33:36.932,3.884
2026-10-01 15:33:37.974,3.672
2026-10-01 15:33:39.009,3.677
2026-10-01 15:33:40.052,3.697
2026-10-01 15:33:41.085,3.683
2026-10-01 15:33:42.119,4.876
2026-10-01 15:33:43.160,3.919
2026-10-01 15:33:44.195,3.895
2026-10-01 15:33:45.230,3.881
2026-10-01 15:33:46.264,3.905
2026-10-01 15:33:47.407,3.923
2026-10-01 15:33:48.433,3.692
2026-10-01 15:33:49.467,3.691
2026-10-01 15:33:50.500,3.677
2026-10-01 15:33:51.535,3.723
2026-10-01 15:33:52.573,3.680
2026-10-01 15:33:53.609,3.904
2026-10-01 15:33:54.648,3.865
2026-10-01 15:33:55.682,3.825
2026-10-01 15:33:56.719,3.895
2026-10-01 15:33:57.759,3.918
2026-10-01 15:33:58.793,3.872
2026-10-01 15:33:59.835,3.669
2026-10-01 15:34:00.868,3.685
2026-10-01 15:34:01.902,3.684
2026-10-01 15:34:02.935,3.669
2026-10-01 15:34:03.968,3.844
2026-10-01 15:34:05.001,3.942
2026-10-01 15:34:06.052,3.908
2026-10-01 15:34:07.098,4.728
2026-10-01 15:34:08.150,3.939
2026-10-01 15:34:09.195,3.927
2026-10-01 15:34:10.240,3.659
2026-10-01 15:34:11.284,3.681
2026-10-01 15:34:12.328,3.679
2026-10-01 15:34:13.372,3.686
2026-10-01 15:34:14.418,3.742
2026-10-01 15:34:15.473,3.904
2026-10-01 15:34:16.521,3.872
2026-10-01 15:34:17.555,3.804
2026-10-01 15:34:18.580,3.886
2026-10-01 15:34:19.614,3.880
2026-10-01 15:34:20.652,3.849
2026-10-01 15:34:21.688,3.704
2026-10-01 15:34:22.723,3.665
2026-10-01 15:34:23.757,3.673
2026-10-01 15:34:24.795,3.680
2026-10-01 15:34:25.837,3.827
2026-10-01 15:34:26.871,3.941
2026-10-01 15:34:27.906,3.910
2026-10-01 15:34:28.941,3.891
2026-10-01 15:34:29.975,3.891
2026-10-01 15:34:31.010,3.857
2026-10-01 15:34:32.048,3.804
2026-10-01 15:34:33.088,3.655
2026-10-01 15:34:34.123,3.651
2026-10-01 15:34:35.156,3.707
2026-10-01 15:34:36.190,3.777
2026-10-01 15:34:37.225,3.897
2026-10-01 15:34:38.261,3.887
2026-10-01 15:34:39.302,3.810
2026-10-01 15:34:40.335,3.970
2026-10-01 15:34:41.369,3.878
2026-10-01 15:34:42.501,3.918
2026-10-01 15:34:43.535,3.678
2026-10-01 15:34:44.570,3.651
2026-10-01 15:34:45.605,3.683
2026-10-01 15:34:46.643,3.671
2026-10-01 15:34:47.677,3.863
2026-10-01 15:34:48.711,3.898
2026-10-01 15:34:49.737,3.915
2026-10-01 15:34:50.772,3.828
2026-10-01 15:34:51.812,3.908
2026-10-01 15:34:52.846,3.931
2026-10-01 15:34:53.882,3.699
2026-10-01 15:34:54.918,3.671
2026-10-01 15:34:55.952,3.659
2026-10-01 15:34:56.985,3.667
2026-10-01 15:34:58.018,3.675
2026-10-01 15:34:59.058,3.915
2026-10-01 15:35:00.092,3.928
2026-10-01 15:35:01.158,3.859
2026-10-01 15:35:02.191,3.985
2026-10-01 15:35:03.225,3.888
2026-10-01 15:35:04.278,3.912
2026-10-01 15:35:05.333,3.687
2026-10-01 15:35:06.376,3.682
2026-10-01 15:35:07.419,3.674
2026-10-01 15:35:08.463,3.693
2026-10-01 15:35:09.506,4.353
2026-10-01 15:35:10.550,3.929
2026-10-01 15:35:11.594,3.946
2026-10-01 15:35:12.640,3.984
2026-10-01 15:35:13.685,3.906
2026-10-01 15:35:14.728,3.883
2026-10-01 15:35:15.765,3.704
2026-10-01 15:35:16.802,3.687
2026-10-01 15:35:17.843,3.644
2026-10-01 15:35:18.875,3.793
2026-10-01 15:35:19.900,3.696
2026-10-01 15:35:20.935,3.905
2026-10-01 15:35:21.970,3.913
2026-10-01 15:35:23.006,3.865
2026-10-01 15:35:24.041,3.868
2026-10-01 15:35:25.076,3.922
2026-10-01 15:35:26.110,3.907
2026-10-01 15:35:27.151,3.645
2026-10-01 15:35:28.185,3.648
2026-10-01 15:35:29.222,3.663
2026-10-01 15:35:30.258,3.714
2026-10-01 15:35:31.293,3.859
2026-10-01 15:35:32.330,3.901
2026-10-01 15:35:33.368,3.899
2026-10-01 15:35:34.408,3.810
2026-10-01 15:35:35.442,3.926
2026-10-01 15:35:36.484,3.884
2026-10-01 15:35:37.518,3.858
2026-10-01 15:35:38.553,4.030
2026-10-01 15:35:39.587,3.655
2026-10-01 15:35:40.622,3.663
2026-10-01 15:35:41.663,3.673
2026-10-01 15:35:42.698,3.907
2026-10-01 15:35:43.734,3.865
2026-10-01 15:35:44.769,3.836
2026-10-01 15:35:45.803,3.843
2026-10-01 15:35:46.850,3.881
2026-10-01 15:35:47.886,3.882
2026-10-01 15:35:48.922,3.635
2026-10-01 15:35:49.958,3.657
2026-10-01 15:35:50.984,3.675
2026-10-01 15:35:52.017,3.645
2026-10-01 15:35:53.052,3.856
2026-10-01 15:35:54.086,3.892
2026-10-01 15:35:55.120,3.922
2026-10-01 15:35:56.155,3.795
2026-10-01 15:35:57.191,3.925
2026-10-01 15:35:58.225,3.877
2026-10-01 15:35:59.261,3.885
2026-10-01 15:36:00.296,3.667
2026-10-01 15:36:01.338,3.676
2026-10-01 15:36:02.375,3.678
2026-10-01 15:36:03.435,3.657
2026-10-01 15:36:04.480,3.921
2026-10-01 15:36:05.525,3.912
2026-10-01 15:36:06.576,3.832
2026-10-01 15:36:07.624,3.825
2026-10-01 15:36:08.670,3.877
2026-10-01 15:36:09.716,3.897
2026-10-01 15:36:10.761,4.274
2026-10-01 15:36:11.786,3.662
2026-10-01 15:36:12.831,3.680
2026-10-01 15:36:13.875,4.306
2026-10-01 15:36:14.909,3.846
2026-10-01 15:36:15.944,3.882
2026-10-01 15:36:16.970,3.966
2026-10-01 15:36:18.005,3.865
2026-10-01 15:36:19.041,3.890
2026-10-01 15:36:20.076,3.881
2026-10-01 15:36:21.111,3.885
2026-10-01 15:36:22.144,3.743
2026-10-01 15:36:23.179,3.667
2026-10-01 15:36:24.213,3.682
2026-10-01 15:36:25.249,3.664
2026-10-01 15:36:26.284,3.887
2026-10-01 15:36:27.319,3.888
2026-10-01 15:36:28.354,3.874
2026-10-01 15:36:29.390,3.869
2026-10-01 15:36:30.423,3.885
2026-10-01 15:36:31.458,3.855
2026-10-01 15:36:32.500,3.687
2026-10-01 15:36:33.536,3.659
2026-10-01 15:36:34.575,3.690
2026-10-01 15:36:35.610,3.706
2026-10-01 15:36:36.646,3.869
2026-10-01 15:36:37.683,3.926
2026-10-01 15:36:38.721,3.866
2026-10-01 15:36:39.761,3.841
2026-10-01 15:36:40.795,3.919
2026-10-01 15:36:41.829,3.920
2026-10-01 15:36:42.863,3.910
2026-10-01 15:36:43.901,3.678
2026-10-01 15:36:44.947,3.694
2026-10-01 15:36:45.981,3.691
2026-10-01 15:36:47.006,3.664
2026-10-01 15:36:48.041,3.852
2026-10-01 15:36:49.075,3.896
2026-10-01 15:36:50.113,3.856
2026-10-01 15:36:51.148,3.855
2026-10-01 15:36:52.182,3.950
2026-10-01 15:36:53.217,3.875
2026-10-01 15:36:54.258,3.764
2026-10-01 15:36:55.292,3.706
2026-10-01 15:36:56.327,3.675
2026-10-01 15:36:57.361,3.690
2026-10-01 15:36:58.396,3.848
2026-10-01 15:36:59.430,3.891
2026-10-01 15:37:00.465,3.887
2026-10-01 15:37:01.507,3.821
2026-10-01 15:37:02.542,3.874
2026-10-01 15:37:03.582,3.898
2026-10-01 15:37:04.616,3.893
2026-10-01 15:37:05.660,3.698
2026-10-01 15:37:06.711,3.677
2026-10-01 15:37:07.755,3.658
2026-10-01 15:37:08.799,3.637
2026-10-01 15:37:09.844,3.931
2026-10-01 15:37:10.889,3.920
2026-10-01 15:37:11.934,3.835
2026-10-01 15:37:12.980,3.875
2026-10-01 15:37:14.025,3.917
2026-10-01 15:37:15.073,3.922
2026-10-01 15:37:16.108,3.660
2026-10-01 15:37:17.143,3.680
2026-10-01 15:37:18.169,3.694
2026-10-01 15:37:19.204,3.658
2026-10-01 15:37:20.241,3.856
2026-10-01 15:37:21.276,3.872
2026-10-01 15:37:22.311,3.890
2026-10-01 15:37:23.345,3.829
2026-10-01 15:37:24.379,3.887
2026-10-01 15:37:25.415,3.895
2026-10-01 15:37:26.449,3.879
2026-10-01 15:37:27.483,3.707
2026-10-01 15:37:28.517,3.666
2026-10-01 15:37:29.551,3.652
2026-10-01 15:37:30.586,3.688
2026-10-01 15:37:31.621,4.788
2026-10-01 15:37:32.655,3.887
2026-10-01 15:37:33.698,3.868
2026-10-01 15:37:34.739,3.807
2026-10-01 15:37:35.774,3.918
2026-10-01 15:37:36.810,3.916
2026-10-01 15:37:37.846,3.673
2026-10-01 15:37:38.881,3.693
2026-10-01 15:37:39.916,3.690
2026-10-01 15:37:40.952,3.669
2026-10-01 15:37:41.986,3.656
2026-10-01 15:37:43.021,3.930
2026-10-01 15:37:44.061,3.855
2026-10-01 15:37:45.096,3.836
2026-10-01 15:37:46.130,3.905
2026-10-01 15:37:47.165,3.897
2026-10-01 15:37:48.200,3.878
2026-10-01 15:37:49.226,3.676
2026-10-01 15:37:50.264,3.664
2026-10-01 15:37:51.308,3.659
2026-10-01 15:37:52.343,3.678
2026-10-01 15:37:53.377,4.226
2026-10-01 15:37:54.412,3.911
2026-10-01 15:37:55.447,3.870
2026-10-01 15:37:56.482,3.839
2026-10-01 15:37:57.517,3.930
2026-10-01 15:37:58.560,3.948
2026-10-01 15:37:59.596,3.666
2026-10-01 15:38:00.631,3.669
2026-10-01 15:38:01.666,3.678
2026-10-01 15:38:02.701,3.698
2026-10-01 15:38:03.747,3.670
2026-10-01 15:38:04.781,3.880
2026-10-01 15:38:05.836,3.909
2026-10-01 15:38:06.880,3.842
2026-10-01 15:38:08.035,3.954
2026-10-01 15:38:09.085,3.893
2026-10-01 15:38:10.129,4.525
2026-10-01 15:38:11.176,3.657
2026-10-01 15:38:12.222,3.734
2026-10-01 15:38:13.266,3.741
2026-10-01 15:38:14.310,3.652
2026-10-01 15:38:15.355,3.836
2026-10-01 15:38:16.409,3.943
2026-10-01 15:38:17.449,3.891
2026-10-01 15:38:18.484,4.003
2026-10-01 15:38:19.509,3.920
2026-10-01 15:38:20.543,4.041
2026-10-01 15:38:21.579,3.857
2026-10-01 15:38:22.612,4.301
2026-10-01 15:38:23.652,3.562
2026-10-01 15:38:24.687,3.565
2026-10-01 15:38:25.722,3.855
2026-10-01 15:38:26.758,4.190
2026-10-01 15:38:27.795,4.061
2026-10-01 15:38:28.830,3.997
2026-10-01 15:38:29.867,3.952
2026-10-01 15:38:30.912,3.950
2026-10-01 15:38:31.955,3.822
2026-10-01 15:38:32.994,3.881
2026-10-01 15:38:34.132,4.272
2026-10-01 15:38:35.167,3.819
2026-10-01 15:38:36.202,3.790
2026-10-01 15:38:37.240,4.099
2026-10-01 15:38:38.278,4.007
2026-10-01 15:38:39.320,4.065
2026-10-01 15:38:40.357,3.818
2026-10-01 15:38:41.394,4.156
2026-10-01 15:38:42.431,3.881
2026-10-01 15:38:43.467,3.637
2026-10-01 15:38:44.511,3.872
2026-10-01 15:38:45.547,3.978
2026-10-01 15:38:46.586,3.606
2026-10-01 15:38:47.625,4.078
2026-10-01 15:38:48.663,3.852
2026-10-01 15:38:49.690,3.702
2026-10-01 15:38:50.726,3.739
2026-10-01 15:38:51.762,3.844
2026-10-01 15:38:52.797,3.905
2026-10-01 15:38:53.833,4.351
2026-10-01 15:38:54.868,3.817
2026-10-01 15:38:55.903,3.911
2026-10-01 15:38:56.946,3.938
2026-10-01 15:38:57.992,3.682
2026-10-01 15:38:59.031,4.236
2026-10-01 15:39:00.068,2.595
2026-10-01 15:39:01.102,3.737
2026-10-01 15:39:02.137,3.872
2026-10-01 15:39:03.180,3.744
2026-10-01 15:39:04.215,3.739
2026-10-01 15:39:05.250,3.539
2026-10-01 15:39:06.298,3.612
2026-10-01 15:39:07.346,3.565
2026-10-01 15:39:08.391,3.534
2026-10-01 15:39:09.437,3.777
2026-10-01 15:39:10.482,3.936
2026-10-01 15:39:11.534,4.048
2026-10-01 15:39:12.585,4.184
2026-10-01 15:39:13.629,3.876
2026-10-01 15:39:14.674,3.883
2026-10-01 15:39:15.709,3.850
2026-10-01 15:39:16.742,3.118
2026-10-01 15:39:17.776,3.017
2026-10-01 15:39:18.810,2.979
2026-10-01 15:39:19.846,2.479
2026-10-01 15:39:20.872,3.823
2026-10-01 15:39:21.913,4.006
2026-10-01 15:39:22.946,3.996
2026-10-01 15:39:23.980,3.903
2026-10-01 15:39:25.015,4.402
2026-10-01 15:39:26.041,4.166
2026-10-01 15:39:27.075,3.857
2026-10-01 15:39:28.101,2.376
2026-10-01 15:39:29.138,2.454
2026-10-01 15:39:30.164,3.346
2026-10-01 15:39:31.190,2.383
2026-10-01 15:39:32.216,2.709
2026-10-01 15:39:33.244,3.270
2026-10-01 15:39:34.271,2.598
2026-10-01 15:39:35.298,3.674
2026-10-01 15:39:36.324,2.587
2026-10-01 15:39:37.361,2.757
2026-10-01 15:39:38.395,2.362
2026-10-01 15:39:39.421,2.839
2026-10-01 15:39:40.449,2.396
2026-10-01 15:39:41.476,2.395
2026-10-01 15:39:42.502,4.181
2026-10-01 15:39:43.530,2.933
2026-10-01 15:39:44.556,2.664
2026-10-01 15:39:45.582,2.577
2026-10-01 15:39:46.608,2.973
2026-10-01 15:39:47.634,2.599
2026-10-01 15:39:48.668,2.574
2026-10-01 15:39:49.703,2.394
2026-10-01 15:39:50.730,2.266
2026-10-01 15:39:51.756,2.360
2026-10-01 15:39:52.784,2.387
2026-10-01 15:39:53.810,2.681
2026-10-01 15:39:54.836,2.494
2026-10-01 15:39:55.862,2.476
2026-10-01 15:39:56.888,2.544
2026-10-01 15:39:57.915,2.589
2026-10-01 15:39:58.944,2.547
2026-10-01 15:39:59.994,2.355
2026-10-01 15:40:01.030,2.241
2026-10-01 15:40:02.056,2.461
2026-10-01 15:40:03.085,2.384
2026-10-01 15:40:04.111,2.506
2026-10-01 15:40:05.137,2.598
2026-10-01 15:40:06.171,2.585
2026-10-01 15:40:07.222,2.520
2026-10-01 15:40:08.270,2.603
2026-10-01 15:40:09.317,2.541
2026-10-01 15:40:10.344,2.568
2026-10-01 15:40:11.387,2.320
2026-10-01 15:40:12.430,2.368
2026-10-01 15:40:13.489,2.340
2026-10-01 15:40:14.544,3.775
2026-10-01 15:40:15.570,2.565
2026-10-01 15:40:16.605,2.553
2026-10-01 15:40:17.630,2.498
2026-10-01 15:40:18.656,2.502
2026-10-01 15:40:19.682,2.562
2026-10-01 15:40:20.708,2.621
2026-10-01 15:40:21.742,2.342
2026-10-01 15:40:22.777,2.287
2026-10-01 15:40:23.804,2.350
2026-10-01 15:40:24.831,2.546
2026-10-01 15:40:25.858,2.445
2026-10-01 15:40:26.885,2.556
2026-10-01 15:40:27.911,2.670
2026-10-01 15:40:28.936,2.852
2026-10-01 15:40:29.962,2.786
2026-10-01 15:40:30.988,2.582
2026-10-01 15:40:32.014,2.502
2026-10-01 15:40:33.047,2.331
2026-10-01 15:40:34.073,2.368
2026-10-01 15:40:35.099,2.462
2026-10-01 15:40:36.125,2.312
2026-10-01 15:40:37.170,2.501
2026-10-01 15:40:38.204,2.576
2026-10-01 15:40:39.230,2.603
2026-10-01 15:40:40.258,2.619
2026-10-01 15:40:41.283,2.577
2026-10-01 15:40:42.312,2.531
2026-10-01 15:40:43.348,2.573
2026-10-01 15:40:44.375,2.399
2026-10-01 15:40:45.401,2.291
2026-10-01 15:40:46.427,2.385
2026-10-01 15:40:47.453,2.342
2026-10-01 15:40:48.488,2.548
2026-10-01 15:40:49.514,2.648
2026-10-01 15:40:50.539,2.873
2026-10-01 15:40:51.565,2.506
2026-10-01 15:40:52.591,2.496
2026-10-01 15:40:53.617,2.572
2026-10-01 15:40:54.643,2.441
2026-10-01 15:40:55.669,2.938
2026-10-01 15:40:56.695,2.331
2026-10-01 15:40:57.721,2.359
2026-10-01 15:40:58.755,2.519
2026-10-01 15:40:59.781,2.571
2026-10-01 15:41:00.807,2.668
2026-10-01 15:41:01.833,2.556
2026-10-01 15:41:02.859,2.561
2026-10-01 15:41:03.894,2.535
2026-10-01 15:41:04.920,2.527
2026-10-01 15:41:05.946,2.375
2026-10-01 15:41:06.974,2.432
2026-10-01 15:41:08.003,2.466
2026-10-01 15:41:09.038,2.339
2026-10-01 15:41:10.064,2.528
2026-10-01 15:41:11.090,2.502
2026-10-01 15:41:12.116,2.566
2026-10-01 15:41:13.145,2.466
2026-10-01 15:41:14.189,2.518
2026-10-01 15:41:15.236,2.649
2026-10-01 15:41:16.263,2.358
2026-10-01 15:41:17.291,2.412
2026-10-01 15:41:18.317,2.299
2026-10-01 15:41:19.342,2.332
2026-10-01 15:41:20.397,2.547
2026-10-01 15:41:21.422,2.618
2026-10-01 15:41:22.448,2.578
2026-10-01 15:41:23.474,2.531
2026-10-01 15:41:24.503,2.783
2026-10-01 15:41:25.529,2.664
2026-10-01 15:41:26.563,2.468
2026-10-01 15:41:27.589,2.464
2026-10-01 15:41:28.614,2.403
2026-10-01 15:41:29.640,2.453
2026-10-01 15:41:30.669,2.469
2026-10-01 15:41:31.808,2.493
2026-10-01 15:41:32.842,2.595
2026-10-01 15:41:33.868,2.586
2026-10-01 15:41:34.894,2.473
2026-10-01 15:41:35.920,2.642
2026-10-01 15:41:36.949,2.588
2026-10-01 15:41:37.992,2.756
2026-10-01 15:41:39.018,2.480
2026-10-01 15:41:40.044,2.410
2026-10-01 15:41:41.070,2.527
2026-10-01 15:41:42.095,2.363
2026-10-01 15:41:43.124,2.584
2026-10-01 15:41:44.150,2.618
2026-10-01 15:41:45.175,2.524
2026-10-01 15:41:46.201,2.562
2026-10-01 15:41:47.230,2.676
2026-10-01 15:41:48.256,2.536
2026-10-01 15:41:49.291,2.371
2026-10-01 15:41:50.317,2.342
2026-10-01 15:41:51.343,2.487
2026-10-01 15:41:52.369,2.345
2026-10-01 15:41:53.395,2.601
2026-10-01 15:41:54.438,2.587
2026-10-01 15:41:55.476,2.634
2026-10-01 15:41:56.505,2.558
2026-10-01 15:41:57.531,2.682
2026-10-01 15:41:58.557,2.574
2026-10-01 15:41:59.592,2.494
2026-10-01 15:42:00.630,2.261
2026-10-01 15:42:01.656,2.371
2026-10-01 15:42:02.683,2.432
2026-10-01 15:42:03.710,2.376
2026-10-01 15:42:04.746,2.383
2026-10-01 15:42:05.782,2.536
2026-10-01 15:42:06.809,2.478
2026-10-01 15:42:07.837,2.590
2026-10-01 15:42:08.862,2.729
2026-10-01 15:42:09.889,4.406
2026-10-01 15:42:10.929,2.373
2026-10-01 15:42:11.962,2.348
2026-10-01 15:42:12.999,3.441
2026-10-01 15:42:14.047,3.385
2026-10-01 15:42:15.084,3.382
2026-10-01 15:42:16.122,3.601
2026-10-01 15:42:17.170,3.477
2026-10-01 15:42:18.216,3.716
2026-10-01 15:42:19.267,3.704
2026-10-01 15:42:20.322,3.575
2026-10-01 15:42:21.370,3.573
2026-10-01 15:42:22.418,3.497
2026-10-01 15:42:23.465,3.448
2026-10-01 15:42:24.510,3.884
2026-10-01 15:42:25.556,3.713
2026-10-01 15:42:26.607,4.315
2026-10-01 15:42:27.645,3.960
2026-10-01 15:42:28.680,3.921
2026-10-01 15:42:29.717,3.497
2026-10-01 15:42:30.757,3.555
2026-10-01 15:42:31.793,3.999
2026-10-01 15:42:32.831,3.336
2026-10-01 15:42:33.868,3.434
2026-10-01 15:42:34.905,3.455
2026-10-01 15:42:35.942,3.363
2026-10-01 15:42:36.981,3.659
2026-10-01 15:42:38.019,3.548
2026-10-01 15:42:39.057,3.643
2026-10-01 15:42:40.097,3.587
2026-10-01 15:42:41.234,4.151
2026-10-01 15:42:42.269,4.061
2026-10-01 15:42:43.307,4.133
2026-10-01 15:42:44.346,3.853
2026-10-01 15:42:45.378,5.466
2026-10-01 15:42:46.417,4.041
2026-10-01 15:42:47.454,3.945
2026-10-01 15:42:48.488,3.533
2026-10-01 15:42:49.523,4.606
2026-10-01 15:42:50.558,4.115
2026-10-01 15:42:51.595,2.924
2026-10-01 15:42:52.637,3.953
2026-10-01 15:42:53.680,4.076
2026-10-01 15:42:54.729,3.869
2026-10-01 15:42:55.771,4.126
2026-10-01 15:42:56.811,3.953
2026-10-01 15:42:57.850,3.946
2026-10-01 15:42:58.893,4.334
2026-10-01 15:42:59.937,4.301
2026-10-01 15:43:00.979,4.324
2026-10-01 15:43:02.025,4.410
2026-10-01 15:43:03.066,4.697
2026-10-01 15:43:04.106,4.768
2026-10-01 15:43:05.146,4.391
2026-10-01 15:43:06.186,3.988
2026-10-01 15:43:07.237,4.834
2026-10-01 15:43:08.272,5.064
2026-10-01 15:43:09.309,5.339
2026-10-01 15:43:10.350,2.974
2026-10-01 15:43:11.496,2.508
2026-10-01 15:43:12.531,4.268
2026-10-01 15:43:13.569,2.540
2026-10-01 15:43:14.603,3.914
2026-10-01 15:43:15.629,3.551
2026-10-01 15:43:16.669,3.375
2026-10-01 15:43:17.720,3.387
2026-10-01 15:43:18.777,3.756
2026-10-01 15:43:19.820,3.635
2026-10-01 15:43:20.864,4.924
2026-10-01 15:43:21.908,3.931
2026-10-01 15:43:22.952,3.661
2026-10-01 15:43:24.008,2.468
2026-10-01 15:43:25.043,3.919
2026-10-01 15:43:26.068,3.962
2026-10-01 15:43:27.102,3.503
2026-10-01 15:43:28.135,3.282
2026-10-01 15:43:29.168,3.284
2026-10-01 15:43:30.202,3.290
2026-10-01 15:43:31.236,3.419
2026-10-01 15:43:32.270,3.502
2026-10-01 15:43:33.303,3.523
2026-10-01 15:43:34.336,3.450
2026-10-01 15:43:35.370,3.502
2026-10-01 15:43:36.405,3.713
2026-10-01 15:43:37.440,3.571
2026-10-01 15:43:38.478,3.253
2026-10-01 15:43:39.521,3.271
2026-10-01 15:43:40.565,3.238
2026-10-01 15:43:41.599,3.350
2026-10-01 15:43:42.633,3.520
2026-10-01 15:43:43.667,3.509
2026-10-01 15:43:44.702,3.495
2026-10-01 15:43:45.739,3.488
2026-10-01 15:43:46.782,3.503
2026-10-01 15:43:47.817,3.512
2026-10-01 15:43:48.851,3.501
2026-10-01 15:43:49.888,3.335
2026-10-01 15:43:50.922,3.288
2026-10-01 15:43:51.958,3.243
2026-10-01 15:43:52.994,3.335
2026-10-01 15:43:54.049,3.487
2026-10-01 15:43:55.084,3.533
2026-10-01 15:43:56.120,3.513
2026-10-01 15:43:57.145,3.445
2026-10-01 15:43:58.179,3.551
2026-10-01 15:43:59.224,3.528
2026-10-01 15:44:00.258,3.271
2026-10-01 15:44:01.291,3.420
2026-10-01 15:44:02.327,3.357
2026-10-01 15:44:03.361,3.331
2026-10-01 15:44:04.419,3.426
2026-10-01 15:44:05.471,3.468
2026-10-01 15:44:06.507,3.502
2026-10-01 15:44:07.541,3.403
2026-10-01 15:44:08.578,3.501
2026-10-01 15:44:09.621,3.689
2026-10-01 15:44:10.668,3.462
2026-10-01 15:44:11.704,3.313
2026-10-01 15:44:12.738,3.367
2026-10-01 15:44:13.773,3.255
2026-10-01 15:44:14.813,3.254
2026-10-01 15:44:15.928,3.510
2026-10-01 15:44:16.953,3.565
2026-10-01 15:44:17.998,3.512
2026-10-01 15:44:19.046,3.392
2026-10-01 15:44:20.094,3.503
2026-10-01 15:44:21.152,3.523
2026-10-01 15:44:22.177,3.342
2026-10-01 15:44:23.222,3.317
2026-10-01 15:44:24.267,3.327
2026-10-01 15:44:25.314,3.251
2026-10-01 15:44:26.358,3.453
2026-10-01 15:44:27.393,3.474
2026-10-01 15:44:28.428,3.516
2026-10-01 15:44:29.470,3.494
2026-10-01 15:44:30.518,3.449
2026-10-01 15:44:31.554,3.518
2026-10-01 15:44:32.599,3.478
2026-10-01 15:44:33.634,3.279
2026-10-01 15:44:34.670,3.265
2026-10-01 15:44:35.708,3.329
2026-10-01 15:44:36.750,3.207
2026-10-01 15:44:37.795,3.484
2026-10-01 15:44:38.835,3.435
2026-10-01 15:44:39.869,3.375
2026-10-01 15:44:40.903,3.435
2026-10-01 15:44:41.948,3.487
2026-10-01 15:44:42.986,3.597
2026-10-01 15:44:44.022,3.280
2026-10-01 15:44:45.059,3.250
2026-10-01 15:44:46.095,3.277
2026-10-01 15:44:47.139,3.340
2026-10-01 15:44:48.175,3.433
2026-10-01 15:44:49.336,3.469
2026-10-01 15:44:50.369,3.589
2026-10-01 15:44:51.403,3.445
2026-10-01 15:44:52.447,3.604
2026-10-01 15:44:53.472,3.512
2026-10-01 15:44:54.507,3.505
2026-10-01 15:44:55.540,3.301
2026-10-01 15:44:56.574,3.279
2026-10-01 15:44:57.611,3.274
2026-10-01 15:44:58.645,3.260
2026-10-01 15:44:59.679,3.518
2026-10-01 15:45:00.744,3.504
2026-10-01 15:45:01.778,3.496
2026-10-01 15:45:02.912,4.487
2026-10-01 15:45:03.945,3.479
2026-10-01 15:45:04.979,3.423
2026-10-01 15:45:06.013,3.310
2026-10-01 15:45:07.047,3.243
2026-10-01 15:45:08.090,3.280
2026-10-01 15:45:09.125,3.374
2026-10-01 15:45:10.161,3.426
2026-10-01 15:45:11.200,3.485
2026-10-01 15:45:12.243,3.570
2026-10-01 15:45:13.277,3.378
2026-10-01 15:45:14.315,3.483
2026-10-01 15:45:15.353,3.578
2026-10-01 15:45:16.389,3.621
2026-10-01 15:45:17.424,3.349
2026-10-01 15:45:18.459,3.270
2026-10-01 15:45:19.502,3.268
2026-10-01 15:45:20.549,3.277
2026-10-01 15:45:21.592,3.499
2026-10-01 15:45:22.641,3.431
2026-10-01 15:45:23.667,3.520
2026-10-01 15:45:24.714,3.366
2026-10-01 15:45:25.762,3.431
2026-10-01 15:45:26.807,3.427
2026-10-01 15:45:27.854,3.317
2026-10-01 15:45:28.910,3.295
2026-10-01 15:45:29.943,3.322
2026-10-01 15:45:30.985,3.391
2026-10-01 15:45:32.018,4.390
2026-10-01 15:45:33.053,3.594
2026-10-01 15:45:34.088,3.459
2026-10-01 15:45:35.123,3.452
2026-10-01 15:45:36.156,3.497
2026-10-01 15:45:37.190,3.472
2026-10-01 15:45:38.226,3.455
2026-10-01 15:45:39.261,3.325
2026-10-01 15:45:40.295,3.319
2026-10-01 15:45:41.329,3.291
2026-10-01 15:45:42.364,3.330
2026-10-01 15:45:43.398,3.518
2026-10-01 15:45:44.433,3.535
2026-10-01 15:45:45.467,3.486
2026-10-01 15:45:46.500,3.507
2026-10-01 15:45:47.533,3.533
2026-10-01 15:45:48.566,3.499
2026-10-01 15:45:49.600,3.219
2026-10-01 15:45:50.635,3.289
2026-10-01 15:45:51.667,3.314
2026-10-01 15:45:52.700,3.336
2026-10-01 15:45:53.734,4.424
2026-10-01 15:45:54.759,4.045
2026-10-01 15:45:55.794,3.522
2026-10-01 15:45:56.829,3.502
2026-10-01 15:45:57.864,3.572
2026-10-01 15:45:58.898,3.551
2026-10-01 15:45:59.932,3.589
2026-10-01 15:46:00.967,3.298
2026-10-01 15:46:02.009,3.219
2026-10-01 15:46:03.042,3.285
2026-10-01 15:46:04.076,3.333
2026-10-01 15:46:05.110,3.448
2026-10-01 15:46:06.142,3.487
2026-10-01 15:46:07.175,3.423
2026-10-01 15:46:08.211,3.444
2026-10-01 15:46:09.252,3.480
2026-10-01 15:46:10.291,3.480
2026-10-01 15:46:11.328,3.280
2026-10-01 15:46:12.365,3.293
2026-10-01 15:46:13.401,3.370
2026-10-01 15:46:14.437,3.581
2026-10-01 15:46:15.473,3.537
2026-10-01 15:46:16.508,3.524
2026-10-01 15:46:17.544,3.732
2026-10-01 15:46:18.594,3.382
2026-10-01 15:46:19.639,3.544
2026-10-01 15:46:20.682,3.516
2026-10-01 15:46:21.748,3.569
2026-10-01 15:46:22.793,3.427
2026-10-01 15:46:23.837,3.316
2026-10-01 15:46:24.861,3.303
2026-10-01 15:46:25.931,3.295
2026-10-01 15:46:26.985,3.488
2026-10-01 15:46:28.030,3.682
2026-10-01 15:46:29.064,3.427
2026-10-01 15:46:30.097,3.496
2026-10-01 15:46:31.131,3.514
2026-10-01 15:46:32.164,3.608
2026-10-01 15:46:33.202,3.332
2026-10-01 15:46:34.235,3.402
2026-10-01 15:46:35.269,3.222
2026-10-01 15:46:36.304,3.329
2026-10-01 15:46:37.338,3.456
2026-10-01 15:46:38.375,3.546
2026-10-01 15:46:39.410,3.663
2026-10-01 15:46:40.444,3.419
2026-10-01 15:46:41.478,3.634
2026-10-01 15:46:42.514,3.447
2026-10-01 15:46:43.553,3.502
2026-10-01 15:46:44.588,3.296
2026-10-01 15:46:45.634,3.214
2026-10-01 15:46:46.668,3.304
2026-10-01 15:46:47.701,3.339
2026-10-01 15:46:48.736,3.452
2026-10-01 15:46:49.769,3.493
2026-10-01 15:46:50.810,3.467
2026-10-01 15:46:51.844,3.467
2026-10-01 15:46:52.885,3.475
2026-10-01 15:46:53.925,3.531
2026-10-01 15:46:54.959,3.294
2026-10-01 15:46:55.984,3.315
2026-10-01 15:46:57.017,3.301
2026-10-01 15:46:58.051,3.243
2026-10-01 15:46:59.085,3.238
2026-10-01 15:47:00.125,3.504
2026-10-01 15:47:01.159,3.517
2026-10-01 15:47:02.192,3.442
2026-10-01 15:47:03.225,3.512
2026-10-01 15:47:04.258,3.516
2026-10-01 15:47:05.291,3.561
2026-10-01 15:47:06.316,3.314
2026-10-01 15:47:07.350,3.282
2026-10-01 15:47:08.385,3.234
2026-10-01 15:47:09.419,3.323
2026-10-01 15:47:10.453,3.675
2026-10-01 15:47:11.479,3.492
2026-10-01 15:47:12.513,3.423
2026-10-01 15:47:13.547,3.490
2026-10-01 15:47:14.581,3.514
2026-10-01 15:47:15.615,3.465
2026-10-01 15:47:16.641,3.270
2026-10-01 15:47:17.675,3.330
2026-10-01 15:47:18.721,3.283
2026-10-01 15:47:19.786,3.296
2026-10-01 15:47:20.827,3.354
2026-10-01 15:47:21.852,3.530
2026-10-01 15:47:22.906,3.482
2026-10-01 15:47:23.957,3.428
2026-10-01 15:47:25.005,3.548
2026-10-01 15:47:26.053,3.502
2026-10-01 15:47:27.102,3.485
2026-10-01 15:47:28.161,3.360
2026-10-01 15:47:29.213,3.337
2026-10-01 15:47:30.247,3.334
2026-10-01 15:47:31.282,3.302
2026-10-01 15:47:32.320,3.508
2026-10-01 15:47:33.354,3.500
2026-10-01 15:47:34.395,3.514
2026-10-01 15:47:35.436,3.490
2026-10-01 15:47:36.471,3.537
2026-10-01 15:47:37.506,3.507
2026-10-01 15:47:38.544,3.294
2026-10-01 15:47:39.581,3.279
2026-10-01 15:47:40.616,3.293
2026-10-01 15:47:41.650,3.407
2026-10-01 15:47:42.685,3.288
2026-10-01 15:47:43.719,3.515
2026-10-01 15:47:44.753,3.504
2026-10-01 15:47:45.786,3.474
2026-10-01 15:47:46.821,3.492
2026-10-01 15:47:47.855,3.617
2026-10-01 15:47:48.897,3.475
2026-10-01 15:47:49.938,3.253
2026-10-01 15:47:50.978,3.285
2026-10-01 15:47:52.004,3.562
2026-10-01 15:47:53.039,3.305
2026-10-01 15:47:54.075,3.492
2026-10-01 15:47:55.134,3.451
2026-10-01 15:47:56.269,3.508
2026-10-01 15:47:57.312,4.144
2026-10-01 15:47:58.346,3.518
2026-10-01 15:47:59.380,3.509
2026-10-01 15:48:00.414,3.276
2026-10-01 15:48:01.448,3.295
2026-10-01 15:48:02.481,3.350
2026-10-01 15:48:03.525,3.313
2026-10-01 15:48:04.582,3.336
2026-10-01 15:48:05.616,3.521
2026-10-01 15:48:06.653,3.565
2026-10-01 15:48:07.686,3.488
2026-10-01 15:48:08.720,3.544
2026-10-01 15:48:09.755,3.632
2026-10-01 15:48:10.790,3.535
2026-10-01 15:48:11.823,3.319
2026-10-01 15:48:12.857,3.585
2026-10-01 15:48:13.890,3.606
2026-10-01 15:48:14.924,3.592
2026-10-01 15:48:17.379,3.686
2026-10-01 15:48:20.858,2.901
2026-10-01 15:48:21.900,3.167
2026-10-01 15:48:22.925,3.035
2026-10-01 15:48:23.963,3.251
2026-10-01 15:48:25.001,2.937
2026-10-01 15:48:26.037,3.293
2026-10-01 15:48:27.073,3.492
2026-10-01 15:48:28.117,3.532
2026-10-01 15:48:29.157,3.623
2026-10-01 15:48:30.195,3.426
2026-10-01 15:48:31.235,3.523
2026-10-01 15:48:32.282,3.449
2026-10-01 15:48:33.322,3.527
2026-10-01 15:48:34.370,3.323
2026-10-01 15:48:35.406,3.566
2026-10-01 15:48:36.452,3.335
2026-10-01 15:48:37.486,3.618
2026-10-01 15:48:38.521,3.602
2026-10-01 15:48:39.555,3.571
2026-10-01 15:48:40.589,3.558
2026-10-01 15:48:41.633,3.674
2026-10-01 15:48:42.668,3.648
2026-10-01 15:48:43.701,3.504
2026-10-01 15:48:44.735,3.591
2026-10-01 15:48:45.770,3.252
2026-10-01 15:48:46.804,3.409
2026-10-01 15:48:47.838,3.253
2026-10-01 15:48:48.872,3.497
2026-10-01 15:48:49.906,3.447
2026-10-01 15:48:50.940,3.534
2026-10-01 15:48:51.974,3.875
2026-10-01 15:48:53.006,3.460
2026-10-01 15:48:54.031,3.554
2026-10-01 15:48:55.064,3.323
2026-10-01 15:48:56.097,3.324
2026-10-01 15:48:57.130,3.382
2026-10-01 15:48:58.164,3.592
2026-10-01 15:48:59.198,3.314
2026-10-01 15:49:00.231,3.563
2026-10-01 15:49:01.267,3.735
2026-10-01 15:49:02.311,3.617
2026-10-01 15:49:03.355,3.588
2026-10-01 15:49:04.398,3.529
2026-10-01 15:49:05.446,3.774
2026-10-01 15:49:06.490,3.325
2026-10-01 15:49:07.533,3.569
2026-10-01 15:49:08.576,3.294
2026-10-01 15:49:09.620,3.632
2026-10-01 15:49:10.663,3.530
2026-10-01 15:49:11.726,3.817
2026-10-01 15:49:12.770,3.679
2026-10-01 15:49:13.809,3.362
2026-10-01 15:49:14.940,3.752
2026-10-01 15:49:15.980,3.465
2026-10-01 15:49:17.021,3.320
2026-10-01 15:49:18.068,3.584
2026-10-01 15:49:19.115,3.239
2026-10-01 15:49:20.152,3.283
2026-10-01 15:49:21.190,3.615
2026-10-01 15:49:22.223,3.517
2026-10-01 15:49:23.298,3.579
2026-10-01 15:49:24.323,3.715
2026-10-01 15:49:25.372,3.527
2026-10-01 15:49:26.415,3.504
2026-10-01 15:49:27.463,3.720
2026-10-01 15:49:28.517,3.353
2026-10-01 15:49:29.579,3.588
2026-10-01 15:49:30.646,3.288
2026-10-01 15:49:31.722,3.315
2026-10-01 15:49:32.770,3.459
2026-10-01 15:49:33.820,3.491
2026-10-01 15:49:34.894,3.721
2026-10-01 15:49:35.931,3.429
2026-10-01 15:49:36.970,3.702
2026-10-01 15:49:38.007,3.443
2026-10-01 15:49:39.046,3.308
2026-10-01 15:49:40.086,3.580
2026-10-01 15:49:41.128,3.229
2026-10-01 15:49:42.166,3.304
2026-10-01 15:49:43.209,3.771
2026-10-01 15:49:44.251,3.502
2026-10-01 15:49:45.286,3.423
2026-10-01 15:49:46.325,3.565
2026-10-01 15:49:47.360,3.617
2026-10-01 15:49:48.406,3.541
2026-10-01 15:49:49.443,3.473
2026-10-01 15:49:50.476,3.281
2026-10-01 15:49:51.511,3.573
2026-10-01 15:49:52.549,3.232
2026-10-01 15:49:53.585,3.278
2026-10-01 15:49:54.621,3.678
2026-10-01 15:49:55.646,3.535
2026-10-01 15:49:56.681,3.441
2026-10-01 15:49:57.720,3.407
2026-10-01 15:49:58.754,3.519
2026-10-01 15:49:59.794,3.499
2026-10-01 15:50:00.832,3.565
2026-10-01 15:50:01.872,3.262
2026-10-01 15:50:02.917,3.538
2026-10-01 15:50:03.952,3.554
2026-10-01 15:50:04.987,3.498
2026-10-01 15:50:06.019,3.522
2026-10-01 15:50:07.053,3.440
2026-10-01 15:50:08.086,3.406
2026-10-01 15:50:09.124,3.548
2026-10-01 15:50:10.158,3.458
2026-10-01 15:50:11.191,3.499
2026-10-01 15:50:12.227,3.279
2026-10-01 15:50:13.260,3.340
2026-10-01 15:50:14.294,3.602
2026-10-01 15:50:15.327,3.565
2026-10-01 15:50:16.365,3.772
2026-10-01 15:50:17.403,3.499
2026-10-01 15:50:18.441,3.517
2026-10-01 15:50:19.476,3.435
2026-10-01 15:50:20.509,3.524
2026-10-01 15:50:21.543,3.467
2026-10-01 15:50:22.578,3.445
2026-10-01 15:50:23.617,3.292
2026-10-01 15:50:24.650,3.443
2026-10-01 15:50:25.675,3.274
2026-10-01 15:50:26.709,3.745
2026-10-01 15:50:27.751,3.480
2026-10-01 15:50:28.795,3.756
2026-10-01 15:50:29.843,3.430
2026-10-01 15:50:30.886,3.471
2026-10-01 15:50:31.932,3.526
2026-10-01 15:50:32.978,3.525
2026-10-01 15:50:34.021,3.265
2026-10-01 15:50:35.064,3.270
2026-10-01 15:50:36.108,3.328
2026-10-01 15:50:37.152,3.288
2026-10-01 15:50:38.186,3.547
2026-10-01 15:50:39.219,3.479
2026-10-01 15:50:40.252,3.383
2026-10-01 15:50:41.286,3.441
2026-10-01 15:50:42.422,3.544
2026-10-01 15:50:43.456,3.552
2026-10-01 15:50:44.491,3.447
2026-10-01 15:50:45.524,3.239
2026-10-01 15:50:46.557,3.426
2026-10-01 15:50:47.614,3.250
2026-10-01 15:50:48.648,3.455
2026-10-01 15:50:49.682,3.520
2026-10-01 15:50:50.717,3.628
2026-10-01 15:50:51.741,3.482
2026-10-01 15:50:52.775,3.851
2026-10-01 15:50:53.810,3.659
2026-10-01 15:50:54.843,3.791
2026-10-01 15:50:55.876,3.583
2026-10-01 15:50:56.901,3.299
2026-10-01 15:50:57.934,3.532
2026-10-01 15:50:58.967,3.252
2026-10-01 15:51:00.002,3.493
2026-10-01 15:51:01.035,3.535
2026-10-01 15:51:02.060,3.677
2026-10-01 15:51:03.094,3.567
2026-10-01 15:51:04.129,3.478
2026-10-01 15:51:05.165,3.817
2026-10-01 15:51:06.199,3.292
2026-10-01 15:51:07.224,3.496
2026-10-01 15:51:08.257,3.554
2026-10-01 15:51:09.291,3.339
2026-10-01 15:51:10.332,3.597
2026-10-01 15:51:11.366,3.811
2026-10-01 15:51:12.391,3.595
2026-10-01 15:51:13.424,3.465
2026-10-01 15:51:14.460,3.618
2026-10-01 15:51:15.493,3.536
2026-10-01 15:51:16.526,3.766
2026-10-01 15:51:17.551,3.524
2026-10-01 15:51:18.587,3.319
2026-10-01 15:51:19.621,3.352
2026-10-01 15:51:20.654,3.563
2026-10-01 15:51:21.688,3.527
2026-10-01 15:51:22.714,3.027
2026-10-01 15:51:23.747,3.818
2026-10-01 15:51:25.301,2.459
2026-10-01 15:51:26.391,3.241
2026-10-01 15:51:27.443,2.766
2026-10-01 15:51:28.497,2.696
2026-10-01 15:51:29.552,3.097
2026-10-01 15:51:30.607,4.111
2026-10-01 15:51:31.667,3.694
2026-10-01 15:51:32.728,3.516
2026-10-01 15:51:33.782,3.772
2026-10-01 15:51:34.838,3.542
2026-10-01 15:51:35.888,3.464
2026-10-01 15:51:36.947,3.551
2026-10-01 15:51:38.011,3.488
2026-10-01 15:51:39.070,3.326
2026-10-01 15:51:40.137,3.311
2026-10-01 15:51:41.182,3.306
2026-10-01 15:51:42.228,3.243
2026-10-01 15:51:43.267,3.480
2026-10-01 15:51:44.306,3.616
2026-10-01 15:51:45.344,2.590
2026-10-01 15:51:46.381,3.878
2026-10-01 15:51:47.418,3.836
2026-10-01 15:51:48.451,3.637
2026-10-01 15:51:49.589,3.542
2026-10-01 15:51:50.632,3.530
2026-10-01 15:51:51.666,3.485
2026-10-01 15:51:52.691,3.317
2026-10-01 15:51:53.725,3.291
2026-10-01 15:51:54.760,3.652
2026-10-01 15:51:55.793,3.602
2026-10-01 15:51:56.829,3.777
2026-10-01 15:51:57.863,3.412
2026-10-01 15:51:58.897,3.484
2026-10-01 15:51:59.938,3.550
2026-10-01 15:52:00.972,3.363
2026-10-01 15:52:02.006,3.349
2026-10-01 15:52:03.040,3.408
2026-10-01 15:52:04.075,3.427
2026-10-01 15:52:05.110,3.557
2026-10-01 15:52:06.144,3.638
2026-10-01 15:52:07.179,3.547
2026-10-01 15:52:08.216,3.488
2026-10-01 15:52:09.256,3.568
2026-10-01 15:52:10.292,3.613
2026-10-01 15:52:11.326,3.637
2026-10-01 15:52:12.360,3.393
2026-10-01 15:52:13.395,3.462
2026-10-01 15:52:14.430,3.379
2026-10-01 15:52:15.464,3.594
2026-10-01 15:52:16.505,3.888
2026-10-01 15:52:17.540,3.613
2026-10-01 15:52:18.577,3.602
2026-10-01 15:52:19.611,3.602
2026-10-01 15:52:20.646,3.625
2026-10-01 15:52:21.782,3.619
2026-10-01 15:52:22.817,3.421
2026-10-01 15:52:23.843,3.351
2026-10-01 15:52:24.877,3.448
2026-10-01 15:52:25.912,3.495
2026-10-01 15:52:26.948,3.816
2026-10-01 15:52:27.989,3.662
2026-10-01 15:52:29.026,3.641
2026-10-01 15:52:30.060,3.514
2026-10-01 15:52:31.095,3.613
2026-10-01 15:52:32.129,3.881
2026-10-01 15:52:33.186,3.658
2026-10-01 15:52:34.245,3.318
2026-10-01 15:52:35.309,3.599
2026-10-01 15:52:36.355,3.411
2026-10-01 15:52:37.400,3.350
2026-10-01 15:52:38.446,3.634
2026-10-01 15:52:39.492,3.816
2026-10-01 15:52:40.537,3.558
2026-10-01 15:52:41.591,3.543
2026-10-01 15:52:42.639,3.748
2026-10-01 15:52:43.686,3.719
2026-10-01 15:52:44.728,3.315
2026-10-01 15:52:45.763,3.373
2026-10-01 15:52:46.800,2.714
2026-10-01 15:52:47.833,2.665
2026-10-01 15:52:48.867,3.926
2026-10-01 15:52:49.902,3.935
2026-10-01 15:52:50.967,3.933
2026-10-01 15:52:52.002,3.876
2026-10-01 15:52:53.039,4.082
2026-10-01 15:52:54.063,4.100
2026-10-01 15:52:55.109,4.170
2026-10-01 15:52:56.153,3.843
2026-10-01 15:52:57.190,3.949
2026-10-01 15:52:58.226,2.375
2026-10-01 15:52:59.263,3.863
2026-10-01 15:53:00.298,4.118
2026-10-01 15:53:01.331,3.986
2026-10-01 15:53:02.375,2.544
2026-10-01 15:53:03.408,4.138
2026-10-01 15:53:04.442,4.086
2026-10-01 15:53:05.483,3.880
2026-10-01 15:53:06.516,3.681
2026-10-01 15:53:07.550,3.705
2026-10-01 15:53:08.584,3.708
2026-10-01 15:53:09.617,3.740
2026-10-01 15:53:10.651,3.817
2026-10-01 15:53:11.691,3.897
2026-10-01 15:53:12.726,3.943
2026-10-01 15:53:13.760,3.882
2026-10-01 15:53:14.798,3.956
2026-10-01 15:53:15.833,3.945
2026-10-01 15:53:16.867,3.897
2026-10-01 15:53:17.901,3.718
2026-10-01 15:53:18.934,3.674
2026-10-01 15:53:19.975,3.796
2026-10-01 15:53:21.043,3.769
2026-10-01 15:53:22.077,3.907
2026-10-01 15:53:23.111,3.870
2026-10-01 15:53:24.147,3.881
2026-10-01 15:53:25.172,3.907
2026-10-01 15:53:26.213,4.069
2026-10-01 15:53:27.251,3.951
2026-10-01 15:53:28.285,3.739
2026-10-01 15:53:29.320,3.718
2026-10-01 15:53:30.354,3.720
2026-10-01 15:53:31.394,3.861
2026-10-01 15:53:32.428,4.833
2026-10-01 15:53:33.472,3.920
2026-10-01 15:53:34.516,3.909
2026-10-01 15:53:35.558,3.855
2026-10-01 15:53:36.606,4.000
2026-10-01 15:53:37.650,5.028
2026-10-01 15:53:38.693,3.967
2026-10-01 15:53:39.738,3.696
2026-10-01 15:53:40.820,3.718
2026-10-01 15:53:41.873,3.738
2026-10-01 15:53:42.917,3.720
2026-10-01 15:53:43.951,3.897
2026-10-01 15:53:44.985,3.929
2026-10-01 15:53:46.018,3.852
2026-10-01 15:53:47.053,3.817
2026-10-01 15:53:48.086,3.926
2026-10-01 15:53:49.120,3.931
2026-10-01 15:53:50.161,3.701
2026-10-01 15:53:51.201,3.695
2026-10-01 15:53:52.235,3.669
2026-10-01 15:53:53.268,3.739
2026-10-01 15:53:54.302,3.898
2026-10-01 15:53:55.337,3.915
2026-10-01 15:53:56.362,3.943
2026-10-01 15:53:57.404,3.900
2026-10-01 15:53:58.437,3.906
2026-10-01 15:53:59.471,3.917
2026-10-01 15:54:00.503,3.951
2026-10-01 15:54:01.539,3.673
2026-10-01 15:54:02.572,3.698
2026-10-01 15:54:03.605,3.844
2026-10-01 15:54:04.645,3.509
2026-10-01 15:54:05.678,3.840
2026-10-01 15:54:06.717,3.948
2026-10-01 15:54:07.757,3.870
2026-10-01 15:54:08.798,3.833
2026-10-01 15:54:09.837,3.909
2026-10-01 15:54:10.871,3.923
2026-10-01 15:54:11.907,3.734
2026-10-01 15:54:12.941,3.676
2026-10-01 15:54:13.974,3.716
2026-10-01 15:54:15.007,3.669
2026-10-01 15:54:16.040,3.783
2026-10-01 15:54:17.074,3.920
2026-10-01 15:54:18.114,3.961
2026-10-01 15:54:19.147,4.008
2026-10-01 15:54:20.180,4.200
2026-10-01 15:54:21.214,3.953
2026-10-01 15:54:22.248,3.729
2026-10-01 15:54:23.282,3.743
2026-10-01 15:54:24.315,3.753
2026-10-01 15:54:25.349,3.699
2026-10-01 15:54:26.374,3.755
2026-10-01 15:54:27.411,3.938
2026-10-01 15:54:28.444,3.921
2026-10-01 15:54:29.477,3.933
2026-10-01 15:54:30.511,3.861
2026-10-01 15:54:31.545,3.928
2026-10-01 15:54:32.595,3.924
2026-10-01 15:54:33.643,3.683
2026-10-01 15:54:34.690,3.690
2026-10-01 15:54:35.733,3.728
2026-10-01 15:54:36.874,3.574
2026-10-01 15:54:37.921,3.894
2026-10-01 15:54:38.966,3.757
2026-10-01 15:54:40.006,3.685
2026-10-01 15:54:41.046,3.771
2026-10-01 15:54:42.072,3.612
2026-10-01 15:54:43.106,3.940
2026-10-01 15:54:44.140,3.939
2026-10-01 15:54:45.174,3.699
2026-10-01 15:54:46.216,3.730
2026-10-01 15:54:47.241,3.733
2026-10-01 15:54:48.285,3.796
2026-10-01 15:54:49.327,3.927
2026-10-01 15:54:50.408,4.118
2026-10-01 15:54:51.501,3.984
2026-10-01 15:54:52.527,3.903
2026-10-01 15:54:53.571,3.984
2026-10-01 15:54:54.621,3.924
2026-10-01 15:54:55.672,3.707
2026-10-01 15:54:56.743,3.760
2026-10-01 15:54:57.768,3.737
2026-10-01 15:54:58.827,3.735
2026-10-01 15:54:59.892,3.950
2026-10-01 15:55:00.956,3.949
2026-10-01 15:55:01.989,3.985
2026-10-01 15:55:03.042,3.864
2026-10-01 15:55:04.083,3.931
2026-10-01 15:55:05.124,3.956
2026-10-01 15:55:06.168,3.971
2026-10-01 15:55:07.193,3.772
2026-10-01 15:55:08.230,3.783
2026-10-01 15:55:09.350,3.761
2026-10-01 15:55:10.383,3.701
2026-10-01 15:55:11.535,3.929
2026-10-01 15:55:12.560,3.954
2026-10-01 15:55:13.596,4.034
2026-10-01 15:55:14.630,3.983
2026-10-01 15:55:15.663,3.967
2026-10-01 15:55:16.696,3.992
2026-10-01 15:55:17.721,3.750
2026-10-01 15:55:18.756,3.726
2026-10-01 15:55:19.793,3.710
2026-10-01 15:55:20.827,3.756
2026-10-01 15:55:21.865,3.920
2026-10-01 15:55:22.890,3.976
2026-10-01 15:55:23.928,3.969
2026-10-01 15:55:24.962,3.971
2026-10-01 15:55:25.996,3.971
2026-10-01 15:55:27.031,3.986
2026-10-01 15:55:28.057,3.966
2026-10-01 15:55:29.092,3.755
2026-10-01 15:55:30.142,3.697
2026-10-01 15:55:31.188,3.672
2026-10-01 15:55:32.233,3.780
2026-10-01 15:55:33.258,3.962
2026-10-01 15:55:34.305,4.021
2026-10-01 15:55:35.353,3.883
2026-10-01 15:55:36.398,3.890
2026-10-01 15:55:37.443,3.970
2026-10-01 15:55:38.469,3.968
2026-10-01 15:55:39.513,3.723
2026-10-01 15:55:40.548,3.766
2026-10-01 15:55:41.582,3.785
2026-10-01 15:55:42.616,3.797
2026-10-01 15:55:43.642,4.155
2026-10-01 15:55:44.677,3.921
2026-10-01 15:55:45.713,3.946
2026-10-01 15:55:46.747,3.926
2026-10-01 15:55:47.782,3.975
2026-10-01 15:55:48.819,3.983
2026-10-01 15:55:49.857,3.957
2026-10-01 15:55:50.897,3.757
2026-10-01 15:55:51.932,3.751
2026-10-01 15:55:52.966,3.738
2026-10-01 15:55:54.000,3.774
2026-10-01 15:55:55.039,4.048
2026-10-01 15:55:56.082,4.007
2026-10-01 15:55:57.126,3.935
2026-10-01 15:55:58.161,3.883
2026-10-01 15:55:59.196,3.940
2026-10-01 15:56:00.232,3.986
2026-10-01 15:56:01.267,3.762
2026-10-01 15:56:02.300,3.760
2026-10-01 15:56:03.341,3.750
2026-10-01 15:56:04.480,3.746
2026-10-01 15:56:05.514,3.950
2026-10-01 15:56:06.548,3.967
2026-10-01 15:56:07.583,3.940
2026-10-01 15:56:08.617,3.911
2026-10-01 15:56:09.652,3.959
2026-10-01 15:56:10.687,3.957
2026-10-01 15:56:11.726,3.917
2026-10-01 15:56:12.760,3.721
2026-10-01 15:56:13.786,3.741
2026-10-01 15:56:14.821,3.732
2026-10-01 15:56:15.856,3.728
2026-10-01 15:56:16.928,4.008
2026-10-01 15:56:17.962,3.907
2026-10-01 15:56:18.996,3.993
2026-10-01 15:56:20.032,3.939
2026-10-01 15:56:21.070,3.995
2026-10-01 15:56:22.104,3.963
2026-10-01 15:56:23.139,3.715
2026-10-01 15:56:24.174,3.701
2026-10-01 15:56:25.209,3.774
2026-10-01 15:56:26.243,3.715
2026-10-01 15:56:27.279,3.992
2026-10-01 15:56:28.314,3.969
2026-10-01 15:56:29.347,3.947
2026-10-01 15:56:30.402,3.906
2026-10-01 15:56:31.445,3.950
2026-10-01 15:56:32.488,3.946
2026-10-01 15:56:33.536,4.030
2026-10-01 15:56:34.580,3.727
2026-10-01 15:56:35.625,3.808
2026-10-01 15:56:36.670,3.783
2026-10-01 15:56:37.716,3.714
2026-10-01 15:56:38.771,3.964
2026-10-01 15:56:39.816,3.913
2026-10-01 15:56:40.850,3.944
2026-10-01 15:56:41.884,3.940
2026-10-01 15:56:42.918,4.555
2026-10-01 15:56:43.951,3.944
2026-10-01 15:56:44.976,3.781
2026-10-01 15:56:46.018,3.726
2026-10-01 15:56:47.086,3.719
2026-10-01 15:56:48.121,3.737
2026-10-01 15:56:49.156,3.920
2026-10-01 15:56:50.191,3.963
2026-10-01 15:56:51.226,3.922
2026-10-01 15:56:52.261,3.940
2026-10-01 15:56:53.294,3.950
2026-10-01 15:56:54.334,3.954
2026-10-01 15:56:55.375,3.990
2026-10-01 15:56:56.409,3.711
2026-10-01 15:56:57.446,3.765
2026-10-01 15:56:58.480,3.725
2026-10-01 15:56:59.514,3.741
2026-10-01 15:57:00.549,3.988
2026-10-01 15:57:01.584,3.936
2026-10-01 15:57:02.620,3.867
2026-10-01 15:57:03.655,3.829
2026-10-01 15:57:04.697,3.990
2026-10-01 15:57:05.740,3.965
2026-10-01 15:57:06.775,3.699
2026-10-01 15:57:07.810,3.726
2026-10-01 15:57:08.892,3.745
2026-10-01 15:57:09.925,3.796
2026-10-01 15:57:10.967,3.944
2026-10-01 15:57:12.002,4.018
2026-10-01 15:57:13.036,3.955
2026-10-01 15:57:14.070,3.975
2026-10-01 15:57:15.096,3.969
2026-10-01 15:57:16.131,4.012
2026-10-01 15:57:17.168,3.975
2026-10-01 15:57:18.210,3.721
2026-10-01 15:57:19.251,3.743
2026-10-01 15:57:20.277,3.736
2026-10-01 15:57:21.314,3.741
2026-10-01 15:57:22.349,3.958
2026-10-01 15:57:23.384,4.017
2026-10-01 15:57:24.432,3.905
2026-10-01 15:57:25.458,4.269
2026-10-01 15:57:26.501,3.983
2026-10-01 15:57:27.536,4.031
2026-10-01 15:57:28.581,4.029
2026-10-01 15:57:29.633,3.725
2026-10-01 15:57:30.659,3.745
2026-10-01 15:57:31.703,3.775
2026-10-01 15:57:32.748,3.929
2026-10-01 15:57:33.796,3.965
2026-10-01 15:57:34.840,4.061
2026-10-01 15:57:35.866,4.023
2026-10-01 15:57:36.910,4.113
2026-10-01 15:57:37.965,4.028
2026-10-01 15:57:39.001,3.966
2026-10-01 15:57:40.037,3.762
2026-10-01 15:57:41.063,3.732
2026-10-01 15:57:42.098,3.730
2026-10-01 15:57:43.132,3.712
2026-10-01 15:57:44.168,3.907
2026-10-01 15:57:45.202,3.955
2026-10-01 15:57:46.267,5.151
2026-10-01 15:57:47.302,4.164
2026-10-01 15:57:48.338,3.988
2026-10-01 15:57:49.373,3.890
2026-10-01 15:57:50.408,4.165
2026-10-01 15:57:51.435,3.547
2026-10-01 15:57:52.471,3.874
2026-10-01 15:57:53.509,3.789
2026-10-01 15:57:54.547,4.054
2026-10-01 15:57:55.584,4.348
2026-10-01 15:57:56.611,4.229
2026-10-01 15:57:57.647,4.014
2026-10-01 15:57:58.692,4.337
2026-10-01 15:57:59.732,3.996
2026-10-01 15:58:00.775,3.968
2026-10-01 15:58:01.811,3.833
2026-10-01 15:58:02.846,3.906
2026-10-01 15:58:03.881,3.956
2026-10-01 15:58:04.925,4.794
2026-10-01 15:58:05.961,3.835
2026-10-01 15:58:06.995,3.803
2026-10-01 15:58:08.038,3.893
2026-10-01 15:58:09.073,4.002
2026-10-01 15:58:10.109,4.061
2026-10-01 15:58:11.145,3.907
2026-10-01 15:58:12.172,3.898
2026-10-01 15:58:13.207,3.780
2026-10-01 15:58:14.243,3.732
2026-10-01 15:58:15.278,3.603
2026-10-01 15:58:16.314,3.719
2026-10-01 15:58:17.339,3.993
2026-10-01 15:58:18.376,4.121
2026-10-01 15:58:19.415,4.272
2026-10-01 15:58:20.450,4.075
2026-10-01 15:58:21.486,4.106
2026-10-01 15:58:22.521,4.378
2026-10-01 15:58:23.557,3.721
2026-10-01 15:58:24.596,3.859
2026-10-01 15:58:25.633,3.698
2026-10-01 15:58:26.668,3.932
2026-10-01 15:58:27.694,4.378
2026-10-01 15:58:28.729,3.919
2026-10-01 15:58:29.782,3.895
2026-10-01 15:58:30.827,3.828
2026-10-01 15:58:31.870,3.929
2026-10-01 15:58:32.915,3.882
2026-10-01 15:58:33.960,3.662
2026-10-01 15:58:35.007,3.664
2026-10-01 15:58:36.054,3.647
2026-10-01 15:58:37.098,3.679
2026-10-01 15:58:38.142,3.683
2026-10-01 15:58:39.179,3.880
2026-10-01 15:58:40.219,3.874
2026-10-01 15:58:41.262,3.822
2026-10-01 15:58:42.302,3.873
2026-10-01 15:58:43.336,3.924
2026-10-01 15:58:44.371,4.002
2026-10-01 15:58:45.407,3.727
2026-10-01 15:58:46.442,3.659
2026-10-01 15:58:47.477,3.677
2026-10-01 15:58:48.511,3.681
2026-10-01 15:58:49.600,4.622
2026-10-01 15:58:50.636,3.929
2026-10-01 15:58:51.669,3.908
2026-10-01 15:58:52.704,3.854
2026-10-01 15:58:53.738,3.871
2026-10-01 15:58:54.772,3.891
2026-10-01 15:58:55.806,3.691
2026-10-01 15:58:56.841,3.636
2026-10-01 15:58:57.867,3.686
2026-10-01 15:58:58.901,3.636
2026-10-01 15:58:59.935,3.666
2026-10-01 15:59:00.974,3.922
2026-10-01 15:59:02.018,3.906
2026-10-01 15:59:03.051,3.850
2026-10-01 15:59:04.085,3.891
2026-10-01 15:59:05.118,3.884
2026-10-01 15:59:06.152,3.876
2026-10-01 15:59:07.186,3.670
2026-10-01 15:59:08.221,3.652
2026-10-01 15:59:09.255,3.649
2026-10-01 15:59:10.290,3.656
2026-10-01 15:59:11.327,4.105
2026-10-01 15:59:12.363,3.879
2026-10-01 15:59:13.397,3.829
2026-10-01 15:59:14.431,3.860
2026-10-01 15:59:15.474,3.896
2026-10-01 15:59:16.508,3.870
2026-10-01 15:59:17.542,3.889
2026-10-01 15:59:18.577,3.626
2026-10-01 15:59:19.612,3.687
2026-10-01 15:59:20.647,3.671
2026-10-01 15:59:21.683,3.655
2026-10-01 15:59:22.718,3.892
2026-10-01 15:59:23.752,3.838
2026-10-01 15:59:24.793,3.870
2026-10-01 15:59:25.827,3.849
2026-10-01 15:59:26.872,4.528
2026-10-01 15:59:27.921,3.868
2026-10-01 15:59:28.947,3.668
2026-10-01 15:59:29.992,3.693
2026-10-01 15:59:31.036,4.381
2026-10-01 15:59:32.085,3.650
2026-10-01 15:59:33.132,3.873
2026-10-01 15:59:34.179,3.965
2026-10-01 15:59:35.250,3.930
2026-10-01 15:59:36.295,3.830
2026-10-01 15:59:37.404,3.866
2026-10-01 15:59:38.439,3.885
2026-10-01 15:59:39.474,3.687
2026-10-01 15:59:40.515,3.679
2026-10-01 15:59:41.549,3.674
2026-10-01 15:59:42.583,3.711
2026-10-01 15:59:43.617,3.674
2026-10-01 15:59:44.651,3.916
2026-10-01 15:59:45.684,3.870
2026-10-01 15:59:46.721,3.833
2026-10-01 15:59:47.758,3.905
2026-10-01 15:59:48.796,3.864
2026-10-01 15:59:49.832,3.898
2026-10-01 15:59:50.874,3.763
2026-10-01 15:59:51.906,3.704
2026-10-01 15:59:52.941,3.659
2026-10-01 15:59:53.974,3.681
2026-10-01 15:59:55.009,3.870
2026-10-01 15:59:56.044,3.879
2026-10-01 15:59:57.081,3.884
2026-10-01 15:59:58.115,3.866
2026-10-01 15:59:59.141,3.911
2026-10-01 16:00:00.176,3.925
2026-10-01 16:00:01.212,3.898
2026-10-01 16:00:02.248,3.675
2026-10-01 16:00:03.287,3.725
2026-10-01 16:00:04.324,3.658
2026-10-01 16:00:05.365,3.682
2026-10-01 16:00:06.400,3.878
2026-10-01 16:00:07.435,3.891
2026-10-01 16:00:08.470,3.909
2026-10-01 16:00:09.505,3.819
2026-10-01 16:00:10.539,3.855
2026-10-01 16:00:11.573,3.877
2026-10-01 16:00:12.615,3.712
2026-10-01 16:00:13.649,3.698
2026-10-01 16:00:14.686,3.686
2026-10-01 16:00:15.727,3.685
2026-10-01 16:00:16.761,3.821
2026-10-01 16:00:17.794,3.865
2026-10-01 16:00:18.828,3.857
2026-10-01 16:00:19.862,3.819
2026-10-01 16:00:20.896,3.873
2026-10-01 16:00:21.940,3.908
2026-10-01 16:00:22.985,3.899
2026-10-01 16:00:24.033,3.630
2026-10-01 16:00:25.083,3.687
2026-10-01 16:00:26.126,3.701
2026-10-01 16:00:27.169,3.682
2026-10-01 16:00:28.213,3.882
2026-10-01 16:00:29.257,3.907
2026-10-01 16:00:30.283,3.878
2026-10-01 16:00:31.328,3.838
2026-10-01 16:00:32.381,3.918
2026-10-01 16:00:33.416,3.874
2026-10-01 16:00:34.457,3.637
2026-10-01 16:00:35.491,3.661
2026-10-01 16:00:36.525,3.730
2026-10-01 16:00:37.560,3.664
2026-10-01 16:00:38.595,3.891
2026-10-01 16:00:39.632,3.832
2026-10-01 16:00:40.666,3.925
2026-10-01 16:00:41.703,3.806
2026-10-01 16:00:42.737,3.923
2026-10-01 16:00:43.778,3.922
2026-10-01 16:00:44.814,3.867
2026-10-01 16:00:45.848,3.671
2026-10-01 16:00:46.880,3.665
2026-10-01 16:00:47.916,3.672
2026-10-01 16:00:48.951,3.697
2026-10-01 16:00:49.985,3.882
2026-10-01 16:00:51.020,3.896
2026-10-01 16:00:52.055,3.883
2026-10-01 16:00:53.090,3.868
2026-10-01 16:00:54.128,3.893
2026-10-01 16:00:55.163,3.893
2026-10-01 16:00:56.198,3.646
2026-10-01 16:00:57.236,3.763
2026-10-01 16:00:58.276,3.693
2026-10-01 16:00:59.311,3.684
2026-10-01 16:01:00.348,3.798
2026-10-01 16:01:01.384,3.852
2026-10-01 16:01:02.425,3.877
2026-10-01 16:01:03.459,3.855
2026-10-01 16:01:04.596,3.856
2026-10-01 16:01:05.630,3.882
2026-10-01 16:01:06.665,3.864
2026-10-01 16:01:07.701,3.684
2026-10-01 16:01:08.737,3.682
2026-10-01 16:01:09.772,3.619
2026-10-01 16:01:10.807,3.634
2026-10-01 16:01:11.852,3.874
2026-10-01 16:01:12.886,3.844
2026-10-01 16:01:13.923,3.825
2026-10-01 16:01:14.958,3.913
2026-10-01 16:01:15.993,3.921
2026-10-01 16:01:17.027,3.907
2026-10-01 16:01:18.062,3.651
2026-10-01 16:01:19.109,3.626
2026-10-01 16:01:20.158,3.672
2026-10-01 16:01:21.203,3.631
2026-10-01 16:01:22.248,3.986
2026-10-01 16:01:23.291,3.880
2026-10-01 16:01:24.342,3.900
2026-10-01 16:01:25.385,3.836
2026-10-01 16:01:26.429,3.864
2026-10-01 16:01:27.472,3.913
2026-10-01 16:01:28.523,3.895
2026-10-01 16:01:29.567,3.669
2026-10-01 16:01:30.611,3.656
2026-10-01 16:01:31.636,3.660
2026-10-01 16:01:32.669,3.607
2026-10-01 16:01:33.701,3.931
2026-10-01 16:01:34.744,3.939
2026-10-01 16:01:35.777,3.847
2026-10-01 16:01:36.810,3.863
2026-10-01 16:01:37.845,3.932
2026-10-01 16:01:38.880,3.928
2026-10-01 16:01:39.915,3.721
2026-10-01 16:01:40.954,3.670
2026-10-01 16:01:41.979,3.684
2026-10-01 16:01:43.012,3.686
2026-10-01 16:01:44.045,3.830
2026-10-01 16:01:45.079,3.857
2026-10-01 16:01:46.112,3.906
2026-10-01 16:01:47.137,3.823
2026-10-01 16:01:48.171,3.868
2026-10-01 16:01:49.206,3.865
2026-10-01 16:01:50.240,3.879
2026-10-01 16:01:51.275,3.649
2026-10-01 16:01:52.300,3.672
2026-10-01 16:01:53.336,3.619
2026-10-01 16:01:54.369,3.684
2026-10-01 16:01:55.403,3.907
2026-10-01 16:01:56.444,3.878
2026-10-01 16:01:57.477,3.829
2026-10-01 16:01:58.512,3.798
2026-10-01 16:01:59.546,3.891
2026-10-01 16:02:00.580,3.903
2026-10-01 16:02:01.615,3.688
2026-10-01 16:02:02.649,3.651
2026-10-01 16:02:03.684,3.670
2026-10-01 16:02:04.718,3.696
2026-10-01 16:02:05.752,3.874
2026-10-01 16:02:06.786,3.883
2026-10-01 16:02:07.819,3.897
2026-10-01 16:02:08.853,3.843
2026-10-01 16:02:09.887,3.914
2026-10-01 16:02:10.921,3.914
2026-10-01 16:02:11.955,3.951
2026-10-01 16:02:12.989,3.672
2026-10-01 16:02:14.023,3.712
2026-10-01 16:02:15.058,3.666
2026-10-01 16:02:16.100,3.666
2026-10-01 16:02:17.134,3.840
2026-10-01 16:02:18.171,3.873
2026-10-01 16:02:19.206,3.809
2026-10-01 16:02:20.250,3.828
2026-10-01 16:02:21.294,3.867
2026-10-01 16:02:22.320,3.890
2026-10-01 16:02:23.371,3.678
2026-10-01 16:02:24.415,3.660
2026-10-01 16:02:25.460,3.663
2026-10-01 16:02:26.504,3.668
2026-10-01 16:02:27.550,3.677
2026-10-01 16:02:28.594,3.910
2026-10-01 16:02:29.640,3.877
2026-10-01 16:02:30.676,3.872
2026-10-01 16:02:31.710,3.888
2026-10-01 16:02:32.746,4.801
2026-10-01 16:02:33.780,3.916
2026-10-01 16:02:34.820,3.696
2026-10-01 16:02:35.854,3.687
2026-10-01 16:02:36.891,3.703
2026-10-01 16:02:37.927,3.649
2026-10-01 16:02:38.961,3.869
2026-10-01 16:02:39.996,3.876
2026-10-01 16:02:41.040,3.888
2026-10-01 16:02:42.078,3.874
2026-10-01 16:02:43.114,3.881
2026-10-01 16:02:44.149,3.870
2026-10-01 16:02:45.183,3.684
2026-10-01 16:02:46.224,3.622
2026-10-01 16:02:47.257,3.674
2026-10-01 16:02:48.290,3.689
2026-10-01 16:02:49.324,3.666
2026-10-01 16:02:50.358,3.900
2026-10-01 16:02:51.393,3.840
2026-10-01 16:02:52.434,3.822
2026-10-01 16:02:53.460,4.022
2026-10-01 16:02:54.493,3.902
2026-10-01 16:02:55.528,3.868
2026-10-01 16:02:56.563,3.698
2026-10-01 16:02:57.604,3.676
2026-10-01 16:02:58.645,3.680
2026-10-01 16:02:59.680,3.683
2026-10-01 16:03:00.714,3.867
2026-10-01 16:03:01.747,3.869
2026-10-01 16:03:02.781,3.899
2026-10-01 16:03:03.823,3.857
2026-10-01 16:03:04.856,3.898
2026-10-01 16:03:05.889,3.878
2026-10-01 16:03:06.923,3.898
2026-10-01 16:03:07.956,3.661
2026-10-01 16:03:08.993,3.741
2026-10-01 16:03:10.029,3.659
2026-10-01 16:03:11.070,3.652
2026-10-01 16:03:12.105,3.860
2026-10-01 16:03:13.239,3.891
2026-10-01 16:03:14.374,3.873
2026-10-01 16:03:15.508,3.960
2026-10-01 16:03:16.541,3.943
2026-10-01 16:03:17.575,3.881
2026-10-01 16:03:18.610,3.686
2026-10-01 16:03:19.644,3.653
2026-10-01 16:03:20.677,3.696
2026-10-01 16:03:21.721,3.791
2026-10-01 16:03:22.764,3.867
2026-10-01 16:03:23.789,3.889
2026-10-01 16:03:24.834,3.824
2026-10-01 16:03:25.878,3.823
2026-10-01 16:03:26.925,3.835
2026-10-01 16:03:27.972,3.892
2026-10-01 16:03:29.024,3.694
2026-10-01 16:03:30.072,3.644
2026-10-01 16:03:31.117,3.666
2026-10-01 16:03:32.152,3.680
2026-10-01 16:03:33.186,3.850
2026-10-01 16:03:34.220,3.851
2026-10-01 16:03:35.254,3.893
2026-10-01 16:03:36.288,3.811
2026-10-01 16:03:37.322,3.903
2026-10-01 16:03:38.356,3.871
2026-10-01 16:03:39.395,3.904
2026-10-01 16:03:40.429,3.687
2026-10-01 16:03:41.467,3.662
2026-10-01 16:03:42.501,3.675
2026-10-01 16:03:43.535,3.693
2026-10-01 16:03:44.569,3.829
2026-10-01 16:03:45.602,3.937
2026-10-01 16:03:46.640,3.828
2026-10-01 16:03:47.673,3.856
2026-10-01 16:03:48.708,3.896
2026-10-01 16:03:49.745,3.910
2026-10-01 16:03:50.779,3.664
2026-10-01 16:03:51.813,3.673
2026-10-01 16:03:52.848,3.673
2026-10-01 16:03:53.883,3.806
2026-10-01 16:03:54.909,4.080
2026-10-01 16:03:55.945,3.899
2026-10-01 16:03:56.980,3.948
2026-10-01 16:03:58.015,3.833
2026-10-01 16:03:59.053,3.919
2026-10-01 16:04:00.089,3.856
2026-10-01 16:04:01.124,3.892
2026-10-01 16:04:02.159,3.662
2026-10-01 16:04:03.193,3.653
2026-10-01 16:04:04.228,3.675
2026-10-01 16:04:05.264,3.669
2026-10-01 16:04:06.299,3.847
2026-10-01 16:04:07.334,4.045
2026-10-01 16:04:08.370,3.851
2026-10-01 16:04:09.521,3.806
2026-10-01 16:04:10.647,3.911
2026-10-01 16:04:11.681,3.998
2026-10-01 16:04:12.714,3.675
2026-10-01 16:04:13.748,3.651
2026-10-01 16:04:14.782,3.659
2026-10-01 16:04:15.806,3.669
2026-10-01 16:04:16.840,3.878
2026-10-01 16:04:17.873,3.913
2026-10-01 16:04:18.907,3.873
2026-10-01 16:04:19.941,3.851
2026-10-01 16:04:20.966,3.951
2026-10-01 16:04:22.009,3.910
2026-10-01 16:04:23.051,4.014
2026-10-01 16:04:24.099,3.677
2026-10-01 16:04:25.142,3.695
2026-10-01 16:04:26.186,3.660
2026-10-01 16:04:27.229,3.686
2026-10-01 16:04:28.273,3.863
2026-10-01 16:04:29.317,3.913
2026-10-01 16:04:30.362,3.822
2026-10-01 16:04:31.398,3.824
2026-10-01 16:04:32.440,3.933
2026-10-01 16:04:33.474,3.886
2026-10-01 16:04:34.507,3.647
2026-10-01 16:04:35.532,3.684
2026-10-01 16:04:36.567,3.682
2026-10-01 16:04:37.602,3.655
2026-10-01 16:04:38.639,3.687
2026-10-01 16:04:39.678,3.891
2026-10-01 16:04:40.703,3.894
2026-10-01 16:04:41.737,3.821
2026-10-01 16:04:42.770,3.890
2026-10-01 16:04:43.804,3.872
2026-10-01 16:04:44.839,3.911
2026-10-01 16:04:45.873,3.650
2026-10-01 16:04:46.908,3.668
2026-10-01 16:04:48.043,3.671
2026-10-01 16:04:49.077,3.682
2026-10-01 16:04:50.119,3.862
2026-10-01 16:04:51.156,3.898
2026-10-01 16:04:52.191,3.836
2026-10-01 16:04:53.226,3.870
2026-10-01 16:04:54.260,3.889
2026-10-01 16:04:55.296,3.893
2026-10-01 16:04:56.330,3.657
2026-10-01 16:04:57.365,3.640
2026-10-01 16:04:58.398,3.654
2026-10-01 16:04:59.432,3.687
2026-10-01 16:05:00.467,3.627
2026-10-01 16:05:01.510,3.875
2026-10-01 16:05:02.544,3.880
2026-10-01 16:05:03.579,3.817
2026-10-01 16:05:04.613,3.888
2026-10-01 16:05:05.647,3.869
2026-10-01 16:05:06.684,4.069
2026-10-01 16:05:07.719,3.675
2026-10-01 16:05:08.754,3.629
2026-10-01 16:05:09.787,3.698
2026-10-01 16:05:10.922,3.673
2026-10-01 16:05:11.947,3.882
2026-10-01 16:05:12.984,3.906
2026-10-01 16:05:14.019,3.899
2026-10-01 16:05:15.054,3.888
2026-10-01 16:05:16.089,3.934
2026-10-01 16:05:17.124,3.875
2026-10-01 16:05:18.168,3.629
2026-10-01 16:05:19.211,3.679
2026-10-01 16:05:20.256,3.630
2026-10-01 16:05:21.299,3.650
2026-10-01 16:05:22.451,3.878
2026-10-01 16:05:23.495,4.648
2026-10-01 16:05:24.539,4.590
2026-10-01 16:05:25.583,3.915
2026-10-01 16:05:26.628,3.891
2026-10-01 16:05:27.673,3.946
2026-10-01 16:05:28.715,3.871
2026-10-01 16:05:29.756,3.698
2026-10-01 16:05:30.790,3.653
2026-10-01 16:05:31.825,3.620
2026-10-01 16:05:32.862,3.644
2026-10-01 16:05:33.896,3.887
2026-10-01 16:05:34.931,3.889
2026-10-01 16:05:35.965,3.875
2026-10-01 16:05:36.999,3.831
2026-10-01 16:05:38.034,3.876
2026-10-01 16:05:39.076,3.877
2026-10-01 16:05:40.116,3.702
2026-10-01 16:05:41.151,3.651
2026-10-01 16:05:42.177,3.684
2026-10-01 16:05:43.211,3.685
2026-10-01 16:05:44.246,4.799
2026-10-01 16:05:45.283,3.861
2026-10-01 16:05:46.317,3.871
2026-10-01 16:05:47.352,3.833
2026-10-01 16:05:48.386,3.883
2026-10-01 16:05:49.420,3.905
2026-10-01 16:05:50.453,3.889
2026-10-01 16:05:51.488,3.669
2026-10-01 16:05:52.523,3.664
2026-10-01 16:05:53.557,3.695
2026-10-01 16:05:54.592,3.672
2026-10-01 16:05:55.627,3.852
2026-10-01 16:05:56.661,3.875
2026-10-01 16:05:57.695,3.885
2026-10-01 16:05:58.729,3.834
2026-10-01 16:05:59.764,3.899
2026-10-01 16:06:00.805,3.882
2026-10-01 16:06:01.839,3.673
2026-10-01 16:06:02.876,3.665
2026-10-01 16:06:03.917,3.643
2026-10-01 16:06:04.952,3.649
2026-10-01 16:06:05.987,3.661
2026-10-01 16:06:07.022,3.902
2026-10-01 16:06:08.056,3.860
2026-10-01 16:06:09.090,3.827
2026-10-01 16:06:10.124,4.031
2026-10-01 16:06:11.159,3.909
2026-10-01 16:06:12.199,3.855
2026-10-01 16:06:13.224,3.669
2026-10-01 16:06:14.257,3.664
2026-10-01 16:06:15.290,3.792
2026-10-01 16:06:16.344,3.651
2026-10-01 16:06:17.389,3.848
2026-10-01 16:06:18.433,3.903
2026-10-01 16:06:19.487,3.895
2026-10-01 16:06:20.531,3.811
2026-10-01 16:06:21.574,3.870
2026-10-01 16:06:22.620,3.922
2026-10-01 16:06:23.666,3.673
2026-10-01 16:06:24.712,3.659
2026-10-01 16:06:25.756,3.652
2026-10-01 16:06:26.794,3.653
2026-10-01 16:06:27.828,3.652
2026-10-01 16:06:28.861,3.899
2026-10-01 16:06:29.895,3.882
2026-10-01 16:06:30.929,3.822
2026-10-01 16:06:31.964,3.852
2026-10-01 16:06:33.001,3.872
2026-10-01 16:06:34.026,3.885
2026-10-01 16:06:35.059,3.626
2026-10-01 16:06:36.093,3.675
2026-10-01 16:06:37.127,3.659
2026-10-01 16:06:38.160,3.659
2026-10-01 16:06:39.185,3.865
2026-10-01 16:06:40.226,3.881
2026-10-01 16:06:41.260,3.879
2026-10-01 16:06:42.294,3.842
2026-10-01 16:06:43.330,3.904
2026-10-01 16:06:44.355,3.920
2026-10-01 16:06:45.389,3.910
2026-10-01 16:06:46.423,3.649
2026-10-01 16:06:47.466,3.656
2026-10-01 16:06:48.500,3.691
2026-10-01 16:06:49.535,3.657
2026-10-01 16:06:50.570,3.892
2026-10-01 16:06:51.609,4.077
2026-10-01 16:06:52.644,4.026
2026-10-01 16:06:53.671,3.564
2026-10-01 16:06:54.708,4.163
2026-10-01 16:06:55.744,4.315
2026-10-01 16:06:56.781,3.917
2026-10-01 16:06:57.816,4.016
2026-10-01 16:06:58.843,3.815
2026-10-01 16:06:59.886,3.868
2026-10-01 16:07:00.921,4.054
2026-10-01 16:07:01.959,3.753
2026-10-01 16:07:02.995,4.263
2026-10-01 16:07:04.022,4.315
2026-10-01 16:07:05.057,4.046
2026-10-01 16:07:06.093,4.365
2026-10-01 16:07:07.128,4.006
2026-10-01 16:07:08.161,3.833
2026-10-01 16:07:09.188,4.246
2026-10-01 16:07:10.223,4.165
2026-10-01 16:07:11.259,3.960
2026-10-01 16:07:12.295,4.165
2026-10-01 16:07:13.331,3.730
2026-10-01 16:07:14.373,4.041
2026-10-01 16:07:15.408,4.100
2026-10-01 16:07:16.461,2.533
2026-10-01 16:07:17.520,2.490
2026-10-01 16:07:18.565,3.673
2026-10-01 16:07:19.609,3.704
2026-10-01 16:07:20.657,3.559
2026-10-01 16:07:21.701,3.526
2026-10-01 16:07:22.746,3.752
2026-10-01 16:07:23.793,3.785
2026-10-01 16:07:24.836,3.797
2026-10-01 16:07:25.889,3.757
2026-10-01 16:07:26.935,3.871
2026-10-01 16:07:27.975,3.684
2026-10-01 16:07:29.010,3.911
2026-10-01 16:07:30.052,3.438
2026-10-01 16:07:31.097,3.559
2026-10-01 16:07:32.133,3.577
2026-10-01 16:07:33.168,3.703
2026-10-01 16:07:34.201,2.685
2026-10-01 16:07:35.234,2.725
2026-10-01 16:07:36.271,3.415
2026-10-01 16:07:37.305,3.308
2026-10-01 16:07:38.339,3.895
2026-10-01 16:07:39.476,3.728
2026-10-01 16:07:40.501,3.845
2026-10-01 16:07:41.535,3.861
2026-10-01 16:07:42.577,4.023
2026-10-01 16:07:43.613,4.069
2026-10-01 16:07:44.640,4.198
2026-10-01 16:07:45.667,2.628
2026-10-01 16:07:46.710,2.506
2026-10-01 16:07:47.744,3.707
2026-10-01 16:07:48.771,2.582
2026-10-01 16:07:49.811,2.650
2026-10-01 16:07:50.840,3.254
2026-10-01 16:07:51.866,2.403
2026-10-01 16:07:52.892,2.482
2026-10-01 16:07:53.918,2.367
2026-10-01 16:07:54.954,2.386
2026-10-01 16:07:55.980,3.694
2026-10-01 16:07:57.006,2.585
2026-10-01 16:07:58.032,2.565
2026-10-01 16:07:59.061,2.610
2026-10-01 16:08:00.099,2.556
2026-10-01 16:08:01.125,2.525
2026-10-01 16:08:02.154,2.347
2026-10-01 16:08:03.180,2.342
2026-10-01 16:08:04.214,2.352
2026-10-01 16:08:05.240,2.373
2026-10-01 16:08:06.266,2.575
2026-10-01 16:08:07.294,2.639
2026-10-01 16:08:08.323,2.616
2026-10-01 16:08:09.357,2.602
2026-10-01 16:08:10.383,2.732
2026-10-01 16:08:11.409,2.617
2026-10-01 16:08:12.437,2.657
2026-10-01 16:08:13.463,2.364
2026-10-01 16:08:14.497,2.308
2026-10-01 16:08:15.523,2.350
2026-10-01 16:08:16.551,2.525
2026-10-01 16:08:17.577,2.577
2026-10-01 16:08:18.603,2.501
2026-10-01 16:08:19.647,2.620
2026-10-01 16:08:20.675,2.578
2026-10-01 16:08:21.701,2.628
2026-10-01 16:08:22.727,2.537
2026-10-01 16:08:23.753,2.312
2026-10-01 16:08:24.797,2.390
2026-10-01 16:08:25.823,2.361
2026-10-01 16:08:26.851,2.365
2026-10-01 16:08:27.877,2.523
2026-10-01 16:08:28.903,2.492
2026-10-01 16:08:29.938,2.739
2026-10-01 16:08:30.964,2.552
2026-10-01 16:08:31.990,2.614
2026-10-01 16:08:33.016,2.657
2026-10-01 16:08:34.042,2.571
2026-10-01 16:08:35.076,2.267
2026-10-01 16:08:36.102,2.399
2026-10-01 16:08:37.128,2.420
2026-10-01 16:08:38.154,2.490
2026-10-01 16:08:39.180,2.539
2026-10-01 16:08:40.214,2.569
2026-10-01 16:08:41.242,2.582
2026-10-01 16:08:42.268,2.523
2026-10-01 16:08:43.295,2.734
2026-10-01 16:08:44.321,2.489
2026-10-01 16:08:45.356,2.538
2026-10-01 16:08:46.383,2.382
2026-10-01 16:08:47.410,2.400
2026-10-01 16:08:48.437,2.718
2026-10-01 16:08:49.464,2.349
2026-10-01 16:08:50.500,2.669
2026-10-01 16:08:51.526,2.623
2026-10-01 16:08:52.553,3.117
2026-10-01 16:08:53.578,2.521
2026-10-01 16:08:54.604,2.628
2026-10-01 16:08:55.639,2.480
2026-10-01 16:08:56.673,2.299
2026-10-01 16:08:57.699,2.360
2026-10-01 16:08:58.725,2.393
2026-10-01 16:08:59.751,2.300
2026-10-01 16:09:00.777,2.405
2026-10-01 16:09:01.820,2.554
2026-10-01 16:09:02.847,3.026
2026-10-01 16:09:03.875,2.535
2026-10-01 16:09:04.904,2.709
2026-10-01 16:09:05.930,2.532
2026-10-01 16:09:06.967,2.633
2026-10-01 16:09:07.993,2.337
2026-10-01 16:09:09.019,2.423
2026-10-01 16:09:10.047,2.326
2026-10-01 16:09:11.073,2.406
2026-10-01 16:09:12.109,3.416
2026-10-01 16:09:13.137,2.645
2026-10-01 16:09:14.164,2.564
2026-10-01 16:09:15.191,2.501
2026-10-01 16:09:16.216,2.590
2026-10-01 16:09:17.242,2.666
2026-10-01 16:09:18.269,2.605
2026-10-01 16:09:19.296,2.323
2026-10-01 16:09:20.323,2.337
2026-10-01 16:09:21.368,2.292
2026-10-01 16:09:22.413,2.302
2026-10-01 16:09:23.457,2.581
2026-10-01 16:09:24.484,2.840
2026-10-01 16:09:25.511,3.223
2026-10-01 16:09:26.538,2.690
2026-10-01 16:09:27.565,2.688
2026-10-01 16:09:28.614,2.513
2026-10-01 16:09:29.659,2.357
2026-10-01 16:09:30.686,2.425
2026-10-01 16:09:31.713,2.407
2026-10-01 16:09:32.740,2.392
2026-10-01 16:09:33.776,2.560
2026-10-01 16:09:34.815,2.546
2026-10-01 16:09:35.843,2.577
2026-10-01 16:09:36.871,2.498
2026-10-01 16:09:37.899,3.084
2026-10-01 16:09:38.926,2.640
2026-10-01 16:09:39.960,2.530
2026-10-01 16:09:40.988,2.374
2026-10-01 16:09:42.014,2.376
2026-10-01 16:09:43.041,2.542
2026-10-01 16:09:44.066,2.331
2026-10-01 16:09:45.101,3.133
2026-10-01 16:09:46.127,2.681
2026-10-01 16:09:47.153,2.580
2026-10-01 16:09:48.179,2.543
2026-10-01 16:09:49.205,2.480
2026-10-01 16:09:50.243,2.544
2026-10-01 16:09:51.269,2.452
2026-10-01 16:09:52.295,2.306
2026-10-01 16:09:53.322,2.319
2026-10-01 16:09:54.349,2.355
2026-10-01 16:09:55.376,2.288
2026-10-01 16:09:56.411,2.541
2026-10-01 16:09:57.438,2.595
2026-10-01 16:09:58.464,2.443
2026-10-01 16:09:59.490,2.596
2026-10-01 16:10:00.516,2.732
2026-10-01 16:10:01.550,2.503
2026-10-01 16:10:02.577,2.445
2026-10-01 16:10:03.603,2.377
2026-10-01 16:10:04.629,2.426
2026-10-01 16:10:05.655,2.367
2026-10-01 16:10:06.690,2.576
2026-10-01 16:10:07.715,2.703
2026-10-01 16:10:08.741,2.589
2026-10-01 16:10:09.768,2.457
2026-10-01 16:10:10.793,2.628
2026-10-01 16:10:11.830,2.554
2026-10-01 16:10:12.857,4.204
2026-10-01 16:10:13.892,3.584
2026-10-01 16:10:14.930,3.351
2026-10-01 16:10:15.967,3.479
2026-10-01 16:10:17.006,3.406
2026-10-01 16:10:18.035,3.500
2026-10-01 16:10:19.080,3.595
2026-10-01 16:10:20.138,4.154
2026-10-01 16:10:21.185,3.602
2026-10-01 16:10:22.235,3.553
2026-10-01 16:10:23.262,3.574
2026-10-01 16:10:24.309,3.433
2026-10-01 16:10:25.366,4.030
2026-10-01 16:10:26.411,3.907
2026-10-01 16:10:27.456,3.887
2026-10-01 16:10:28.483,4.082
2026-10-01 16:10:29.528,4.013
2026-10-01 16:10:30.573,4.036
2026-10-01 16:10:31.608,4.004
2026-10-01 16:10:32.643,4.116
2026-10-01 16:10:33.672,3.650
2026-10-01 16:10:34.717,3.652
2026-10-01 16:10:35.755,3.362
2026-10-01 16:10:36.794,3.443
2026-10-01 16:10:37.832,3.720
2026-10-01 16:10:38.861,3.297
2026-10-01 16:10:39.905,3.576
2026-10-01 16:10:40.944,3.684
2026-10-01 16:10:41.987,3.550
2026-10-01 16:10:43.025,3.494
2026-10-01 16:10:44.062,3.596
2026-10-01 16:10:45.097,4.113
2026-10-01 16:10:46.132,3.784
2026-10-01 16:10:47.174,3.813
2026-10-01 16:10:48.209,3.858
2026-10-01 16:10:49.300,3.751
2026-10-01 16:10:50.340,5.005
2026-10-01 16:10:51.381,6.078
2026-10-01 16:10:52.417,4.415
2026-10-01 16:10:53.452,4.128
2026-10-01 16:10:54.480,4.280
2026-10-01 16:10:55.515,3.418
2026-10-01 16:10:56.548,5.040
2026-10-01 16:10:57.589,2.974
2026-10-01 16:10:58.631,3.767
2026-10-01 16:10:59.665,3.843
2026-10-01 16:11:00.712,3.717
2026-10-01 16:11:01.752,4.406
2026-10-01 16:11:02.800,3.967
2026-10-01 16:11:03.845,4.300
2026-10-01 16:11:04.875,4.084
2026-10-01 16:11:05.927,4.350
2026-10-01 16:11:06.967,4.019
2026-10-01 16:11:08.014,3.871
2026-10-01 16:11:09.056,3.813
2026-10-01 16:11:10.088,4.165
2026-10-01 16:11:11.131,3.865
2026-10-01 16:11:12.173,5.918
2026-10-01 16:11:13.211,4.200
2026-10-01 16:11:14.252,4.001
2026-10-01 16:11:15.294,4.566
2026-10-01 16:11:16.331,4.748
2026-10-01 16:11:17.366,5.068
2026-10-01 16:11:18.401,5.081
2026-10-01 16:11:19.427,4.147
2026-10-01 16:11:20.484,3.628
2026-10-01 16:11:21.530,2.954
2026-10-01 16:11:22.573,3.141
2026-10-01 16:11:23.617,3.928
2026-10-01 16:11:24.642,3.559
2026-10-01 16:11:25.688,3.476
2026-10-01 16:11:26.733,3.467
2026-10-01 16:11:27.777,3.916
2026-10-01 16:11:28.825,3.447
2026-10-01 16:11:29.870,4.006
2026-10-01 16:11:30.906,2.243
2026-10-01 16:11:31.942,2.249
